order_id,customer_id,order_date,status
1,150,2025-10-09,shipped
2,485,2025-09-15,shipped
3,432,2025-09-29,completed
4,530,2026-05-19,completed
5,805,2025-12-09,completed
6,576,2025-11-06,pending
7,408,2025-07-25,completed
8,62,2025-09-22,completed
9,488,2025-11-08,shipped
10,461,2025-08-19,shipped
11,370,2025-11-11,completed
12,955,2026-04-12,shipped
13,21,2025-12-24,completed
14,889,2025-12-27,completed
15,204,2026-05-07,completed
16,665,2026-05-29,completed
17,364,2025-11-23,completed
18,500,2026-03-19,shipped
19,911,2026-02-14,completed
20,294,2026-05-11,completed
21,890,2025-09-13,completed
22,432,2025-12-20,completed
23,415,2026-04-19,shipped
24,82,2025-08-06,completed
25,322,2025-10-25,completed
26,728,2025-11-27,completed
27,405,2026-05-27,completed
28,800,2026-02-13,pending
29,766,2026-01-02,completed
30,424,2026-02-16,completed
31,129,2025-07-12,shipped
32,258,2026-06-04,pending
33,768,2026-06-24,completed
34,407,2025-09-24,completed
35,960,2025-08-02,pending
36,56,2026-04-07,completed
37,537,2026-01-20,shipped
38,107,2025-08-12,completed
39,87,2025-09-18,completed
40,317,2026-01-16,completed
41,454,2025-11-23,completed
42,540,2025-09-06,shipped
43,36,2025-07-15,completed
44,885,2025-12-14,completed
45,958,2026-04-03,completed
46,139,2026-02-13,cancelled
47,553,2026-06-23,completed
48,468,2026-05-02,completed
49,899,2026-05-22,completed
50,656,2026-03-26,completed
51,931,2025-12-06,completed
52,233,2026-04-03,shipped
53,316,2026-02-12,completed
54,160,2025-11-11,completed
55,536,2025-07-01,shipped
56,353,2025-09-08,completed
57,9,2026-03-31,completed
58,970,2026-03-09,shipped
59,10,2025-12-01,shipped
60,612,2025-11-27,completed
61,562,2025-07-04,completed
62,904,2026-01-27,completed
63,256,2026-01-19,completed
64,400,2026-05-27,shipped
65,270,2025-10-21,completed
66,246,2026-05-17,completed
67,827,2026-05-10,completed
68,292,2025-11-17,completed
69,829,2026-03-30,completed
70,874,2025-10-05,completed
71,297,2025-09-08,completed
72,633,2026-02-19,completed
73,638,2026-06-24,completed
74,20,2025-12-12,completed
75,23,2026-03-31,completed
76,289,2025-08-22,completed
77,745,2026-02-10,completed
78,155,2025-08-16,completed
79,351,2025-10-20,completed
80,381,2026-03-13,completed
81,339,2025-07-17,completed
82,58,2025-09-13,completed
83,74,2026-01-17,completed
84,197,2025-10-01,pending
85,837,2025-11-06,completed
86,125,2025-07-07,cancelled
87,395,2025-11-05,shipped
88,254,2026-02-12,shipped
89,204,2025-07-18,completed
90,534,2025-08-18,completed
91,485,2025-10-15,completed
92,959,2025-12-07,completed
93,746,2026-05-19,completed
94,534,2026-04-08,completed
95,654,2026-03-04,completed
96,909,2026-01-01,completed
97,224,2026-06-07,cancelled
98,649,2025-10-29,completed
99,172,2025-07-08,shipped
100,123,2026-04-26,completed
101,10,2025-11-02,cancelled
102,803,2026-04-24,completed
103,611,2026-06-18,completed
104,255,2025-08-15,completed
105,703,2025-08-16,completed
106,62,2026-05-17,completed
107,158,2026-05-27,shipped
108,129,2025-08-24,completed
109,572,2025-12-10,shipped
110,825,2025-12-25,pending
111,22,2025-10-07,completed
112,742,2025-12-31,completed
113,497,2025-07-21,shipped
114,302,2026-04-13,completed
115,195,2026-03-08,completed
116,357,2026-04-05,completed
117,282,2026-02-25,pending
118,937,2026-05-03,pending
119,71,2025-09-21,completed
120,303,2026-02-16,shipped
121,376,2026-04-04,completed
122,519,2026-05-23,completed
123,905,2025-10-03,completed
124,795,2026-01-03,completed
125,739,2025-12-12,completed
126,839,2026-04-02,completed
127,700,2026-03-26,completed
128,158,2026-04-09,completed
129,420,2025-12-13,completed
130,99,2025-08-26,completed
131,45,2025-08-04,shipped
132,183,2025-09-05,pending
133,110,2025-10-12,completed
134,33,2025-08-20,completed
135,674,2026-01-15,completed
136,719,2026-05-16,completed
137,376,2025-07-26,completed
138,14,2025-08-06,pending
139,672,2025-10-15,completed
140,480,2025-08-10,shipped
141,370,2025-08-01,completed
142,842,2026-01-29,completed
143,60,2026-06-28,shipped
144,542,2025-11-14,completed
145,855,2025-08-06,completed
146,984,2025-10-19,completed
147,743,2025-08-21,completed
148,195,2026-01-14,completed
149,255,2026-06-02,completed
150,572,2025-09-30,shipped
151,765,2026-01-29,completed
152,591,2026-05-23,completed
153,720,2026-02-20,completed
154,171,2025-08-23,shipped
155,412,2026-04-08,completed
156,162,2026-06-02,completed
157,454,2026-05-04,pending
158,564,2025-12-09,cancelled
159,866,2025-12-14,completed
160,441,2026-05-21,shipped
161,624,2025-12-13,completed
162,220,2026-04-06,completed
163,949,2026-04-08,shipped
164,985,2026-01-01,completed
165,1,2026-01-20,shipped
166,611,2025-11-23,completed
167,912,2025-09-08,completed
168,228,2025-12-01,completed
169,23,2025-12-09,shipped
170,843,2026-06-19,completed
171,524,2026-04-10,completed
172,159,2026-04-19,completed
173,365,2026-02-21,completed
174,376,2025-11-13,pending
175,239,2025-11-05,completed
176,95,2025-12-01,completed
177,940,2026-04-18,completed
178,741,2025-08-09,completed
179,178,2026-03-05,completed
180,720,2026-06-19,completed
181,610,2025-08-18,completed
182,749,2025-07-20,shipped
183,81,2026-01-12,shipped
184,357,2025-12-19,pending
185,427,2026-02-08,pending
186,891,2025-08-31,shipped
187,870,2026-05-31,completed
188,650,2025-07-06,shipped
189,56,2026-01-12,completed
190,327,2025-07-22,completed
191,335,2025-09-15,completed
192,157,2025-10-22,completed
193,995,2026-01-18,completed
194,590,2026-05-01,completed
195,443,2025-10-22,completed
196,152,2026-01-18,completed
197,488,2025-08-12,completed
198,562,2025-07-26,completed
199,409,2025-08-13,completed
200,134,2026-06-23,shipped
201,573,2026-03-04,completed
202,668,2026-01-19,completed
203,631,2026-04-14,cancelled
204,253,2026-03-26,completed
205,796,2025-11-14,completed
206,947,2026-06-16,completed
207,688,2025-08-27,completed
208,357,2026-01-04,completed
209,609,2025-12-24,completed
210,174,2025-12-04,cancelled
211,842,2026-05-12,cancelled
212,639,2026-02-12,completed
213,947,2025-07-23,shipped
214,702,2025-10-11,completed
215,116,2025-08-13,shipped
216,972,2025-11-02,completed
217,890,2025-09-14,shipped
218,15,2025-11-25,completed
219,313,2025-08-26,completed
220,340,2025-07-12,completed
221,217,2026-04-02,completed
222,769,2026-03-25,completed
223,638,2026-03-05,shipped
224,712,2025-09-11,completed
225,386,2025-07-10,completed
226,540,2026-06-05,completed
227,62,2025-09-26,completed
228,633,2026-06-22,completed
229,671,2026-02-24,pending
230,398,2025-08-04,completed
231,873,2026-06-05,pending
232,886,2026-01-01,completed
233,889,2025-11-27,pending
234,237,2026-01-14,cancelled
235,727,2026-03-18,completed
236,497,2025-12-09,pending
237,91,2026-03-30,completed
238,990,2026-03-14,completed
239,23,2026-06-30,completed
240,313,2026-03-29,completed
241,763,2026-01-18,completed
242,701,2025-12-25,completed
243,310,2026-05-17,completed
244,283,2026-03-14,shipped
245,264,2026-05-17,pending
246,967,2025-07-16,completed
247,231,2025-11-21,completed
248,673,2026-01-18,completed
249,534,2026-01-12,cancelled
250,894,2026-05-10,completed
251,428,2025-10-25,completed
252,437,2025-09-17,cancelled
253,338,2026-05-06,completed
254,212,2025-09-06,completed
255,555,2026-04-24,completed
256,884,2025-10-12,completed
257,723,2026-06-18,pending
258,441,2025-09-08,cancelled
259,672,2025-09-13,pending
260,326,2025-09-19,completed
261,972,2026-03-30,shipped
262,326,2025-10-03,shipped
263,745,2025-09-13,completed
264,902,2025-12-11,cancelled
265,311,2026-01-27,completed
266,956,2026-05-23,shipped
267,798,2025-09-16,completed
268,190,2025-09-06,completed
269,632,2026-05-10,completed
270,628,2026-04-17,completed
271,237,2025-10-27,completed
272,82,2025-12-31,completed
273,138,2026-03-02,completed
274,481,2026-05-06,shipped
275,189,2026-01-08,pending
276,486,2026-03-09,completed
277,232,2025-10-07,completed
278,948,2025-07-08,completed
279,228,2026-01-28,shipped
280,776,2025-10-12,completed
281,950,2025-09-29,cancelled
282,888,2026-02-10,completed
283,333,2026-06-18,pending
284,438,2025-11-04,completed
285,623,2025-07-22,shipped
286,738,2026-01-11,completed
287,962,2026-05-10,shipped
288,550,2026-05-01,completed
289,806,2026-06-26,completed
290,463,2025-08-25,completed
291,899,2025-07-22,cancelled
292,551,2026-03-23,completed
293,572,2025-07-21,completed
294,986,2026-05-19,completed
295,451,2025-11-27,completed
296,793,2025-12-03,shipped
297,171,2026-02-22,completed
298,942,2026-05-10,completed
299,926,2026-03-22,completed
300,463,2026-05-27,completed
301,116,2026-03-14,completed
302,961,2026-04-26,pending
303,139,2026-04-06,completed
304,462,2025-12-13,completed
305,605,2026-02-18,pending
306,904,2025-10-12,completed
307,332,2025-11-06,completed
308,816,2026-06-30,completed
309,94,2025-09-02,completed
310,650,2026-02-16,completed
311,725,2026-03-26,completed
312,627,2026-03-19,pending
313,564,2026-01-10,completed
314,935,2025-09-26,completed
315,884,2026-06-03,completed
316,184,2025-09-13,shipped
317,430,2025-07-27,completed
318,296,2026-02-14,completed
319,921,2025-08-30,completed
320,4,2025-10-12,completed
321,13,2025-11-07,completed
322,557,2026-03-13,shipped
323,904,2026-05-08,completed
324,603,2025-10-20,completed
325,420,2026-02-18,completed
326,615,2026-05-04,completed
327,285,2026-04-07,completed
328,840,2026-04-12,shipped
329,190,2025-07-26,completed
330,358,2026-05-31,completed
331,684,2025-07-17,completed
332,306,2026-05-05,completed
333,51,2025-08-14,completed
334,166,2025-09-30,completed
335,677,2026-05-09,completed
336,587,2026-05-01,shipped
337,990,2025-09-29,completed
338,369,2026-04-23,pending
339,787,2025-08-17,completed
340,920,2026-01-05,completed
341,777,2025-08-04,completed
342,67,2026-04-08,completed
343,125,2025-09-07,completed
344,338,2025-11-18,completed
345,215,2026-03-26,completed
346,60,2026-05-10,completed
347,542,2026-05-19,cancelled
348,742,2026-03-05,completed
349,295,2026-06-27,completed
350,266,2025-12-10,completed
351,363,2026-05-16,pending
352,577,2026-05-11,completed
353,510,2026-05-20,completed
354,905,2025-10-01,completed
355,298,2026-06-28,cancelled
356,122,2025-07-01,completed
357,816,2026-05-17,completed
358,819,2025-10-15,completed
359,424,2026-01-29,completed
360,574,2025-12-27,shipped
361,12,2025-10-17,completed
362,289,2026-06-19,completed
363,316,2025-08-04,completed
364,332,2026-04-08,shipped
365,703,2025-08-28,completed
366,742,2026-01-19,completed
367,853,2025-07-15,completed
368,854,2025-12-17,completed
369,491,2026-06-10,pending
370,662,2025-07-19,completed
371,643,2025-09-18,completed
372,918,2026-04-01,completed
373,951,2026-01-28,shipped
374,307,2026-03-24,completed
375,324,2026-06-13,completed
376,214,2025-07-10,completed
377,819,2025-12-17,pending
378,68,2025-12-29,cancelled
379,861,2025-11-21,completed
380,642,2026-01-09,completed
381,585,2025-09-23,completed
382,610,2025-10-04,completed
383,723,2025-12-05,pending
384,33,2026-06-29,completed
385,509,2025-08-14,pending
386,463,2026-01-07,shipped
387,222,2025-12-02,completed
388,115,2025-09-28,completed
389,797,2025-07-20,completed
390,455,2025-08-17,completed
391,927,2026-03-05,completed
392,349,2025-10-06,pending
393,318,2026-03-26,shipped
394,788,2025-09-12,pending
395,693,2026-03-22,cancelled
396,742,2025-10-14,completed
397,731,2026-01-15,pending
398,5,2025-08-29,completed
399,704,2025-07-23,shipped
400,342,2025-08-14,completed
401,106,2025-07-24,completed
402,764,2026-06-03,completed
403,777,2026-04-22,completed
404,329,2025-10-16,completed
405,284,2025-11-24,completed
406,688,2026-02-11,completed
407,162,2025-09-15,completed
408,982,2025-07-08,completed
409,105,2026-03-21,completed
410,563,2025-12-27,completed
411,966,2025-09-11,shipped
412,588,2025-11-23,completed
413,319,2025-08-06,completed
414,554,2025-12-21,completed
415,30,2025-09-05,completed
416,52,2026-06-11,completed
417,89,2025-07-28,completed
418,722,2025-09-30,completed
419,645,2026-04-30,shipped
420,457,2026-06-24,completed
421,341,2025-12-07,shipped
422,829,2026-06-09,completed
423,582,2026-02-24,completed
424,480,2026-06-23,completed
425,701,2025-12-06,completed
426,482,2026-02-24,completed
427,148,2025-10-23,pending
428,265,2026-05-12,pending
429,188,2026-01-17,completed
430,339,2026-06-06,shipped
431,465,2025-12-14,completed
432,487,2025-08-03,completed
433,473,2026-03-03,shipped
434,787,2025-11-22,completed
435,131,2026-04-21,completed
436,838,2026-01-24,shipped
437,334,2025-08-24,completed
438,812,2025-08-06,completed
439,411,2026-02-22,completed
440,636,2025-10-31,completed
441,998,2025-09-20,completed
442,349,2025-08-03,completed
443,606,2026-06-21,completed
444,581,2026-02-08,shipped
445,711,2026-04-05,completed
446,686,2026-06-05,completed
447,588,2026-06-30,shipped
448,607,2025-08-28,completed
449,569,2025-12-14,completed
450,181,2026-02-13,completed
451,72,2026-01-24,completed
452,834,2026-06-16,completed
453,336,2026-01-11,completed
454,63,2026-06-04,completed
455,909,2025-09-10,completed
456,830,2026-05-22,completed
457,677,2025-09-14,completed
458,299,2026-03-30,completed
459,458,2026-04-22,completed
460,899,2026-06-14,completed
461,814,2026-04-18,pending
462,941,2025-12-03,pending
463,736,2026-02-08,cancelled
464,92,2025-12-24,completed
465,523,2026-05-10,completed
466,873,2025-09-04,completed
467,923,2026-01-06,completed
468,1,2025-07-28,shipped
469,113,2025-12-31,pending
470,241,2025-07-16,completed
471,404,2026-04-29,completed
472,392,2026-06-30,completed
473,559,2026-02-08,completed
474,487,2025-09-27,completed
475,394,2026-04-11,shipped
476,861,2026-01-01,completed
477,894,2025-11-25,completed
478,12,2025-09-07,completed
479,148,2025-07-09,shipped
480,674,2026-03-07,completed
481,87,2025-09-08,completed
482,881,2026-01-29,completed
483,619,2026-06-22,pending
484,185,2026-05-16,completed
485,566,2026-02-03,shipped
486,364,2026-01-13,completed
487,620,2026-02-03,completed
488,868,2026-03-13,shipped
489,514,2026-06-30,completed
490,591,2026-04-06,completed
491,582,2025-07-20,completed
492,116,2026-01-05,completed
493,82,2026-06-19,completed
494,880,2026-03-27,cancelled
495,477,2025-11-21,completed
496,912,2026-03-25,completed
497,484,2025-11-03,completed
498,984,2026-06-05,completed
499,649,2026-06-16,completed
500,320,2026-04-23,completed
501,548,2025-12-23,shipped
502,465,2026-02-26,completed
503,588,2026-02-26,shipped
504,362,2026-02-01,cancelled
505,297,2025-11-28,completed
506,946,2026-06-21,completed
507,745,2025-12-03,shipped
508,63,2025-11-11,completed
509,174,2026-04-23,completed
510,299,2026-06-02,shipped
511,28,2026-05-16,completed
512,130,2025-08-12,completed
513,259,2025-11-20,completed
514,282,2025-11-21,pending
515,760,2025-07-08,completed
516,932,2025-09-28,completed
517,675,2025-09-16,completed
518,268,2025-09-28,shipped
519,497,2025-10-29,completed
520,883,2026-03-28,completed
521,991,2025-08-13,completed
522,858,2025-09-17,completed
523,789,2026-01-28,completed
524,451,2026-06-04,shipped
525,216,2025-09-24,completed
526,56,2025-12-24,completed
527,54,2025-08-29,completed
528,488,2026-01-21,completed
529,240,2026-03-30,completed
530,400,2026-06-27,completed
531,544,2025-09-13,pending
532,296,2025-07-07,pending
533,392,2026-02-15,completed
534,700,2026-03-29,cancelled
535,940,2025-08-19,completed
536,980,2025-12-29,shipped
537,941,2026-05-09,completed
538,344,2025-11-17,completed
539,262,2025-08-20,completed
540,473,2026-01-17,shipped
541,752,2025-11-01,completed
542,533,2025-10-08,completed
543,185,2026-06-19,completed
544,689,2025-07-06,completed
545,13,2025-08-04,completed
546,107,2026-03-26,completed
547,225,2025-12-27,shipped
548,198,2025-11-06,completed
549,95,2026-05-14,completed
550,673,2026-05-01,pending
551,974,2025-10-20,completed
552,726,2025-09-01,cancelled
553,877,2025-08-14,completed
554,673,2026-01-09,shipped
555,580,2026-05-28,shipped
556,918,2025-10-03,completed
557,260,2025-10-03,completed
558,959,2026-06-04,completed
559,945,2026-02-18,cancelled
560,709,2026-02-04,pending
561,264,2025-12-13,completed
562,284,2025-08-07,shipped
563,398,2026-01-12,completed
564,265,2025-07-31,cancelled
565,183,2025-11-13,completed
566,951,2026-03-09,completed
567,183,2026-01-18,completed
568,148,2025-08-25,completed
569,224,2026-02-06,completed
570,935,2025-08-24,completed
571,106,2025-11-10,completed
572,586,2025-08-06,shipped
573,20,2026-02-14,pending
574,669,2025-09-15,completed
575,681,2025-07-20,completed
576,717,2025-09-16,completed
577,589,2026-01-17,completed
578,963,2026-06-28,shipped
579,447,2026-03-02,completed
580,554,2025-08-05,completed
581,978,2026-01-13,completed
582,125,2026-03-04,completed
583,342,2025-12-31,completed
584,57,2026-01-22,completed
585,93,2026-05-28,completed
586,83,2025-12-22,shipped
587,664,2025-11-26,completed
588,41,2026-04-10,cancelled
589,196,2026-06-04,completed
590,918,2026-01-16,completed
591,368,2026-06-18,completed
592,449,2026-05-20,shipped
593,37,2025-09-10,completed
594,245,2026-04-30,completed
595,812,2025-08-02,completed
596,512,2025-12-05,completed
597,990,2026-02-16,cancelled
598,348,2025-07-19,completed
599,416,2025-07-22,completed
600,684,2026-05-31,completed
601,892,2026-06-13,pending
602,759,2025-09-15,completed
603,38,2025-08-06,shipped
604,670,2026-03-08,completed
605,47,2026-05-13,completed
606,134,2026-05-29,completed
607,52,2026-05-20,pending
608,468,2025-08-19,completed
609,66,2026-04-29,shipped
610,117,2025-08-24,completed
611,226,2026-05-12,completed
612,437,2025-10-12,completed
613,412,2026-06-13,completed
614,590,2026-06-16,completed
615,857,2025-12-12,cancelled
616,783,2025-10-18,completed
617,344,2025-09-27,completed
618,145,2025-11-18,shipped
619,714,2025-09-25,completed
620,450,2025-09-23,completed
621,42,2026-04-24,completed
622,628,2026-05-20,completed
623,17,2025-09-19,pending
624,7,2025-08-11,completed
625,724,2025-08-15,completed
626,427,2025-11-23,completed
627,709,2026-03-01,completed
628,656,2025-09-12,completed
629,422,2026-02-16,completed
630,626,2025-09-28,completed
631,185,2026-05-02,shipped
632,974,2026-05-10,completed
633,357,2025-12-02,completed
634,242,2026-04-12,completed
635,98,2026-03-29,completed
636,520,2026-04-03,completed
637,676,2026-05-17,completed
638,199,2025-07-28,completed
639,702,2025-09-15,shipped
640,510,2026-02-28,completed
641,945,2026-06-09,completed
642,373,2026-05-27,completed
643,258,2026-02-08,completed
644,45,2026-02-18,completed
645,948,2025-07-27,completed
646,805,2025-09-19,completed
647,119,2026-03-21,completed
648,739,2025-10-29,completed
649,334,2026-04-23,completed
650,920,2026-06-12,completed
651,334,2025-08-26,completed
652,756,2025-10-30,completed
653,385,2025-10-11,pending
654,483,2025-08-07,completed
655,912,2025-07-28,completed
656,951,2025-10-19,completed
657,397,2025-09-30,completed
658,738,2026-02-20,completed
659,999,2025-12-31,completed
660,131,2025-12-19,completed
661,62,2026-04-18,completed
662,873,2025-08-26,completed
663,176,2026-01-31,shipped
664,908,2025-10-21,completed
665,809,2025-09-19,shipped
666,928,2026-05-10,completed
667,876,2026-04-10,completed
668,878,2026-01-27,completed
669,606,2025-10-19,completed
670,286,2026-02-22,completed
671,754,2026-02-05,pending
672,336,2025-11-04,completed
673,914,2025-10-22,pending
674,936,2025-09-15,completed
675,428,2025-07-03,cancelled
676,482,2025-07-21,shipped
677,35,2026-03-16,completed
678,491,2026-01-18,shipped
679,842,2026-06-22,completed
680,247,2026-03-11,completed
681,710,2025-07-07,shipped
682,136,2025-10-20,completed
683,664,2025-10-31,cancelled
684,492,2025-07-09,completed
685,721,2025-09-21,completed
686,766,2026-04-19,completed
687,475,2026-02-18,shipped
688,416,2026-06-26,completed
689,642,2026-01-06,completed
690,2,2026-05-21,pending
691,395,2025-08-06,pending
692,544,2025-12-18,completed
693,771,2026-02-04,completed
694,556,2026-05-10,completed
695,807,2025-10-15,completed
696,902,2026-05-14,completed
697,528,2025-07-29,pending
698,373,2026-06-11,pending
699,393,2025-08-26,completed
700,42,2026-05-13,completed
701,664,2025-09-28,completed
702,575,2025-08-04,shipped
703,142,2025-10-13,cancelled
704,553,2025-10-31,completed
705,756,2026-03-02,pending
706,893,2026-04-24,cancelled
707,772,2025-10-16,shipped
708,329,2025-10-24,completed
709,516,2025-11-14,completed
710,56,2025-11-19,completed
711,464,2025-12-24,completed
712,850,2026-03-27,completed
713,545,2026-06-29,completed
714,922,2026-03-30,completed
715,377,2026-05-14,shipped
716,829,2026-06-20,cancelled
717,193,2025-08-03,pending
718,90,2026-02-20,completed
719,296,2025-09-30,cancelled
720,112,2025-08-09,completed
721,714,2025-08-27,completed
722,896,2025-09-16,completed
723,24,2026-05-18,completed
724,555,2026-06-15,pending
725,356,2026-02-28,completed
726,22,2026-05-27,completed
727,23,2025-08-02,pending
728,855,2025-10-27,pending
729,344,2026-05-27,completed
730,672,2025-12-23,completed
731,498,2025-12-15,completed
732,543,2026-06-22,shipped
733,469,2026-02-13,completed
734,920,2025-09-06,shipped
735,809,2025-09-26,completed
736,381,2026-03-05,cancelled
737,152,2025-07-25,completed
738,980,2026-02-19,completed
739,729,2025-09-21,completed
740,997,2025-10-02,completed
741,710,2026-06-28,pending
742,166,2025-09-17,completed
743,325,2025-07-22,completed
744,267,2026-02-11,completed
745,576,2025-10-14,shipped
746,325,2026-06-06,cancelled
747,382,2025-09-14,completed
748,547,2025-09-22,completed
749,415,2025-07-13,pending
750,971,2025-09-13,completed
751,160,2025-12-11,completed
752,1000,2026-04-06,completed
753,723,2026-05-28,completed
754,993,2025-11-26,pending
755,683,2026-04-20,completed
756,747,2026-04-16,pending
757,347,2026-02-12,completed
758,922,2026-03-03,completed
759,565,2026-06-13,completed
760,412,2025-07-13,completed
761,457,2025-10-21,completed
762,57,2025-12-15,completed
763,598,2025-10-08,completed
764,201,2025-11-20,completed
765,870,2026-04-02,completed
766,981,2026-06-09,completed
767,404,2026-03-20,completed
768,618,2025-12-10,completed
769,931,2025-07-29,completed
770,152,2026-01-20,shipped
771,379,2026-02-04,completed
772,292,2025-07-07,completed
773,457,2025-12-05,pending
774,221,2025-08-14,shipped
775,760,2026-02-13,cancelled
776,296,2026-02-12,completed
777,747,2026-02-03,pending
778,856,2025-09-10,completed
779,148,2025-08-14,completed
780,889,2026-03-01,completed
781,68,2025-12-19,pending
782,775,2026-04-29,completed
783,420,2025-07-04,completed
784,425,2025-11-17,completed
785,728,2026-02-22,completed
786,205,2025-09-09,completed
787,297,2026-01-12,completed
788,843,2025-07-22,shipped
789,312,2026-04-26,completed
790,230,2026-02-23,completed
791,158,2025-07-02,completed
792,855,2026-05-24,completed
793,670,2025-09-02,completed
794,428,2025-11-25,completed
795,661,2026-06-18,completed
796,784,2025-08-31,completed
797,614,2025-08-04,shipped
798,493,2026-04-24,completed
799,644,2025-11-10,completed
800,838,2026-06-21,completed
801,751,2026-03-20,completed
802,167,2025-11-10,completed
803,328,2025-09-13,completed
804,139,2026-06-20,completed
805,280,2025-07-28,completed
806,934,2026-05-22,cancelled
807,297,2025-07-25,completed
808,959,2026-05-24,completed
809,785,2025-10-08,completed
810,614,2025-08-18,shipped
811,331,2026-04-05,pending
812,820,2026-06-16,completed
813,715,2026-06-16,completed
814,548,2025-08-19,completed
815,14,2025-09-12,completed
816,382,2025-11-22,shipped
817,349,2026-01-27,pending
818,105,2025-09-22,completed
819,227,2026-03-15,shipped
820,629,2026-04-13,completed
821,867,2026-03-27,completed
822,720,2026-04-09,shipped
823,428,2025-08-28,completed
824,120,2025-08-09,shipped
825,492,2025-07-09,completed
826,372,2026-06-19,completed
827,912,2026-02-12,cancelled
828,782,2026-03-25,cancelled
829,727,2025-09-27,completed
830,228,2025-08-30,completed
831,146,2026-06-21,completed
832,129,2025-12-05,completed
833,436,2025-08-10,completed
834,80,2025-08-27,completed
835,776,2026-03-05,completed
836,111,2025-10-09,completed
837,526,2026-06-03,completed
838,122,2026-02-26,pending
839,68,2025-07-23,completed
840,773,2025-07-06,completed
841,943,2025-09-02,completed
842,923,2026-04-27,completed
843,360,2026-06-09,completed
844,867,2025-09-13,shipped
845,972,2025-11-20,completed
846,165,2025-12-28,pending
847,248,2026-05-10,completed
848,102,2025-08-04,shipped
849,542,2025-07-08,completed
850,988,2025-10-07,completed
851,5,2026-04-02,cancelled
852,947,2025-08-20,completed
853,872,2026-03-16,shipped
854,715,2026-01-04,completed
855,690,2026-02-11,cancelled
856,855,2025-10-01,completed
857,435,2026-01-11,completed
858,418,2025-10-25,completed
859,127,2025-12-08,completed
860,140,2026-03-24,completed
861,722,2026-01-01,completed
862,85,2025-07-21,completed
863,395,2025-08-29,completed
864,754,2026-05-04,completed
865,232,2026-02-13,completed
866,876,2025-11-26,completed
867,917,2025-08-05,shipped
868,962,2026-03-01,completed
869,14,2025-09-30,cancelled
870,689,2026-03-09,completed
871,536,2026-02-10,completed
872,123,2025-08-13,completed
873,712,2026-01-22,completed
874,760,2025-08-22,pending
875,67,2025-09-25,completed
876,347,2025-10-10,completed
877,126,2026-01-23,completed
878,743,2026-02-03,completed
879,608,2026-04-24,completed
880,966,2026-05-26,completed
881,683,2026-03-01,completed
882,497,2026-01-24,completed
883,787,2025-09-14,completed
884,257,2025-09-01,completed
885,644,2025-10-27,pending
886,102,2025-07-16,shipped
887,511,2025-08-04,completed
888,392,2025-09-30,completed
889,157,2025-12-15,completed
890,99,2026-05-16,shipped
891,770,2026-06-04,completed
892,812,2026-03-10,completed
893,678,2025-11-28,completed
894,268,2026-03-16,completed
895,560,2026-04-03,completed
896,441,2025-07-17,pending
897,393,2025-08-30,completed
898,454,2026-01-09,completed
899,182,2025-07-17,completed
900,906,2025-12-03,shipped
901,442,2026-03-09,completed
902,500,2026-01-16,shipped
903,692,2026-04-18,completed
904,702,2026-04-10,completed
905,488,2026-02-26,completed
906,519,2025-09-19,completed
907,507,2025-11-12,completed
908,632,2026-01-10,completed
909,329,2025-11-23,completed
910,47,2026-04-29,completed
911,358,2026-01-04,shipped
912,28,2026-04-25,shipped
913,350,2026-05-17,completed
914,354,2026-02-05,cancelled
915,360,2026-01-27,completed
916,254,2025-11-03,completed
917,607,2025-12-07,completed
918,68,2026-06-18,pending
919,346,2025-08-28,completed
920,334,2026-04-02,completed
921,885,2026-06-02,completed
922,924,2026-03-21,completed
923,713,2025-07-11,completed
924,325,2025-07-12,completed
925,331,2026-01-16,completed
926,103,2026-03-08,completed
927,345,2025-10-14,completed
928,348,2026-06-07,completed
929,373,2025-12-01,cancelled
930,509,2025-10-12,completed
931,861,2025-08-08,pending
932,295,2025-10-18,completed
933,588,2025-11-30,completed
934,640,2025-10-24,shipped
935,735,2025-08-17,shipped
936,607,2025-08-18,completed
937,581,2025-08-04,shipped
938,438,2026-03-01,completed
939,668,2025-08-09,shipped
940,824,2026-03-16,completed
941,553,2026-06-05,completed
942,412,2026-01-29,completed
943,465,2026-03-21,completed
944,185,2026-04-07,pending
945,721,2026-05-18,completed
946,591,2025-10-04,completed
947,986,2026-06-04,shipped
948,275,2026-02-25,pending
949,829,2026-03-30,completed
950,958,2026-02-08,completed
951,62,2026-05-17,completed
952,474,2026-01-03,completed
953,765,2025-09-16,completed
954,865,2025-12-01,completed
955,881,2025-12-11,shipped
956,650,2025-08-02,completed
957,274,2026-01-28,shipped
958,165,2026-05-27,completed
959,242,2026-05-04,completed
960,154,2025-08-28,completed
961,817,2025-11-03,shipped
962,498,2026-02-23,completed
963,433,2026-02-09,completed
964,207,2025-07-19,completed
965,30,2025-09-08,completed
966,675,2025-11-20,completed
967,873,2026-05-26,completed
968,802,2026-03-06,completed
969,322,2025-08-12,completed
970,923,2025-08-02,cancelled
971,688,2026-01-03,completed
972,407,2025-08-16,pending
973,242,2025-09-10,completed
974,956,2026-03-14,completed
975,849,2026-06-06,completed
976,258,2026-03-26,completed
977,244,2025-08-16,completed
978,338,2025-12-08,shipped
979,826,2026-01-16,shipped
980,958,2025-10-29,completed
981,110,2025-09-12,completed
982,451,2025-11-18,completed
983,58,2026-04-28,completed
984,717,2026-01-08,pending
985,559,2025-12-10,completed
986,253,2026-06-15,cancelled
987,372,2025-09-13,completed
988,842,2026-01-05,completed
989,991,2026-05-27,pending
990,862,2025-07-18,shipped
991,708,2025-07-28,pending
992,246,2026-06-09,completed
993,317,2026-01-13,completed
994,372,2026-06-24,pending
995,125,2026-06-16,completed
996,879,2025-10-30,completed
997,932,2025-07-05,cancelled
998,309,2025-11-08,completed
999,305,2025-10-29,completed
1000,938,2025-09-21,completed
1001,901,2025-12-10,shipped
1002,417,2026-05-26,shipped
1003,888,2025-11-18,completed
1004,483,2026-03-09,shipped
1005,735,2025-12-18,completed
1006,845,2025-08-21,completed
1007,519,2025-11-11,completed
1008,617,2026-02-01,shipped
1009,756,2026-04-07,completed
1010,29,2026-06-21,shipped
1011,657,2026-05-25,completed
1012,811,2026-02-13,completed
1013,411,2025-07-02,completed
1014,322,2025-12-04,completed
1015,162,2025-08-26,completed
1016,782,2026-05-29,completed
1017,703,2026-05-01,completed
1018,463,2025-12-11,completed
1019,267,2025-09-07,completed
1020,847,2026-04-30,completed
1021,204,2025-11-22,completed
1022,187,2026-01-05,completed
1023,968,2026-01-10,shipped
1024,230,2026-04-19,completed
1025,946,2025-07-12,completed
1026,642,2026-05-10,completed
1027,998,2025-08-15,completed
1028,719,2025-11-12,pending
1029,411,2025-07-26,completed
1030,267,2026-05-04,completed
1031,175,2026-01-05,pending
1032,15,2025-08-30,shipped
1033,792,2026-02-08,pending
1034,848,2026-02-18,completed
1035,230,2025-08-30,shipped
1036,969,2025-10-06,pending
1037,295,2025-11-14,shipped
1038,134,2026-01-12,completed
1039,615,2025-10-14,completed
1040,745,2025-11-22,completed
1041,185,2026-01-31,completed
1042,30,2025-09-13,completed
1043,242,2025-11-12,completed
1044,379,2025-11-05,completed
1045,470,2026-05-28,completed
1046,137,2026-02-26,pending
1047,408,2026-06-20,completed
1048,726,2026-01-13,completed
1049,263,2026-05-02,completed
1050,61,2026-04-12,completed
1051,483,2025-10-29,pending
1052,962,2026-05-07,completed
1053,727,2026-05-03,shipped
1054,6,2025-07-24,completed
1055,391,2026-05-14,completed
1056,688,2026-01-19,completed
1057,43,2026-04-13,completed
1058,174,2025-11-11,completed
1059,899,2025-12-21,completed
1060,325,2025-08-15,shipped
1061,146,2026-02-07,completed
1062,46,2025-12-08,cancelled
1063,893,2026-03-13,cancelled
1064,766,2025-11-21,completed
1065,290,2026-02-06,pending
1066,628,2025-11-12,shipped
1067,530,2025-11-13,completed
1068,324,2025-09-23,shipped
1069,783,2026-03-09,cancelled
1070,874,2026-04-11,pending
1071,818,2026-05-22,completed
1072,153,2025-10-05,completed
1073,37,2025-10-02,completed
1074,723,2025-09-22,completed
1075,917,2025-08-29,pending
1076,453,2025-07-21,completed
1077,575,2026-06-29,completed
1078,116,2026-03-10,shipped
1079,127,2025-09-14,completed
1080,890,2025-10-13,completed
1081,768,2025-09-25,completed
1082,577,2025-11-17,pending
1083,218,2026-04-26,completed
1084,539,2025-07-03,shipped
1085,427,2025-10-01,pending
1086,787,2025-11-04,completed
1087,909,2025-08-18,completed
1088,698,2025-11-23,cancelled
1089,404,2025-09-01,completed
1090,858,2025-08-24,completed
1091,84,2025-07-15,completed
1092,676,2026-06-28,completed
1093,979,2026-05-18,completed
1094,6,2026-06-02,completed
1095,672,2025-07-23,completed
1096,333,2026-02-17,pending
1097,133,2026-04-18,completed
1098,821,2025-07-25,completed
1099,818,2025-12-13,completed
1100,561,2025-08-06,cancelled
1101,95,2026-01-12,completed
1102,246,2025-09-30,cancelled
1103,92,2026-01-21,completed
1104,167,2025-10-15,completed
1105,292,2026-01-23,completed
1106,158,2026-05-31,completed
1107,821,2026-03-09,completed
1108,926,2025-12-06,completed
1109,368,2025-09-06,completed
1110,525,2026-01-05,completed
1111,907,2026-02-14,completed
1112,577,2025-11-15,completed
1113,775,2025-08-16,completed
1114,629,2026-01-05,completed
1115,437,2026-05-19,completed
1116,350,2026-03-20,cancelled
1117,230,2026-06-12,completed
1118,954,2025-09-18,completed
1119,663,2026-05-19,completed
1120,480,2025-11-26,completed
1121,308,2026-03-02,completed
1122,701,2025-09-04,pending
1123,536,2025-11-05,completed
1124,49,2026-04-18,completed
1125,526,2025-07-24,completed
1126,423,2026-02-03,completed
1127,738,2026-06-04,completed
1128,364,2025-11-07,completed
1129,788,2025-08-11,completed
1130,759,2025-08-28,completed
1131,806,2025-09-30,completed
1132,47,2026-01-18,completed
1133,305,2026-06-26,completed
1134,776,2026-02-18,completed
1135,828,2026-05-16,completed
1136,217,2025-10-04,completed
1137,266,2026-05-06,pending
1138,445,2025-08-24,completed
1139,405,2025-07-03,completed
1140,672,2025-09-26,completed
1141,415,2026-06-20,pending
1142,744,2026-05-05,completed
1143,833,2026-05-13,cancelled
1144,708,2026-01-01,completed
1145,692,2026-06-19,completed
1146,90,2025-12-02,completed
1147,196,2025-07-08,completed
1148,713,2025-07-09,cancelled
1149,215,2025-07-14,completed
1150,666,2025-09-13,completed
1151,879,2026-05-17,shipped
1152,89,2025-10-06,completed
1153,152,2026-02-23,completed
1154,120,2025-07-12,completed
1155,757,2025-09-17,shipped
1156,483,2026-03-06,completed
1157,600,2026-02-16,completed
1158,584,2025-11-28,shipped
1159,53,2026-01-17,completed
1160,646,2025-08-22,shipped
1161,426,2026-02-07,shipped
1162,611,2026-04-23,shipped
1163,38,2025-11-26,completed
1164,526,2026-03-06,completed
1165,958,2026-05-10,completed
1166,238,2026-03-07,shipped
1167,20,2026-03-28,completed
1168,567,2025-12-09,completed
1169,428,2026-05-28,pending
1170,507,2025-08-29,completed
1171,356,2026-05-27,completed
1172,22,2026-02-09,completed
1173,481,2025-10-07,completed
1174,520,2025-10-27,completed
1175,348,2026-06-16,pending
1176,480,2026-06-02,completed
1177,741,2025-11-28,shipped
1178,854,2026-01-30,pending
1179,753,2026-05-31,completed
1180,819,2026-02-27,cancelled
1181,637,2025-09-21,completed
1182,768,2026-06-19,completed
1183,133,2026-03-05,completed
1184,621,2025-09-19,completed
1185,966,2026-01-29,cancelled
1186,241,2025-12-03,completed
1187,19,2025-07-25,completed
1188,366,2025-11-11,completed
1189,848,2025-09-28,pending
1190,33,2026-03-15,shipped
1191,441,2025-12-20,completed
1192,124,2025-10-25,completed
1193,265,2026-03-07,cancelled
1194,788,2025-12-29,completed
1195,274,2026-04-12,pending
1196,895,2026-06-19,completed
1197,107,2026-06-08,shipped
1198,819,2026-02-10,completed
1199,999,2025-08-26,completed
1200,625,2026-05-09,shipped
1201,844,2025-08-22,completed
1202,108,2026-03-17,completed
1203,892,2025-08-30,completed
1204,161,2026-01-02,shipped
1205,453,2026-06-28,shipped
1206,751,2026-03-13,pending
1207,663,2025-09-17,completed
1208,126,2025-09-09,shipped
1209,993,2026-02-10,completed
1210,252,2025-07-04,shipped
1211,350,2026-02-28,completed
1212,88,2025-09-26,completed
1213,370,2026-01-29,completed
1214,156,2025-11-03,shipped
1215,432,2026-03-29,shipped
1216,822,2025-09-09,completed
1217,920,2026-01-26,completed
1218,814,2026-03-22,completed
1219,454,2025-07-16,completed
1220,735,2025-07-06,shipped
1221,87,2025-08-05,completed
1222,791,2026-01-22,completed
1223,403,2025-08-01,shipped
1224,945,2026-06-04,completed
1225,60,2026-04-21,cancelled
1226,897,2026-06-04,completed
1227,430,2025-11-29,completed
1228,718,2026-06-14,completed
1229,739,2025-12-03,shipped
1230,9,2025-12-24,shipped
1231,626,2026-03-28,pending
1232,414,2026-06-24,completed
1233,909,2025-10-14,completed
1234,668,2026-05-13,completed
1235,909,2025-12-24,shipped
1236,415,2026-05-29,shipped
1237,87,2025-12-02,completed
1238,400,2025-12-19,shipped
1239,533,2025-09-03,cancelled
1240,219,2025-11-23,completed
1241,320,2026-04-09,completed
1242,164,2026-05-22,completed
1243,607,2026-04-03,completed
1244,744,2025-12-03,completed
1245,114,2026-03-16,shipped
1246,266,2026-01-07,completed
1247,127,2025-12-29,completed
1248,964,2026-05-30,completed
1249,587,2025-11-30,shipped
1250,348,2026-02-18,cancelled
1251,580,2026-04-24,shipped
1252,682,2026-05-18,completed
1253,240,2026-05-01,completed
1254,683,2025-11-23,shipped
1255,689,2026-04-20,completed
1256,533,2026-01-10,shipped
1257,336,2025-08-23,completed
1258,843,2025-10-07,shipped
1259,101,2026-02-18,completed
1260,849,2026-02-03,completed
1261,64,2025-08-17,completed
1262,488,2025-09-05,completed
1263,379,2025-08-09,completed
1264,603,2026-01-23,completed
1265,893,2026-01-19,completed
1266,652,2026-03-13,completed
1267,706,2026-02-11,pending
1268,750,2026-03-08,cancelled
1269,148,2025-09-22,completed
1270,729,2026-03-06,completed
1271,526,2026-06-26,pending
1272,712,2025-08-30,completed
1273,34,2026-02-28,shipped
1274,379,2026-04-13,pending
1275,617,2025-08-30,pending
1276,124,2025-08-26,completed
1277,42,2025-11-26,completed
1278,381,2025-08-30,completed
1279,311,2026-01-08,completed
1280,811,2025-07-15,completed
1281,432,2026-04-28,completed
1282,911,2025-12-04,completed
1283,839,2025-10-02,shipped
1284,126,2025-07-02,completed
1285,892,2025-08-04,completed
1286,587,2026-03-04,completed
1287,922,2026-02-17,completed
1288,487,2026-01-10,shipped
1289,136,2026-05-07,shipped
1290,652,2026-03-16,completed
1291,684,2026-02-16,completed
1292,92,2025-12-14,shipped
1293,639,2026-06-06,completed
1294,922,2025-10-28,completed
1295,47,2026-04-03,cancelled
1296,754,2026-02-12,completed
1297,887,2025-08-15,completed
1298,586,2025-07-13,completed
1299,317,2026-06-28,completed
1300,660,2025-09-02,completed
1301,979,2025-10-07,completed
1302,776,2026-04-22,completed
1303,535,2026-04-18,completed
1304,515,2026-03-01,pending
1305,675,2025-08-31,pending
1306,986,2025-10-01,completed
1307,252,2025-10-14,shipped
1308,455,2026-04-23,completed
1309,622,2026-03-31,completed
1310,47,2026-04-28,completed
1311,349,2025-07-12,completed
1312,25,2026-01-29,pending
1313,392,2025-12-10,completed
1314,102,2025-08-28,completed
1315,148,2025-11-24,completed
1316,158,2025-08-15,completed
1317,695,2026-01-25,completed
1318,985,2026-05-11,completed
1319,731,2025-07-14,completed
1320,102,2026-01-16,completed
1321,915,2026-01-28,completed
1322,965,2026-01-09,shipped
1323,54,2025-08-31,completed
1324,601,2026-05-02,completed
1325,771,2026-03-18,completed
1326,276,2025-08-28,completed
1327,567,2026-02-23,completed
1328,30,2026-03-05,completed
1329,936,2025-10-28,pending
1330,568,2025-11-15,cancelled
1331,104,2026-06-11,completed
1332,668,2026-04-11,shipped
1333,582,2025-12-03,completed
1334,867,2025-08-12,completed
1335,802,2025-10-13,cancelled
1336,554,2026-01-08,cancelled
1337,551,2025-11-03,cancelled
1338,463,2026-04-11,completed
1339,985,2026-02-23,shipped
1340,669,2025-11-26,cancelled
1341,62,2025-07-01,pending
1342,280,2026-03-04,completed
1343,390,2026-06-14,cancelled
1344,218,2026-05-20,completed
1345,289,2026-03-19,completed
1346,577,2026-03-31,completed
1347,405,2025-08-15,completed
1348,743,2025-09-10,completed
1349,900,2025-11-21,completed
1350,517,2026-05-09,cancelled
1351,906,2025-12-10,completed
1352,651,2025-12-23,completed
1353,464,2026-06-28,completed
1354,330,2026-06-05,completed
1355,983,2026-02-21,completed
1356,936,2025-07-09,completed
1357,945,2026-05-27,completed
1358,5,2026-03-01,pending
1359,178,2026-06-10,completed
1360,721,2026-06-22,completed
1361,552,2026-01-18,completed
1362,667,2026-05-29,completed
1363,914,2025-07-16,shipped
1364,456,2026-06-09,completed
1365,996,2025-12-28,shipped
1366,367,2026-05-04,completed
1367,9,2026-06-22,completed
1368,959,2026-01-06,completed
1369,227,2025-07-05,shipped
1370,697,2025-11-21,pending
1371,197,2025-12-31,completed
1372,641,2026-05-11,completed
1373,240,2025-10-22,cancelled
1374,38,2026-01-02,completed
1375,724,2026-06-26,completed
1376,201,2025-07-04,cancelled
1377,406,2026-05-23,completed
1378,583,2025-11-20,completed
1379,566,2025-09-26,completed
1380,689,2026-04-16,completed
1381,180,2026-04-16,completed
1382,764,2025-09-04,completed
1383,956,2025-11-10,completed
1384,903,2025-10-25,completed
1385,197,2025-11-18,shipped
1386,994,2025-07-12,completed
1387,630,2026-03-30,completed
1388,905,2026-04-13,completed
1389,657,2026-02-04,completed
1390,54,2026-05-29,pending
1391,443,2025-12-13,shipped
1392,281,2026-01-25,completed
1393,478,2026-03-23,completed
1394,778,2026-03-22,completed
1395,49,2025-10-23,completed
1396,546,2026-02-01,completed
1397,402,2025-07-03,completed
1398,902,2025-08-11,completed
1399,756,2025-07-13,completed
1400,434,2026-06-19,cancelled
1401,202,2025-11-05,completed
1402,65,2025-12-07,completed
1403,29,2025-08-19,completed
1404,607,2025-07-13,shipped
1405,861,2025-12-19,completed
1406,485,2025-08-25,completed
1407,853,2025-12-22,completed
1408,533,2025-12-18,shipped
1409,795,2025-08-07,completed
1410,783,2026-02-10,completed
1411,593,2026-02-14,completed
1412,939,2025-08-01,completed
1413,912,2025-12-08,shipped
1414,802,2025-08-03,completed
1415,57,2026-02-12,completed
1416,443,2026-05-17,completed
1417,58,2026-06-12,completed
1418,871,2025-11-28,completed
1419,633,2025-08-19,shipped
1420,886,2025-10-28,completed
1421,639,2026-06-03,completed
1422,476,2026-01-13,shipped
1423,635,2026-05-14,completed
1424,961,2026-05-30,completed
1425,465,2025-07-14,completed
1426,198,2026-04-27,completed
1427,610,2025-07-07,shipped
1428,809,2026-04-30,shipped
1429,130,2026-04-20,completed
1430,364,2025-11-09,completed
1431,456,2026-05-14,completed
1432,817,2025-09-09,completed
1433,320,2025-09-04,completed
1434,983,2026-03-20,completed
1435,319,2025-12-31,completed
1436,795,2026-04-04,completed
1437,317,2026-02-26,completed
1438,378,2025-11-27,cancelled
1439,601,2026-03-23,completed
1440,59,2025-09-13,completed
1441,880,2026-04-13,completed
1442,201,2025-12-24,cancelled
1443,931,2026-05-24,completed
1444,350,2025-08-05,completed
1445,712,2026-03-01,completed
1446,615,2026-02-25,completed
1447,580,2026-04-23,cancelled
1448,307,2026-05-12,completed
1449,108,2025-09-22,completed
1450,508,2025-07-22,completed
1451,655,2025-07-02,completed
1452,478,2025-10-26,completed
1453,493,2025-10-31,shipped
1454,827,2025-12-17,shipped
1455,410,2025-10-14,completed
1456,372,2025-07-04,completed
1457,31,2025-12-31,completed
1458,298,2025-09-11,completed
1459,600,2026-05-20,pending
1460,45,2026-01-01,cancelled
1461,203,2025-10-10,completed
1462,907,2025-10-21,completed
1463,348,2025-09-28,shipped
1464,183,2025-11-03,completed
1465,864,2025-09-29,completed
1466,22,2025-08-21,shipped
1467,389,2025-09-09,completed
1468,347,2025-08-26,pending
1469,468,2025-12-04,completed
1470,677,2026-01-07,completed
1471,819,2026-03-27,cancelled
1472,900,2026-02-08,shipped
1473,148,2025-08-30,pending
1474,814,2025-09-05,completed
1475,388,2026-03-30,completed
1476,614,2025-12-10,completed
1477,251,2026-05-22,pending
1478,602,2026-05-12,completed
1479,302,2026-04-01,shipped
1480,254,2025-12-15,completed
1481,894,2025-11-21,completed
1482,992,2026-03-18,completed
1483,215,2026-03-08,shipped
1484,810,2026-02-26,completed
1485,172,2025-08-03,completed
1486,770,2026-05-27,completed
1487,532,2026-03-13,completed
1488,730,2025-12-12,completed
1489,495,2026-06-21,shipped
1490,486,2026-03-11,completed
1491,654,2026-01-22,pending
1492,666,2026-04-25,completed
1493,917,2025-10-21,completed
1494,406,2025-10-29,completed
1495,911,2026-02-03,completed
1496,958,2025-09-19,shipped
1497,564,2025-11-08,completed
1498,303,2025-08-13,completed
1499,236,2025-12-28,completed
1500,525,2026-02-24,completed
1501,462,2026-02-04,completed
1502,377,2026-01-26,shipped
1503,280,2025-12-10,completed
1504,453,2025-09-30,completed
1505,78,2026-05-27,completed
1506,302,2025-08-12,shipped
1507,560,2026-03-20,completed
1508,949,2025-11-19,completed
1509,74,2025-08-30,completed
1510,206,2026-04-06,completed
1511,338,2026-06-11,completed
1512,866,2026-06-15,completed
1513,619,2026-06-27,cancelled
1514,935,2026-04-05,completed
1515,289,2025-12-01,shipped
1516,969,2026-01-23,completed
1517,776,2026-04-23,completed
1518,670,2026-02-27,completed
1519,887,2025-09-15,completed
1520,741,2025-10-25,shipped
1521,240,2026-02-28,completed
1522,776,2026-04-09,completed
1523,349,2026-02-22,shipped
1524,867,2025-12-08,completed
1525,428,2026-06-23,completed
1526,874,2026-02-16,completed
1527,143,2026-01-08,completed
1528,313,2025-09-04,pending
1529,512,2025-07-05,shipped
1530,348,2025-12-29,completed
1531,703,2026-02-03,shipped
1532,551,2026-06-19,completed
1533,24,2026-04-27,completed
1534,945,2025-07-17,completed
1535,582,2025-12-17,completed
1536,936,2026-05-05,completed
1537,391,2026-01-17,completed
1538,66,2026-01-17,completed
1539,487,2025-10-05,completed
1540,986,2026-04-18,completed
1541,96,2025-12-03,completed
1542,567,2026-06-11,completed
1543,618,2026-06-18,completed
1544,204,2025-10-04,completed
1545,291,2026-01-14,completed
1546,676,2025-11-27,completed
1547,59,2026-02-18,completed
1548,176,2025-07-06,completed
1549,401,2026-01-27,completed
1550,133,2025-08-26,completed
1551,761,2026-03-02,completed
1552,134,2025-10-14,pending
1553,443,2025-12-06,shipped
1554,487,2026-06-06,completed
1555,962,2026-04-21,completed
1556,515,2025-10-12,shipped
1557,283,2026-02-20,completed
1558,457,2025-09-12,completed
1559,620,2026-01-21,shipped
1560,337,2026-03-27,pending
1561,472,2026-03-09,completed
1562,755,2025-07-21,completed
1563,903,2026-05-27,pending
1564,718,2025-12-25,shipped
1565,401,2025-11-30,completed
1566,426,2025-09-28,completed
1567,751,2026-05-13,completed
1568,933,2026-01-13,completed
1569,583,2026-06-23,completed
1570,969,2026-06-23,completed
1571,281,2025-09-19,pending
1572,299,2026-04-02,completed
1573,715,2025-08-04,shipped
1574,931,2025-10-20,completed
1575,125,2026-04-10,cancelled
1576,774,2025-08-09,completed
1577,420,2025-12-14,completed
1578,213,2025-11-07,completed
1579,28,2026-02-22,completed
1580,692,2026-06-21,shipped
1581,352,2026-01-12,shipped
1582,407,2025-10-08,completed
1583,118,2025-11-06,shipped
1584,335,2025-09-08,completed
1585,497,2026-02-23,completed
1586,562,2025-08-12,completed
1587,144,2026-02-10,completed
1588,862,2025-11-20,completed
1589,622,2025-07-10,completed
1590,128,2025-11-28,completed
1591,173,2026-01-17,completed
1592,694,2025-07-06,completed
1593,367,2026-02-11,completed
1594,915,2025-07-18,completed
1595,453,2025-10-19,completed
1596,831,2026-05-22,completed
1597,734,2026-06-05,completed
1598,400,2025-08-22,completed
1599,54,2026-02-13,completed
1600,791,2025-07-25,completed
1601,952,2025-10-12,completed
1602,205,2025-10-31,completed
1603,29,2026-02-01,cancelled
1604,841,2025-12-20,completed
1605,65,2026-06-08,completed
1606,817,2025-08-19,shipped
1607,172,2026-06-06,shipped
1608,426,2025-07-23,completed
1609,331,2025-12-15,completed
1610,640,2025-10-06,completed
1611,405,2026-04-04,pending
1612,238,2025-08-31,completed
1613,332,2025-12-30,completed
1614,670,2026-01-22,completed
1615,218,2026-01-16,completed
1616,674,2025-08-03,shipped
1617,639,2026-05-29,completed
1618,907,2025-08-04,completed
1619,786,2025-12-02,completed
1620,730,2025-08-22,completed
1621,176,2026-04-18,completed
1622,615,2025-08-18,completed
1623,714,2026-05-20,completed
1624,137,2026-06-21,completed
1625,780,2026-05-22,pending
1626,872,2025-12-10,completed
1627,344,2025-08-04,completed
1628,460,2026-04-26,completed
1629,760,2026-05-24,completed
1630,722,2026-04-27,cancelled
1631,22,2025-10-28,completed
1632,317,2025-09-02,completed
1633,776,2026-02-05,completed
1634,62,2025-08-10,completed
1635,304,2026-03-13,completed
1636,210,2026-01-09,completed
1637,946,2025-10-30,shipped
1638,757,2026-02-13,pending
1639,285,2025-09-07,completed
1640,534,2025-07-21,shipped
1641,664,2026-01-29,shipped
1642,235,2025-07-13,shipped
1643,351,2025-12-17,completed
1644,56,2026-04-03,pending
1645,255,2026-06-06,shipped
1646,737,2026-06-22,completed
1647,534,2026-01-12,completed
1648,645,2026-02-12,completed
1649,72,2026-03-09,cancelled
1650,650,2025-07-27,cancelled
1651,129,2025-10-13,completed
1652,563,2026-04-30,shipped
1653,242,2025-10-13,completed
1654,743,2026-02-04,completed
1655,739,2025-09-23,completed
1656,181,2026-02-03,completed
1657,293,2025-12-03,completed
1658,207,2026-05-22,completed
1659,82,2026-03-04,cancelled
1660,408,2026-01-01,completed
1661,452,2026-02-27,completed
1662,753,2026-05-09,completed
1663,840,2025-09-18,cancelled
1664,21,2026-03-04,shipped
1665,875,2026-02-04,completed
1666,610,2025-12-01,completed
1667,745,2026-04-10,completed
1668,475,2026-01-11,completed
1669,385,2025-11-23,completed
1670,74,2026-03-04,completed
1671,201,2026-02-26,completed
1672,5,2025-10-06,completed
1673,748,2026-03-14,shipped
1674,415,2026-03-09,pending
1675,994,2026-01-19,shipped
1676,502,2026-01-13,completed
1677,73,2026-04-28,completed
1678,944,2025-07-20,completed
1679,167,2026-04-16,completed
1680,981,2026-02-09,completed
1681,522,2025-12-26,shipped
1682,706,2026-05-22,completed
1683,667,2025-07-30,completed
1684,754,2026-02-03,completed
1685,36,2026-03-02,pending
1686,647,2026-01-02,shipped
1687,715,2025-07-15,completed
1688,268,2025-09-14,completed
1689,151,2026-06-14,completed
1690,593,2026-05-05,cancelled
1691,13,2025-09-21,completed
1692,660,2025-08-17,shipped
1693,408,2026-01-13,shipped
1694,531,2025-08-11,pending
1695,170,2026-02-02,shipped
1696,709,2025-11-07,completed
1697,675,2026-03-30,pending
1698,316,2026-04-27,shipped
1699,112,2025-08-15,completed
1700,834,2025-12-24,completed
1701,953,2025-10-16,shipped
1702,316,2026-06-23,completed
1703,836,2025-09-25,completed
1704,72,2025-08-19,shipped
1705,538,2026-01-30,completed
1706,751,2025-11-25,completed
1707,384,2025-09-29,completed
1708,203,2025-09-07,completed
1709,972,2026-03-15,completed
1710,834,2026-04-17,completed
1711,61,2025-10-11,shipped
1712,266,2025-10-07,cancelled
1713,452,2026-01-26,completed
1714,112,2026-05-16,pending
1715,82,2025-09-24,completed
1716,128,2026-01-10,completed
1717,31,2025-12-23,completed
1718,497,2026-03-02,completed
1719,10,2025-08-21,completed
1720,682,2025-07-04,completed
1721,100,2025-07-22,completed
1722,385,2025-07-04,completed
1723,955,2025-11-14,completed
1724,619,2025-12-20,completed
1725,699,2026-01-06,pending
1726,837,2025-12-09,completed
1727,682,2026-01-01,completed
1728,59,2026-05-09,cancelled
1729,826,2025-12-17,completed
1730,892,2026-02-19,completed
1731,27,2025-09-10,completed
1732,287,2026-03-29,cancelled
1733,378,2025-11-05,completed
1734,675,2026-06-17,pending
1735,424,2026-03-21,completed
1736,654,2025-07-02,cancelled
1737,18,2025-12-12,completed
1738,993,2025-07-24,shipped
1739,695,2025-12-14,completed
1740,497,2026-05-07,completed
1741,814,2026-05-10,completed
1742,962,2026-02-05,pending
1743,675,2026-03-01,pending
1744,752,2025-08-21,completed
1745,200,2026-05-07,shipped
1746,898,2026-03-24,completed
1747,33,2026-03-16,completed
1748,309,2025-08-14,shipped
1749,896,2026-04-07,completed
1750,978,2026-02-14,completed
1751,554,2026-06-05,completed
1752,175,2025-10-17,shipped
1753,717,2026-06-03,completed
1754,733,2026-02-08,completed
1755,925,2025-12-15,completed
1756,226,2025-11-21,shipped
1757,488,2026-06-06,cancelled
1758,127,2026-06-09,completed
1759,649,2026-03-31,shipped
1760,815,2025-08-16,completed
1761,955,2025-10-23,completed
1762,67,2026-05-04,completed
1763,933,2026-01-10,shipped
1764,670,2026-01-12,completed
1765,990,2026-04-14,pending
1766,229,2025-10-28,completed
1767,90,2025-11-26,completed
1768,759,2025-12-22,completed
1769,763,2025-10-05,pending
1770,377,2026-04-20,completed
1771,977,2025-12-08,completed
1772,319,2025-07-01,completed
1773,195,2026-04-01,shipped
1774,328,2026-02-02,shipped
1775,957,2026-06-13,shipped
1776,680,2026-03-24,completed
1777,110,2025-10-22,completed
1778,873,2026-04-02,completed
1779,836,2025-09-13,pending
1780,512,2025-10-21,completed
1781,616,2025-09-14,completed
1782,870,2026-06-06,shipped
1783,36,2026-06-25,completed
1784,515,2025-12-06,cancelled
1785,281,2025-09-02,cancelled
1786,588,2026-06-27,completed
1787,507,2025-10-19,completed
1788,61,2026-01-09,cancelled
1789,157,2025-12-18,shipped
1790,869,2025-10-16,shipped
1791,718,2025-10-24,shipped
1792,878,2025-09-30,completed
1793,307,2026-01-17,cancelled
1794,935,2026-06-03,shipped
1795,562,2025-07-12,completed
1796,695,2026-02-02,completed
1797,776,2025-12-26,completed
1798,541,2025-08-06,shipped
1799,714,2025-11-22,pending
1800,877,2026-06-24,completed
1801,135,2025-08-19,completed
1802,887,2026-04-24,shipped
1803,312,2026-06-29,completed
1804,592,2025-09-22,completed
1805,495,2026-06-22,completed
1806,215,2025-09-13,completed
1807,753,2025-10-09,completed
1808,744,2026-01-02,pending
1809,695,2025-08-22,shipped
1810,386,2025-09-14,cancelled
1811,696,2026-02-04,shipped
1812,99,2025-07-29,completed
1813,184,2026-02-28,pending
1814,528,2025-08-30,completed
1815,445,2026-04-30,cancelled
1816,740,2026-05-18,completed
1817,122,2025-07-18,completed
1818,310,2026-03-08,completed
1819,669,2025-09-27,shipped
1820,815,2026-06-20,completed
1821,797,2025-08-15,completed
1822,392,2026-05-29,completed
1823,456,2026-05-31,completed
1824,120,2025-08-31,completed
1825,657,2026-03-08,completed
1826,231,2026-03-18,completed
1827,587,2026-04-20,completed
1828,764,2026-06-21,completed
1829,186,2026-04-30,completed
1830,720,2026-05-27,completed
1831,129,2026-04-19,completed
1832,731,2025-08-02,pending
1833,190,2026-04-02,completed
1834,21,2026-06-24,completed
1835,803,2026-04-01,shipped
1836,66,2026-03-08,completed
1837,552,2026-04-26,shipped
1838,128,2026-05-30,shipped
1839,989,2025-10-15,completed
1840,186,2025-08-30,pending
1841,185,2026-06-21,completed
1842,820,2026-02-14,completed
1843,132,2025-07-21,completed
1844,166,2026-05-31,completed
1845,872,2025-11-09,shipped
1846,128,2025-08-13,completed
1847,990,2026-01-03,completed
1848,968,2026-02-02,completed
1849,308,2025-11-05,completed
1850,927,2026-03-23,shipped
1851,547,2026-06-03,completed
1852,503,2026-04-22,completed
1853,933,2026-03-25,cancelled
1854,621,2025-12-28,completed
1855,705,2025-10-16,completed
1856,243,2025-07-23,completed
1857,307,2025-09-11,pending
1858,981,2025-10-19,completed
1859,222,2026-04-09,completed
1860,132,2025-11-20,shipped
1861,77,2026-02-02,completed
1862,391,2025-11-11,completed
1863,410,2025-09-22,completed
1864,693,2025-11-08,completed
1865,147,2026-06-21,completed
1866,645,2025-08-06,shipped
1867,714,2026-05-21,completed
1868,578,2026-01-07,completed
1869,620,2026-03-19,completed
1870,324,2025-09-17,cancelled
1871,389,2026-02-08,completed
1872,254,2026-05-06,completed
1873,545,2025-09-02,completed
1874,417,2026-04-07,completed
1875,92,2026-05-24,completed
1876,797,2025-12-18,completed
1877,281,2025-10-24,completed
1878,993,2026-01-10,completed
1879,802,2025-08-23,pending
1880,540,2025-09-28,shipped
1881,603,2025-12-04,shipped
1882,98,2026-03-08,completed
1883,586,2026-06-24,pending
1884,278,2026-04-09,completed
1885,175,2025-07-25,completed
1886,186,2026-01-16,completed
1887,992,2026-06-13,shipped
1888,609,2026-04-09,pending
1889,489,2026-01-23,completed
1890,10,2025-11-10,completed
1891,674,2025-09-18,completed
1892,582,2026-01-10,shipped
1893,941,2025-07-28,shipped
1894,725,2026-01-06,shipped
1895,624,2026-06-13,completed
1896,188,2026-02-20,completed
1897,818,2025-12-29,completed
1898,283,2025-11-24,cancelled
1899,965,2026-03-24,shipped
1900,313,2025-10-26,completed
1901,971,2025-08-14,completed
1902,866,2025-12-08,completed
1903,79,2025-08-10,shipped
1904,170,2025-08-17,completed
1905,762,2025-08-13,completed
1906,828,2026-03-10,pending
1907,694,2026-02-03,completed
1908,492,2025-09-08,completed
1909,694,2026-06-16,pending
1910,128,2026-06-23,completed
1911,195,2026-05-12,pending
1912,732,2025-07-04,completed
1913,768,2026-03-31,completed
1914,974,2026-06-04,pending
1915,701,2026-03-28,completed
1916,460,2026-05-07,cancelled
1917,953,2026-06-11,pending
1918,926,2026-03-26,completed
1919,376,2025-08-08,shipped
1920,362,2026-03-21,cancelled
1921,508,2026-02-02,completed
1922,994,2026-01-08,completed
1923,256,2026-06-13,shipped
1924,298,2025-08-30,completed
1925,272,2025-11-28,completed
1926,583,2026-05-20,completed
1927,952,2025-12-04,pending
1928,528,2026-05-26,shipped
1929,958,2025-07-19,completed
1930,869,2026-05-13,completed
1931,7,2025-12-30,completed
1932,306,2025-12-16,completed
1933,359,2025-07-03,pending
1934,412,2025-10-04,completed
1935,442,2025-08-21,completed
1936,542,2025-08-13,completed
1937,421,2025-09-17,completed
1938,8,2026-03-07,completed
1939,257,2026-06-02,completed
1940,384,2026-01-19,completed
1941,914,2026-02-05,completed
1942,112,2025-11-15,cancelled
1943,860,2026-06-02,completed
1944,363,2025-09-10,shipped
1945,368,2025-07-03,pending
1946,204,2026-06-29,completed
1947,42,2025-11-23,completed
1948,762,2026-02-01,completed
1949,165,2025-07-17,completed
1950,983,2026-03-03,completed
1951,122,2025-11-14,completed
1952,508,2026-04-08,shipped
1953,333,2025-09-04,shipped
1954,514,2026-01-21,shipped
1955,135,2026-01-16,completed
1956,812,2025-08-25,completed
1957,353,2025-09-18,completed
1958,243,2026-06-16,completed
1959,440,2025-12-23,cancelled
1960,445,2025-07-05,completed
1961,498,2025-11-22,completed
1962,254,2026-02-05,completed
1963,192,2026-03-19,completed
1964,885,2025-08-28,completed
1965,254,2026-06-24,completed
1966,204,2026-02-05,completed
1967,718,2025-08-22,shipped
1968,186,2026-05-09,completed
1969,645,2026-04-29,completed
1970,124,2025-10-26,completed
1971,281,2025-07-20,cancelled
1972,437,2025-09-13,completed
1973,94,2025-10-11,pending
1974,418,2026-01-11,completed
1975,649,2026-06-24,cancelled
1976,345,2025-10-22,completed
1977,523,2025-08-01,completed
1978,312,2025-07-27,completed
1979,288,2026-01-03,pending
1980,429,2026-06-30,completed
1981,187,2025-07-25,completed
1982,677,2025-07-27,shipped
1983,293,2025-10-17,completed
1984,104,2026-05-07,completed
1985,972,2025-11-07,completed
1986,312,2025-12-19,completed
1987,14,2026-06-08,completed
1988,340,2025-09-05,completed
1989,761,2026-01-02,shipped
1990,620,2026-03-28,completed
1991,283,2026-05-29,completed
1992,90,2026-01-13,pending
1993,645,2025-09-05,shipped
1994,43,2025-08-31,completed
1995,838,2026-06-01,completed
1996,457,2026-06-26,pending
1997,965,2025-08-08,completed
1998,309,2025-12-23,shipped
1999,547,2025-10-12,shipped
2000,131,2025-07-23,completed
2001,729,2026-04-08,completed
2002,999,2026-04-13,completed
2003,460,2026-01-04,completed
2004,933,2025-08-30,completed
2005,430,2026-03-05,completed
2006,810,2026-03-15,completed
2007,281,2026-05-03,completed
2008,297,2025-09-05,completed
2009,63,2026-04-16,shipped
2010,195,2026-06-21,shipped
2011,507,2026-01-20,completed
2012,995,2026-03-20,completed
2013,769,2026-02-10,completed
2014,799,2026-04-14,completed
2015,279,2026-05-07,completed
2016,164,2025-07-02,completed
2017,714,2026-04-30,completed
2018,467,2026-03-20,completed
2019,266,2026-03-26,completed
2020,304,2025-10-21,shipped
2021,122,2026-04-09,completed
2022,547,2025-07-24,completed
2023,655,2025-07-21,completed
2024,950,2025-11-20,completed
2025,658,2025-07-27,cancelled
2026,548,2025-10-16,completed
2027,356,2026-05-29,completed
2028,333,2026-01-05,completed
2029,906,2026-06-27,completed
2030,419,2025-09-07,pending
2031,333,2025-11-28,cancelled
2032,836,2026-05-17,completed
2033,225,2025-12-30,shipped
2034,181,2025-11-21,completed
2035,551,2025-07-09,completed
2036,109,2026-04-25,shipped
2037,392,2026-06-18,pending
2038,891,2025-11-09,completed
2039,565,2026-05-06,completed
2040,226,2026-02-12,completed
2041,596,2025-10-13,completed
2042,160,2026-01-19,completed
2043,378,2026-02-08,completed
2044,96,2026-03-03,completed
2045,190,2026-02-21,shipped
2046,194,2025-09-29,completed
2047,664,2025-10-01,completed
2048,167,2025-12-06,pending
2049,704,2026-01-18,completed
2050,147,2025-08-05,completed
2051,466,2025-11-03,pending
2052,103,2026-01-23,shipped
2053,745,2025-09-09,shipped
2054,618,2025-07-07,completed
2055,22,2026-01-13,completed
2056,782,2025-07-07,shipped
2057,136,2025-07-23,completed
2058,275,2025-08-12,completed
2059,615,2026-05-18,completed
2060,981,2025-07-05,shipped
2061,754,2026-04-04,shipped
2062,88,2026-06-28,completed
2063,778,2026-03-03,completed
2064,836,2026-02-13,completed
2065,491,2025-12-17,completed
2066,557,2025-07-29,completed
2067,557,2026-05-18,completed
2068,106,2025-07-23,completed
2069,524,2025-08-22,pending
2070,146,2026-01-29,completed
2071,25,2025-10-23,completed
2072,151,2026-01-14,completed
2073,232,2025-11-24,pending
2074,394,2026-06-16,completed
2075,504,2025-08-27,completed
2076,230,2025-08-26,completed
2077,366,2025-11-22,completed
2078,122,2025-12-18,completed
2079,918,2025-08-13,completed
2080,183,2025-09-16,completed
2081,615,2025-12-19,completed
2082,154,2026-02-03,pending
2083,309,2026-06-17,completed
2084,357,2025-11-24,pending
2085,939,2025-11-16,completed
2086,956,2026-01-05,completed
2087,818,2026-06-30,completed
2088,883,2025-07-02,pending
2089,797,2025-09-15,completed
2090,152,2025-12-11,completed
2091,835,2026-03-02,completed
2092,438,2026-04-22,cancelled
2093,149,2025-11-20,completed
2094,187,2025-09-04,shipped
2095,327,2025-12-28,completed
2096,711,2026-03-04,cancelled
2097,813,2026-05-05,completed
2098,822,2025-09-09,pending
2099,393,2025-11-03,completed
2100,552,2026-03-12,completed
2101,550,2026-03-30,shipped
2102,86,2026-01-13,completed
2103,540,2026-02-01,completed
2104,831,2026-06-21,shipped
2105,90,2026-06-25,completed
2106,209,2025-07-02,cancelled
2107,372,2025-07-09,completed
2108,944,2025-09-07,completed
2109,370,2025-12-26,shipped
2110,302,2025-09-10,completed
2111,996,2026-04-09,pending
2112,249,2026-02-01,completed
2113,58,2025-10-23,shipped
2114,986,2025-08-30,completed
2115,387,2025-09-12,shipped
2116,989,2026-06-22,completed
2117,719,2025-07-28,completed
2118,76,2026-04-24,completed
2119,892,2026-05-01,completed
2120,375,2025-09-14,completed
2121,79,2025-11-03,completed
2122,154,2026-01-30,shipped
2123,762,2026-02-26,completed
2124,716,2026-03-28,pending
2125,422,2026-02-26,shipped
2126,801,2026-02-13,completed
2127,294,2025-07-07,completed
2128,903,2025-07-31,completed
2129,770,2026-05-06,completed
2130,12,2025-09-21,completed
2131,697,2026-02-02,pending
2132,568,2026-02-18,shipped
2133,942,2025-11-10,completed
2134,727,2025-12-04,completed
2135,279,2025-09-19,cancelled
2136,387,2026-03-25,cancelled
2137,761,2025-09-03,completed
2138,58,2026-05-13,completed
2139,843,2025-10-03,shipped
2140,620,2026-04-13,shipped
2141,480,2026-06-20,completed
2142,658,2026-05-31,completed
2143,169,2026-01-11,completed
2144,663,2026-01-07,completed
2145,112,2025-11-16,completed
2146,618,2026-01-02,shipped
2147,29,2025-12-19,completed
2148,555,2025-09-22,completed
2149,612,2025-10-17,completed
2150,193,2025-12-06,completed
2151,952,2026-05-23,completed
2152,88,2025-11-15,cancelled
2153,46,2026-04-16,completed
2154,47,2026-03-05,completed
2155,967,2025-08-17,completed
2156,770,2025-12-30,completed
2157,513,2026-01-20,completed
2158,744,2026-01-17,completed
2159,720,2025-09-05,completed
2160,418,2025-12-17,pending
2161,104,2026-03-15,completed
2162,25,2025-09-15,completed
2163,489,2026-01-12,completed
2164,298,2025-07-20,completed
2165,475,2026-06-15,completed
2166,96,2026-05-17,cancelled
2167,906,2025-10-27,completed
2168,670,2026-06-14,completed
2169,987,2025-09-21,completed
2170,668,2026-05-08,completed
2171,459,2025-12-22,shipped
2172,298,2025-12-21,completed
2173,41,2026-02-06,pending
2174,397,2026-06-15,completed
2175,622,2026-05-09,completed
2176,581,2025-09-17,completed
2177,100,2026-03-12,shipped
2178,785,2025-09-12,pending
2179,889,2026-04-07,cancelled
2180,511,2025-08-14,completed
2181,174,2025-12-08,pending
2182,70,2025-09-21,completed
2183,362,2026-01-03,completed
2184,728,2025-09-30,shipped
2185,485,2025-11-10,cancelled
2186,666,2026-02-12,pending
2187,996,2025-09-02,completed
2188,373,2025-07-21,pending
2189,419,2026-01-22,pending
2190,133,2026-06-14,completed
2191,866,2026-03-20,completed
2192,383,2025-12-08,completed
2193,519,2026-01-28,completed
2194,44,2026-06-15,completed
2195,59,2026-05-26,shipped
2196,717,2025-11-03,shipped
2197,159,2025-07-05,pending
2198,385,2025-11-26,completed
2199,875,2026-01-21,completed
2200,896,2026-01-15,completed
2201,358,2025-08-17,completed
2202,548,2026-05-25,pending
2203,112,2026-02-24,completed
2204,940,2025-08-25,cancelled
2205,787,2026-01-20,completed
2206,337,2026-01-22,completed
2207,619,2025-12-23,completed
2208,760,2026-06-25,completed
2209,466,2025-11-20,completed
2210,972,2025-09-18,completed
2211,219,2026-05-24,completed
2212,616,2025-07-17,shipped
2213,959,2025-08-01,shipped
2214,485,2026-02-06,completed
2215,889,2025-10-17,completed
2216,434,2026-06-16,completed
2217,181,2026-05-22,completed
2218,281,2025-08-05,completed
2219,895,2025-11-30,shipped
2220,538,2026-01-31,completed
2221,189,2025-11-10,shipped
2222,917,2025-08-17,pending
2223,987,2025-12-23,shipped
2224,204,2025-09-23,completed
2225,494,2026-01-31,completed
2226,803,2026-06-18,completed
2227,448,2026-06-22,completed
2228,585,2026-06-20,completed
2229,575,2025-07-06,shipped
2230,204,2026-05-02,completed
2231,593,2026-06-07,completed
2232,681,2025-12-13,cancelled
2233,15,2025-12-10,completed
2234,957,2026-02-20,completed
2235,117,2025-12-10,shipped
2236,417,2026-06-11,completed
2237,462,2025-07-02,pending
2238,650,2025-09-03,completed
2239,100,2026-04-23,completed
2240,431,2025-10-05,completed
2241,616,2025-09-24,completed
2242,215,2025-12-26,cancelled
2243,591,2026-06-13,cancelled
2244,834,2026-01-06,completed
2245,919,2025-12-02,completed
2246,717,2025-09-02,completed
2247,424,2026-02-19,completed
2248,849,2025-12-28,completed
2249,998,2026-03-25,shipped
2250,949,2025-08-28,completed
2251,383,2026-02-05,completed
2252,167,2026-05-01,completed
2253,292,2026-01-12,shipped
2254,697,2026-06-18,completed
2255,719,2025-11-23,completed
2256,90,2025-08-20,shipped
2257,92,2025-08-23,completed
2258,955,2026-05-12,completed
2259,768,2026-03-12,shipped
2260,103,2026-04-05,completed
2261,596,2026-03-15,shipped
2262,297,2026-06-07,pending
2263,229,2025-10-17,shipped
2264,391,2026-04-09,completed
2265,974,2026-02-26,completed
2266,423,2026-02-23,pending
2267,721,2026-05-27,shipped
2268,8,2026-01-19,pending
2269,520,2025-10-23,completed
2270,271,2026-06-03,completed
2271,690,2026-01-29,completed
2272,34,2026-01-29,completed
2273,810,2025-09-17,completed
2274,840,2026-03-23,shipped
2275,344,2025-12-10,completed
2276,441,2026-04-19,completed
2277,198,2026-01-17,completed
2278,849,2026-01-18,completed
2279,440,2026-04-22,completed
2280,400,2026-05-22,cancelled
2281,413,2025-09-27,pending
2282,163,2026-03-22,completed
2283,728,2025-08-20,shipped
2284,122,2026-03-16,completed
2285,864,2026-01-17,shipped
2286,858,2025-11-11,completed
2287,209,2025-12-13,completed
2288,448,2025-07-14,completed
2289,157,2026-04-30,completed
2290,557,2026-06-28,pending
2291,586,2025-08-10,completed
2292,465,2025-09-05,completed
2293,192,2025-12-31,completed
2294,305,2025-10-22,completed
2295,744,2025-11-03,shipped
2296,789,2026-01-10,completed
2297,282,2025-07-27,completed
2298,643,2025-09-12,completed
2299,888,2026-04-23,completed
2300,950,2026-02-21,completed
2301,146,2025-08-24,completed
2302,96,2025-10-01,completed
2303,935,2026-01-02,shipped
2304,104,2026-01-17,completed
2305,424,2025-07-12,completed
2306,79,2026-05-17,completed
2307,385,2026-01-31,pending
2308,931,2026-05-21,completed
2309,185,2025-09-21,completed
2310,676,2025-09-30,completed
2311,876,2026-05-07,completed
2312,356,2025-12-23,completed
2313,615,2026-05-11,completed
2314,535,2025-09-20,shipped
2315,198,2025-09-01,completed
2316,24,2026-04-01,completed
2317,222,2025-09-17,pending
2318,921,2025-08-28,completed
2319,142,2025-12-15,completed
2320,963,2026-06-20,completed
2321,494,2025-11-18,completed
2322,357,2025-08-17,shipped
2323,302,2026-05-30,completed
2324,447,2026-03-11,completed
2325,945,2026-01-21,completed
2326,203,2025-09-27,completed
2327,985,2025-11-21,completed
2328,813,2026-04-25,shipped
2329,170,2025-12-07,shipped
2330,444,2026-03-07,pending
2331,611,2026-02-02,shipped
2332,638,2025-12-11,completed
2333,440,2026-01-13,completed
2334,383,2025-12-28,pending
2335,461,2025-08-02,completed
2336,982,2025-07-18,completed
2337,420,2026-04-27,completed
2338,974,2026-05-27,cancelled
2339,408,2025-12-28,completed
2340,829,2025-10-01,completed
2341,367,2025-10-04,completed
2342,673,2025-10-19,completed
2343,799,2025-09-13,completed
2344,327,2025-07-05,completed
2345,219,2025-12-16,completed
2346,921,2025-12-12,completed
2347,395,2025-08-03,completed
2348,540,2025-10-17,completed
2349,285,2026-04-14,shipped
2350,77,2026-06-09,completed
2351,432,2026-05-27,completed
2352,326,2026-02-08,shipped
2353,202,2025-10-10,completed
2354,511,2026-03-10,completed
2355,432,2025-11-18,completed
2356,176,2026-02-17,completed
2357,393,2026-04-29,completed
2358,292,2025-07-11,completed
2359,5,2026-04-21,pending
2360,135,2025-11-23,shipped
2361,38,2026-01-23,pending
2362,41,2026-03-28,completed
2363,72,2025-07-09,completed
2364,741,2026-01-29,completed
2365,772,2025-12-10,completed
2366,570,2025-08-10,shipped
2367,628,2026-03-10,completed
2368,714,2025-11-30,cancelled
2369,870,2026-03-10,completed
2370,864,2025-09-01,completed
2371,106,2026-05-13,completed
2372,846,2025-07-25,completed
2373,331,2025-08-23,pending
2374,232,2026-02-09,completed
2375,742,2025-10-06,pending
2376,836,2026-01-05,pending
2377,957,2025-07-03,completed
2378,266,2025-07-27,pending
2379,114,2025-07-23,completed
2380,77,2025-12-03,completed
2381,628,2026-06-18,shipped
2382,277,2026-01-11,completed
2383,598,2025-09-09,completed
2384,327,2025-09-03,pending
2385,910,2026-04-26,pending
2386,653,2026-01-28,completed
2387,535,2025-09-01,completed
2388,490,2026-04-22,completed
2389,330,2025-11-21,shipped
2390,232,2026-03-05,completed
2391,729,2025-11-29,completed
2392,856,2026-04-12,pending
2393,663,2026-06-03,shipped
2394,712,2025-10-14,completed
2395,62,2026-03-11,completed
2396,222,2026-06-09,completed
2397,193,2026-01-14,completed
2398,214,2025-12-22,shipped
2399,527,2026-03-28,pending
2400,726,2025-12-07,completed
2401,869,2025-09-17,completed
2402,225,2025-09-05,pending
2403,999,2026-01-14,completed
2404,526,2026-05-14,completed
2405,193,2026-01-21,completed
2406,169,2026-02-02,completed
2407,664,2026-04-22,completed
2408,898,2026-02-22,completed
2409,247,2025-08-26,completed
2410,192,2026-02-21,completed
2411,678,2026-03-01,completed
2412,272,2025-12-28,completed
2413,87,2026-04-08,completed
2414,155,2025-10-17,completed
2415,521,2026-02-06,completed
2416,280,2026-02-11,completed
2417,665,2025-07-26,completed
2418,199,2026-02-02,completed
2419,181,2026-01-23,completed
2420,623,2026-03-29,completed
2421,112,2026-02-07,completed
2422,255,2026-05-27,cancelled
2423,118,2025-10-21,completed
2424,590,2025-07-19,completed
2425,545,2025-08-03,completed
2426,904,2025-10-24,completed
2427,402,2026-01-24,completed
2428,752,2025-10-21,shipped
2429,275,2026-06-20,completed
2430,805,2025-09-26,completed
2431,295,2026-05-23,shipped
2432,752,2025-11-25,completed
2433,516,2025-10-03,pending
2434,489,2026-05-15,shipped
2435,245,2026-06-18,completed
2436,72,2026-06-14,completed
2437,922,2025-12-18,completed
2438,683,2025-07-07,completed
2439,22,2025-12-19,completed
2440,903,2025-11-13,completed
2441,779,2026-06-13,pending
2442,361,2026-05-01,cancelled
2443,2,2026-04-25,completed
2444,484,2025-11-04,completed
2445,581,2025-07-09,completed
2446,856,2025-11-26,completed
2447,172,2026-03-15,shipped
2448,103,2025-08-18,completed
2449,464,2025-12-19,completed
2450,559,2025-12-27,completed
2451,260,2026-03-07,completed
2452,848,2025-07-07,completed
2453,342,2026-06-29,pending
2454,878,2026-06-05,pending
2455,496,2026-05-02,completed
2456,532,2026-06-17,shipped
2457,152,2025-07-11,cancelled
2458,676,2025-10-21,cancelled
2459,510,2025-12-30,completed
2460,759,2026-04-22,completed
2461,369,2026-02-06,completed
2462,199,2025-08-15,pending
2463,655,2026-01-10,completed
2464,899,2025-11-18,completed
2465,921,2026-04-05,pending
2466,180,2026-03-27,completed
2467,358,2026-06-13,pending
2468,604,2026-01-17,completed
2469,317,2025-11-19,completed
2470,533,2026-04-23,shipped
2471,126,2026-05-10,completed
2472,581,2026-02-18,cancelled
2473,296,2025-12-25,completed
2474,511,2025-07-05,pending
2475,478,2025-09-14,completed
2476,990,2026-03-25,completed
2477,681,2026-04-12,completed
2478,296,2026-03-07,completed
2479,16,2025-11-28,completed
2480,290,2025-10-20,shipped
2481,55,2025-09-02,completed
2482,441,2025-07-03,completed
2483,52,2025-07-01,completed
2484,900,2025-12-27,completed
2485,682,2026-03-15,cancelled
2486,159,2026-04-14,cancelled
2487,147,2025-11-16,cancelled
2488,443,2025-10-09,completed
2489,298,2025-08-11,completed
2490,956,2026-02-28,completed
2491,653,2026-06-13,completed
2492,991,2026-01-21,pending
2493,943,2025-11-11,completed
2494,178,2025-12-07,completed
2495,897,2026-06-13,completed
2496,143,2026-04-23,completed
2497,257,2025-10-11,completed
2498,205,2026-04-10,completed
2499,305,2025-08-13,completed
2500,473,2026-05-18,completed
2501,802,2026-01-09,pending
2502,99,2026-02-09,completed
2503,711,2026-02-12,completed
2504,730,2026-06-16,completed
2505,438,2025-12-29,completed
2506,473,2026-01-27,completed
2507,28,2026-04-13,cancelled
2508,91,2026-02-01,shipped
2509,929,2026-05-11,completed
2510,595,2025-11-02,completed
2511,636,2025-09-04,completed
2512,899,2026-04-16,completed
2513,129,2026-01-18,completed
2514,474,2025-07-04,shipped
2515,472,2026-03-23,shipped
2516,57,2025-08-13,completed
2517,110,2026-05-29,completed
2518,842,2025-08-19,completed
2519,708,2026-03-04,completed
2520,125,2025-08-01,shipped
2521,524,2026-06-11,shipped
2522,719,2025-07-28,completed
2523,576,2025-09-12,shipped
2524,140,2026-03-11,completed
2525,656,2026-06-11,pending
2526,644,2025-12-02,completed
2527,825,2025-07-04,completed
2528,206,2026-06-18,completed
2529,157,2025-07-01,completed
2530,533,2025-08-31,completed
2531,107,2025-10-13,completed
2532,455,2026-03-16,completed
2533,308,2025-09-01,completed
2534,840,2025-10-03,completed
2535,267,2026-04-06,shipped
2536,450,2026-06-14,pending
2537,127,2026-05-12,completed
2538,23,2026-05-22,completed
2539,247,2026-06-02,completed
2540,560,2026-06-24,completed
2541,297,2026-03-03,completed
2542,983,2025-08-21,completed
2543,684,2026-01-05,completed
2544,715,2026-01-14,shipped
2545,427,2026-02-23,shipped
2546,29,2025-09-14,completed
2547,578,2025-08-31,completed
2548,311,2026-04-24,completed
2549,915,2026-05-30,completed
2550,44,2026-02-13,pending
2551,986,2025-12-29,completed
2552,284,2026-02-20,completed
2553,367,2025-09-20,completed
2554,216,2026-03-15,completed
2555,538,2026-06-27,completed
2556,179,2025-08-02,completed
2557,672,2025-12-28,shipped
2558,471,2025-12-21,shipped
2559,286,2025-09-10,shipped
2560,311,2026-06-03,pending
2561,939,2025-08-04,shipped
2562,386,2026-03-05,cancelled
2563,675,2026-05-07,completed
2564,950,2026-06-28,completed
2565,539,2026-06-03,completed
2566,332,2026-06-23,completed
2567,357,2026-04-24,completed
2568,70,2026-01-23,completed
2569,238,2025-09-20,completed
2570,512,2025-08-24,pending
2571,332,2026-03-01,shipped
2572,108,2025-10-30,pending
2573,746,2025-09-28,pending
2574,945,2026-02-01,completed
2575,257,2026-05-10,completed
2576,453,2025-08-07,shipped
2577,647,2026-05-07,shipped
2578,329,2025-09-28,completed
2579,387,2026-02-16,completed
2580,588,2026-05-23,completed
2581,259,2025-10-09,completed
2582,293,2026-06-13,completed
2583,445,2025-09-21,shipped
2584,89,2025-10-07,completed
2585,983,2026-05-19,completed
2586,35,2025-10-13,shipped
2587,369,2025-07-03,shipped
2588,560,2026-04-17,pending
2589,190,2025-12-22,completed
2590,541,2026-05-25,completed
2591,585,2025-10-15,shipped
2592,361,2026-03-14,completed
2593,874,2026-04-13,completed
2594,450,2025-08-04,completed
2595,895,2026-01-09,completed
2596,131,2025-08-10,shipped
2597,104,2025-11-30,completed
2598,53,2025-10-27,completed
2599,24,2025-12-17,completed
2600,945,2025-11-26,shipped
2601,721,2026-01-16,completed
2602,992,2025-09-19,completed
2603,590,2026-03-31,completed
2604,955,2026-03-23,completed
2605,409,2025-12-07,completed
2606,715,2026-04-06,pending
2607,483,2026-04-25,pending
2608,669,2025-11-12,completed
2609,432,2025-12-21,completed
2610,910,2025-12-19,shipped
2611,210,2025-09-10,completed
2612,947,2025-12-16,shipped
2613,242,2025-08-01,completed
2614,927,2026-04-15,completed
2615,355,2025-07-19,cancelled
2616,613,2026-01-30,shipped
2617,909,2025-08-11,completed
2618,278,2025-09-05,shipped
2619,37,2025-08-23,completed
2620,666,2025-10-24,completed
2621,311,2026-03-02,shipped
2622,22,2025-10-25,pending
2623,793,2025-07-14,shipped
2624,548,2025-10-09,completed
2625,699,2026-01-11,completed
2626,566,2025-07-10,completed
2627,785,2026-01-15,completed
2628,441,2025-09-03,shipped
2629,142,2026-04-08,completed
2630,919,2025-08-30,completed
2631,361,2026-01-05,completed
2632,941,2026-02-09,completed
2633,95,2025-10-27,completed
2634,423,2025-10-25,shipped
2635,582,2026-04-01,completed
2636,895,2025-07-08,shipped
2637,79,2025-07-30,completed
2638,185,2026-02-10,completed
2639,359,2025-12-08,completed
2640,300,2025-11-03,completed
2641,491,2026-01-20,completed
2642,79,2026-06-02,completed
2643,211,2026-04-05,completed
2644,920,2025-12-30,pending
2645,455,2025-10-21,shipped
2646,799,2026-01-04,completed
2647,251,2026-05-31,completed
2648,327,2025-11-14,completed
2649,107,2026-03-15,completed
2650,723,2026-01-27,cancelled
2651,287,2026-03-06,completed
2652,862,2025-09-09,cancelled
2653,313,2025-10-27,shipped
2654,126,2025-10-16,completed
2655,37,2025-09-11,cancelled
2656,451,2026-06-23,completed
2657,976,2026-02-18,completed
2658,857,2026-03-13,completed
2659,603,2025-11-20,completed
2660,62,2025-08-13,completed
2661,394,2026-05-09,completed
2662,394,2026-01-12,completed
2663,211,2025-10-23,completed
2664,442,2026-06-03,completed
2665,313,2026-06-04,completed
2666,960,2025-12-26,completed
2667,773,2026-05-08,pending
2668,830,2025-11-12,shipped
2669,776,2025-10-19,completed
2670,445,2026-05-15,pending
2671,827,2025-07-30,completed
2672,976,2026-01-15,shipped
2673,295,2026-06-13,pending
2674,475,2026-03-31,completed
2675,788,2026-04-17,completed
2676,984,2025-09-22,completed
2677,136,2025-10-30,pending
2678,819,2025-11-21,completed
2679,88,2025-11-18,cancelled
2680,303,2026-04-04,completed
2681,40,2026-01-19,completed
2682,276,2026-01-02,completed
2683,830,2026-05-31,shipped
2684,128,2025-07-07,completed
2685,329,2026-06-04,shipped
2686,455,2025-09-30,completed
2687,10,2026-02-11,completed
2688,492,2025-12-31,completed
2689,224,2026-04-11,completed
2690,962,2026-04-23,completed
2691,565,2026-05-09,completed
2692,452,2025-08-02,completed
2693,266,2025-11-19,pending
2694,233,2025-09-04,completed
2695,893,2025-09-14,completed
2696,239,2025-07-26,completed
2697,189,2025-07-20,completed
2698,594,2026-02-11,completed
2699,735,2026-04-10,completed
2700,999,2025-11-10,completed
2701,866,2026-06-13,pending
2702,554,2025-12-28,shipped
2703,241,2026-05-04,completed
2704,520,2025-08-09,completed
2705,80,2026-03-19,completed
2706,585,2025-12-14,completed
2707,426,2026-06-14,completed
2708,897,2026-02-04,completed
2709,335,2025-07-13,completed
2710,344,2026-01-01,cancelled
2711,384,2026-05-30,completed
2712,637,2025-11-28,completed
2713,46,2026-01-05,completed
2714,934,2025-09-15,completed
2715,624,2025-08-24,completed
2716,524,2025-12-08,shipped
2717,803,2026-03-18,completed
2718,963,2025-12-24,completed
2719,34,2026-04-25,completed
2720,391,2025-09-15,shipped
2721,81,2026-05-29,cancelled
2722,579,2025-10-23,completed
2723,646,2026-04-21,completed
2724,552,2026-01-31,shipped
2725,818,2026-03-28,completed
2726,676,2026-02-27,completed
2727,325,2026-02-11,completed
2728,301,2026-04-21,pending
2729,249,2025-12-16,shipped
2730,237,2026-01-02,completed
2731,710,2025-08-29,completed
2732,371,2026-01-26,completed
2733,518,2026-04-13,completed
2734,670,2026-01-02,completed
2735,460,2025-10-26,shipped
2736,584,2025-10-26,shipped
2737,948,2025-09-03,completed
2738,691,2026-01-25,completed
2739,621,2025-09-09,completed
2740,350,2025-11-24,completed
2741,419,2025-08-11,completed
2742,590,2025-09-14,completed
2743,922,2025-10-10,completed
2744,16,2026-02-18,completed
2745,270,2026-01-31,shipped
2746,953,2026-06-30,completed
2747,130,2025-08-21,pending
2748,25,2026-02-06,completed
2749,136,2025-08-07,completed
2750,941,2026-03-29,completed
2751,363,2026-02-02,completed
2752,571,2026-06-22,completed
2753,122,2025-11-28,completed
2754,606,2025-12-20,completed
2755,740,2025-08-25,completed
2756,973,2025-12-29,completed
2757,646,2026-01-26,completed
2758,297,2026-02-09,shipped
2759,138,2026-06-24,shipped
2760,939,2026-04-28,shipped
2761,86,2026-03-18,completed
2762,608,2025-07-04,completed
2763,665,2026-06-11,completed
2764,450,2025-12-12,completed
2765,287,2026-04-28,pending
2766,238,2025-08-19,completed
2767,50,2025-12-22,completed
2768,594,2026-03-26,completed
2769,293,2026-02-04,completed
2770,776,2025-12-11,completed
2771,43,2025-09-12,shipped
2772,441,2025-10-16,completed
2773,901,2026-04-21,completed
2774,356,2025-08-20,completed
2775,295,2025-08-30,completed
2776,230,2026-02-10,pending
2777,962,2025-11-25,pending
2778,772,2026-05-07,completed
2779,683,2025-10-27,completed
2780,212,2025-08-19,completed
2781,773,2026-03-18,completed
2782,925,2026-05-03,completed
2783,551,2026-04-03,shipped
2784,501,2025-07-04,shipped
2785,379,2025-07-14,completed
2786,437,2026-04-19,shipped
2787,130,2026-03-24,shipped
2788,941,2025-11-29,completed
2789,942,2026-06-27,shipped
2790,911,2026-02-13,completed
2791,89,2025-11-12,pending
2792,750,2025-11-20,completed
2793,823,2025-12-29,completed
2794,745,2025-10-22,completed
2795,520,2025-09-19,completed
2796,646,2026-02-18,shipped
2797,796,2026-06-10,completed
2798,323,2026-06-18,pending
2799,444,2025-07-20,completed
2800,814,2026-06-27,completed
2801,862,2025-10-06,completed
2802,37,2026-05-17,pending
2803,9,2026-05-18,completed
2804,386,2026-04-27,pending
2805,690,2025-10-21,completed
2806,156,2026-02-26,completed
2807,752,2025-10-04,completed
2808,204,2025-09-06,completed
2809,974,2025-08-15,completed
2810,4,2025-10-18,completed
2811,572,2026-03-09,completed
2812,183,2026-06-29,completed
2813,270,2026-06-18,completed
2814,598,2026-05-20,completed
2815,496,2025-12-26,completed
2816,899,2025-10-01,completed
2817,897,2025-10-27,completed
2818,502,2026-03-06,shipped
2819,613,2026-01-17,completed
2820,303,2026-03-04,completed
2821,987,2025-08-27,pending
2822,430,2025-11-25,cancelled
2823,254,2025-12-14,completed
2824,181,2025-08-29,completed
2825,677,2025-12-11,completed
2826,408,2026-06-22,shipped
2827,861,2026-03-05,shipped
2828,616,2026-03-08,completed
2829,30,2025-10-29,completed
2830,221,2026-03-17,pending
2831,63,2026-01-26,completed
2832,268,2025-12-13,completed
2833,401,2026-01-27,shipped
2834,409,2026-02-03,completed
2835,275,2025-07-28,completed
2836,348,2025-10-21,completed
2837,316,2025-07-24,completed
2838,587,2025-10-22,pending
2839,212,2026-04-01,shipped
2840,971,2025-08-26,cancelled
2841,338,2026-05-09,completed
2842,21,2026-04-03,cancelled
2843,822,2025-07-11,completed
2844,342,2026-06-26,pending
2845,65,2026-04-10,completed
2846,216,2026-03-23,completed
2847,161,2025-10-10,shipped
2848,881,2026-01-19,shipped
2849,821,2025-11-26,completed
2850,340,2026-01-08,completed
2851,751,2026-04-10,completed
2852,37,2025-07-07,shipped
2853,105,2026-03-27,completed
2854,44,2026-03-06,completed
2855,25,2025-12-02,completed
2856,254,2026-06-18,completed
2857,833,2025-09-02,shipped
2858,411,2026-06-01,completed
2859,883,2025-11-16,completed
2860,517,2025-08-07,shipped
2861,21,2026-01-29,completed
2862,620,2026-04-04,pending
2863,754,2025-08-18,completed
2864,199,2026-01-17,shipped
2865,804,2025-12-07,completed
2866,762,2026-03-20,completed
2867,470,2025-11-18,completed
2868,993,2025-11-13,completed
2869,386,2026-02-27,completed
2870,228,2025-08-17,cancelled
2871,286,2026-04-14,completed
2872,547,2026-06-25,completed
2873,18,2026-01-12,cancelled
2874,975,2026-01-18,completed
2875,732,2026-04-06,completed
2876,592,2025-10-23,cancelled
2877,790,2026-01-20,completed
2878,489,2026-01-06,completed
2879,319,2026-05-26,completed
2880,1000,2026-05-19,completed
2881,174,2026-04-14,completed
2882,608,2026-03-08,completed
2883,413,2025-09-11,completed
2884,536,2026-02-28,shipped
2885,779,2026-04-17,completed
2886,259,2026-03-10,completed
2887,855,2025-12-20,completed
2888,706,2025-12-12,completed
2889,893,2026-01-25,completed
2890,215,2026-06-19,shipped
2891,559,2026-03-08,completed
2892,242,2026-05-30,completed
2893,495,2026-06-28,completed
2894,944,2025-08-11,completed
2895,80,2026-06-24,completed
2896,166,2025-07-07,completed
2897,171,2025-09-01,completed
2898,40,2025-08-28,pending
2899,175,2026-03-11,completed
2900,499,2026-03-26,completed
2901,429,2026-04-07,completed
2902,121,2025-11-29,completed
2903,738,2025-11-28,pending
2904,278,2026-06-12,completed
2905,911,2026-05-11,completed
2906,170,2026-05-29,completed
2907,702,2026-03-25,completed
2908,975,2026-05-11,shipped
2909,620,2026-03-23,completed
2910,216,2026-02-22,pending
2911,169,2025-09-08,completed
2912,11,2026-02-28,completed
2913,154,2025-09-30,completed
2914,320,2025-07-03,shipped
2915,711,2025-10-11,completed
2916,339,2026-02-20,completed
2917,480,2026-05-16,completed
2918,359,2025-08-04,completed
2919,354,2025-10-24,completed
2920,282,2025-10-07,completed
2921,599,2026-02-04,shipped
2922,640,2026-01-05,shipped
2923,575,2025-11-08,completed
2924,208,2026-06-03,completed
2925,106,2025-09-17,shipped
2926,183,2025-11-21,completed
2927,130,2025-08-22,shipped
2928,661,2026-04-27,shipped
2929,590,2025-12-17,shipped
2930,620,2026-04-30,completed
2931,685,2026-05-12,pending
2932,173,2025-10-16,completed
2933,222,2025-10-27,completed
2934,151,2026-05-11,completed
2935,896,2026-03-01,completed
2936,918,2025-08-09,cancelled
2937,524,2025-09-09,shipped
2938,681,2026-02-03,completed
2939,513,2025-12-02,shipped
2940,574,2025-11-01,completed
2941,724,2026-01-14,completed
2942,859,2025-12-07,completed
2943,81,2026-03-29,pending
2944,979,2025-10-18,completed
2945,854,2026-05-21,completed
2946,861,2025-09-12,completed
2947,502,2026-02-12,completed
2948,702,2025-11-06,completed
2949,668,2026-02-08,completed
2950,887,2025-07-13,completed
2951,790,2026-02-24,completed
2952,219,2026-02-03,completed
2953,392,2025-10-06,completed
2954,201,2025-07-06,completed
2955,200,2026-03-27,completed
2956,337,2025-12-06,completed
2957,938,2026-01-05,completed
2958,622,2025-07-07,completed
2959,282,2026-05-28,completed
2960,45,2026-01-20,cancelled
2961,260,2026-06-26,completed
2962,995,2025-07-30,completed
2963,884,2025-07-16,shipped
2964,623,2026-02-27,completed
2965,178,2026-03-09,completed
2966,769,2026-05-28,completed
2967,40,2025-08-23,completed
2968,916,2026-05-10,shipped
2969,754,2026-06-27,completed
2970,85,2025-09-06,completed
2971,58,2025-08-31,completed
2972,64,2026-06-29,completed
2973,285,2026-04-05,cancelled
2974,671,2025-10-08,completed
2975,341,2025-07-09,shipped
2976,920,2025-12-10,shipped
2977,740,2026-04-27,pending
2978,15,2026-03-22,pending
2979,427,2026-01-23,shipped
2980,63,2026-06-08,completed
2981,152,2026-03-14,shipped
2982,177,2025-08-12,completed
2983,624,2025-11-19,completed
2984,420,2026-03-16,completed
2985,319,2025-07-02,completed
2986,121,2025-12-27,completed
2987,857,2026-04-17,completed
2988,953,2026-04-16,completed
2989,941,2025-08-29,completed
2990,191,2025-08-14,completed
2991,989,2026-05-17,completed
2992,808,2025-09-25,completed
2993,384,2026-05-23,completed
2994,316,2025-11-04,shipped
2995,966,2026-05-25,pending
2996,766,2025-10-06,shipped
2997,318,2025-09-06,completed
2998,294,2026-06-27,completed
2999,579,2025-09-10,completed
3000,856,2025-10-24,completed
3001,182,2025-10-11,cancelled
3002,715,2025-11-10,completed
3003,502,2025-08-17,completed
3004,358,2026-01-03,shipped
3005,461,2026-03-25,shipped
3006,852,2026-06-17,completed
3007,395,2026-04-26,completed
3008,216,2026-04-18,cancelled
3009,356,2026-02-08,completed
3010,816,2026-06-15,completed
3011,717,2025-12-23,cancelled
3012,850,2026-04-09,shipped
3013,93,2025-11-15,completed
3014,265,2025-10-16,completed
3015,33,2025-11-11,pending
3016,675,2026-03-22,completed
3017,144,2026-03-01,completed
3018,382,2025-12-13,completed
3019,603,2026-06-03,pending
3020,719,2025-12-13,completed
3021,891,2025-12-31,pending
3022,432,2025-09-20,completed
3023,664,2025-12-20,pending
3024,936,2025-10-04,completed
3025,479,2025-09-22,completed
3026,450,2025-07-12,shipped
3027,608,2026-02-19,completed
3028,749,2026-02-08,completed
3029,259,2025-11-02,shipped
3030,346,2026-05-04,completed
3031,308,2026-01-22,completed
3032,782,2025-10-28,pending
3033,111,2026-03-17,completed
3034,977,2025-11-15,completed
3035,30,2026-04-30,completed
3036,945,2025-09-24,completed
3037,989,2026-05-02,completed
3038,204,2026-03-26,cancelled
3039,770,2026-04-17,completed
3040,342,2026-06-05,shipped
3041,994,2025-07-28,completed
3042,821,2025-09-11,completed
3043,170,2026-01-19,completed
3044,152,2026-06-03,completed
3045,309,2025-09-27,completed
3046,242,2025-10-03,pending
3047,93,2026-02-09,shipped
3048,702,2025-09-17,completed
3049,6,2026-01-08,completed
3050,103,2025-12-24,completed
3051,404,2026-06-17,completed
3052,685,2026-02-27,completed
3053,724,2026-02-23,completed
3054,397,2025-08-19,completed
3055,410,2025-09-07,shipped
3056,840,2025-11-22,completed
3057,612,2026-02-03,completed
3058,356,2025-08-06,completed
3059,28,2026-04-27,completed
3060,183,2026-05-08,shipped
3061,371,2026-01-05,completed
3062,626,2025-07-01,completed
3063,937,2026-01-20,completed
3064,142,2025-10-26,completed
3065,217,2025-07-23,completed
3066,348,2025-08-17,completed
3067,436,2025-10-01,completed
3068,397,2025-12-07,completed
3069,36,2026-03-04,completed
3070,184,2026-02-01,completed
3071,530,2026-06-15,shipped
3072,826,2026-02-24,completed
3073,751,2026-06-17,completed
3074,823,2026-01-24,shipped
3075,327,2025-09-21,completed
3076,394,2026-03-17,completed
3077,498,2025-07-06,completed
3078,412,2026-06-09,completed
3079,311,2025-07-28,completed
3080,119,2026-05-21,completed
3081,515,2026-02-16,completed
3082,730,2026-02-28,completed
3083,996,2026-03-31,completed
3084,435,2025-09-30,completed
3085,892,2026-01-13,completed
3086,8,2025-09-15,completed
3087,605,2026-06-28,completed
3088,833,2026-03-21,completed
3089,446,2026-02-18,completed
3090,41,2025-11-22,completed
3091,472,2026-03-08,completed
3092,703,2026-05-03,completed
3093,346,2026-02-03,completed
3094,556,2025-07-13,completed
3095,366,2025-11-28,completed
3096,333,2026-02-14,completed
3097,611,2025-07-19,completed
3098,545,2025-07-19,shipped
3099,180,2025-11-05,completed
3100,130,2025-08-18,shipped
3101,506,2026-05-21,completed
3102,354,2025-11-18,cancelled
3103,633,2026-06-18,completed
3104,583,2026-03-26,completed
3105,335,2025-08-09,completed
3106,624,2025-09-14,cancelled
3107,832,2026-05-23,pending
3108,525,2026-01-12,cancelled
3109,346,2025-08-10,pending
3110,433,2025-12-02,completed
3111,974,2025-10-03,shipped
3112,761,2026-05-31,pending
3113,989,2026-02-07,completed
3114,585,2025-10-07,completed
3115,631,2025-12-03,completed
3116,711,2025-11-02,shipped
3117,588,2026-01-08,completed
3118,282,2026-02-09,shipped
3119,284,2025-10-04,completed
3120,620,2025-07-24,completed
3121,695,2025-10-01,completed
3122,417,2025-07-03,completed
3123,673,2026-01-29,completed
3124,474,2025-11-14,completed
3125,326,2026-05-22,completed
3126,19,2025-10-24,shipped
3127,66,2025-10-22,completed
3128,624,2026-06-30,shipped
3129,431,2026-04-28,completed
3130,555,2025-12-16,completed
3131,13,2026-04-12,completed
3132,355,2025-12-11,shipped
3133,474,2025-09-16,pending
3134,216,2026-03-13,completed
3135,690,2025-09-26,completed
3136,34,2026-01-23,completed
3137,991,2026-04-19,completed
3138,575,2026-03-07,cancelled
3139,213,2025-08-12,shipped
3140,379,2026-03-29,completed
3141,463,2025-12-09,completed
3142,160,2025-07-16,completed
3143,640,2025-09-24,completed
3144,426,2026-02-06,cancelled
3145,770,2025-07-12,cancelled
3146,762,2026-04-11,completed
3147,385,2025-10-29,pending
3148,388,2025-09-06,completed
3149,100,2025-09-02,completed
3150,114,2025-10-17,completed
3151,886,2025-09-30,completed
3152,564,2026-01-22,completed
3153,429,2025-10-20,pending
3154,328,2025-11-20,shipped
3155,109,2026-05-19,completed
3156,984,2026-06-17,completed
3157,326,2026-05-22,completed
3158,402,2026-03-30,completed
3159,507,2026-01-23,shipped
3160,846,2025-11-24,pending
3161,947,2025-09-19,pending
3162,296,2026-01-21,completed
3163,782,2025-12-19,completed
3164,700,2025-09-27,pending
3165,595,2026-01-13,completed
3166,421,2026-01-31,completed
3167,634,2025-07-15,completed
3168,635,2026-05-09,completed
3169,614,2025-08-11,completed
3170,969,2026-01-26,completed
3171,256,2026-05-09,completed
3172,484,2026-05-17,completed
3173,24,2026-01-06,shipped
3174,399,2026-05-31,completed
3175,871,2025-10-07,pending
3176,378,2026-02-20,shipped
3177,180,2025-10-31,completed
3178,944,2026-06-30,completed
3179,301,2025-09-06,completed
3180,212,2025-07-16,completed
3181,251,2026-02-21,completed
3182,248,2026-02-13,shipped
3183,513,2026-02-22,completed
3184,858,2026-05-06,completed
3185,251,2025-09-20,completed
3186,8,2025-08-05,shipped
3187,694,2026-06-15,completed
3188,482,2026-03-24,pending
3189,802,2025-08-06,completed
3190,905,2025-11-11,shipped
3191,733,2025-08-31,shipped
3192,547,2026-05-28,shipped
3193,493,2026-02-10,shipped
3194,300,2025-07-31,shipped
3195,373,2025-07-21,completed
3196,645,2026-03-19,completed
3197,807,2026-02-05,completed
3198,868,2025-09-13,completed
3199,772,2026-04-23,shipped
3200,376,2025-09-25,completed
3201,146,2025-12-21,pending
3202,216,2026-03-05,completed
3203,658,2025-12-16,completed
3204,921,2026-02-20,shipped
3205,776,2025-11-03,completed
3206,706,2025-11-29,completed
3207,717,2026-02-16,completed
3208,609,2025-11-18,completed
3209,152,2025-09-10,completed
3210,227,2025-07-14,pending
3211,372,2026-04-15,shipped
3212,968,2025-12-05,shipped
3213,650,2026-04-17,completed
3214,690,2026-02-11,completed
3215,132,2026-06-21,completed
3216,880,2025-11-27,completed
3217,234,2026-05-23,completed
3218,598,2025-10-17,completed
3219,13,2026-04-26,completed
3220,764,2026-03-18,pending
3221,416,2026-03-22,completed
3222,996,2025-09-26,completed
3223,602,2025-09-18,pending
3224,536,2025-12-08,completed
3225,664,2026-03-06,completed
3226,494,2026-03-26,completed
3227,15,2026-01-11,completed
3228,351,2025-08-03,completed
3229,230,2025-10-14,completed
3230,797,2026-05-08,shipped
3231,666,2025-08-31,completed
3232,471,2026-03-13,completed
3233,929,2026-05-23,completed
3234,920,2026-03-26,completed
3235,373,2025-10-12,completed
3236,642,2026-01-21,completed
3237,520,2025-12-16,completed
3238,985,2026-04-10,completed
3239,894,2026-04-02,completed
3240,458,2025-07-29,completed
3241,251,2025-11-04,completed
3242,707,2025-10-02,pending
3243,234,2025-11-03,completed
3244,182,2026-02-19,completed
3245,273,2026-05-08,completed
3246,761,2025-08-16,completed
3247,928,2025-08-02,pending
3248,311,2026-03-25,completed
3249,250,2025-10-25,completed
3250,489,2026-04-24,completed
3251,903,2026-04-01,shipped
3252,809,2025-12-11,completed
3253,490,2025-10-09,completed
3254,488,2025-08-12,completed
3255,604,2026-04-04,completed
3256,308,2026-03-07,completed
3257,441,2026-04-24,pending
3258,738,2025-08-27,pending
3259,200,2026-05-26,completed
3260,630,2026-05-22,shipped
3261,258,2025-07-01,shipped
3262,278,2026-05-04,completed
3263,337,2025-09-29,completed
3264,291,2026-03-21,cancelled
3265,271,2025-12-01,pending
3266,350,2025-11-05,completed
3267,516,2026-04-14,completed
3268,115,2026-02-11,cancelled
3269,500,2025-10-02,completed
3270,482,2026-03-18,completed
3271,68,2025-09-30,shipped
3272,312,2026-06-10,completed
3273,351,2026-02-12,completed
3274,843,2026-04-02,completed
3275,782,2025-08-25,completed
3276,514,2025-12-05,completed
3277,484,2026-03-29,completed
3278,950,2025-12-01,completed
3279,689,2026-04-19,completed
3280,197,2025-09-19,shipped
3281,873,2025-09-26,completed
3282,161,2026-06-05,completed
3283,486,2026-03-22,completed
3284,799,2026-01-30,shipped
3285,956,2025-10-26,completed
3286,380,2025-12-03,completed
3287,745,2025-12-18,completed
3288,461,2025-12-09,completed
3289,403,2026-04-15,shipped
3290,781,2025-07-03,pending
3291,992,2025-07-29,completed
3292,825,2026-05-27,completed
3293,786,2026-02-19,completed
3294,208,2026-06-26,completed
3295,302,2025-11-09,shipped
3296,330,2025-07-13,completed
3297,334,2026-01-12,completed
3298,817,2025-10-11,completed
3299,451,2026-03-15,pending
3300,77,2025-08-24,completed
3301,741,2025-12-14,completed
3302,482,2026-04-30,cancelled
3303,800,2025-07-24,completed
3304,983,2026-06-18,pending
3305,256,2026-03-07,completed
3306,601,2026-05-07,completed
3307,58,2025-08-21,completed
3308,551,2025-11-19,completed
3309,114,2025-11-23,completed
3310,333,2025-08-07,cancelled
3311,845,2026-01-28,completed
3312,604,2025-09-16,completed
3313,576,2025-10-11,completed
3314,336,2025-11-03,completed
3315,267,2026-06-04,completed
3316,707,2025-11-27,completed
3317,892,2025-08-04,shipped
3318,757,2026-06-30,completed
3319,927,2026-01-01,shipped
3320,189,2025-10-18,completed
3321,472,2025-10-25,completed
3322,694,2025-10-10,cancelled
3323,262,2025-11-10,completed
3324,144,2025-07-12,completed
3325,438,2026-01-27,completed
3326,818,2026-03-07,completed
3327,62,2026-03-28,pending
3328,383,2026-03-20,completed
3329,33,2026-02-09,cancelled
3330,810,2025-12-15,completed
3331,589,2025-11-22,completed
3332,753,2025-08-04,completed
3333,998,2025-08-17,completed
3334,545,2025-08-27,completed
3335,867,2026-03-20,pending
3336,945,2026-04-20,completed
3337,196,2026-05-29,shipped
3338,442,2026-06-16,shipped
3339,463,2026-02-24,pending
3340,667,2025-09-16,completed
3341,664,2025-10-02,completed
3342,541,2026-02-18,shipped
3343,911,2026-02-07,completed
3344,301,2026-04-21,completed
3345,20,2026-01-16,completed
3346,438,2025-12-13,completed
3347,599,2025-10-23,completed
3348,546,2025-12-15,completed
3349,206,2026-06-06,shipped
3350,948,2026-04-21,completed
3351,157,2026-04-22,completed
3352,212,2025-09-14,completed
3353,27,2025-08-21,completed
3354,799,2025-07-21,completed
3355,978,2025-12-26,completed
3356,951,2025-12-09,completed
3357,207,2025-10-15,completed
3358,278,2026-02-03,completed
3359,791,2025-10-20,completed
3360,899,2025-09-09,pending
3361,127,2026-02-11,shipped
3362,27,2026-01-09,completed
3363,390,2025-10-15,completed
3364,409,2026-02-10,completed
3365,605,2026-01-11,shipped
3366,993,2025-08-17,completed
3367,742,2026-04-23,completed
3368,775,2025-09-22,completed
3369,759,2026-03-08,completed
3370,426,2025-12-10,completed
3371,819,2025-08-16,completed
3372,262,2026-03-02,completed
3373,17,2026-02-19,completed
3374,410,2026-02-01,cancelled
3375,364,2025-08-21,completed
3376,857,2025-12-06,completed
3377,308,2026-05-30,completed
3378,87,2026-06-25,completed
3379,897,2026-01-16,completed
3380,748,2025-11-18,completed
3381,47,2025-12-13,completed
3382,182,2025-11-05,completed
3383,532,2025-09-04,completed
3384,482,2026-06-21,shipped
3385,611,2025-08-01,shipped
3386,301,2026-06-04,completed
3387,844,2026-01-29,completed
3388,179,2025-09-27,pending
3389,760,2025-09-16,shipped
3390,186,2026-06-08,completed
3391,806,2025-08-26,completed
3392,209,2026-03-12,completed
3393,383,2026-05-17,pending
3394,637,2025-11-13,completed
3395,340,2025-07-14,completed
3396,36,2026-02-26,shipped
3397,936,2025-09-12,completed
3398,387,2026-04-03,shipped
3399,174,2026-03-26,completed
3400,358,2025-07-08,pending
3401,430,2025-08-17,cancelled
3402,992,2025-08-27,completed
3403,877,2026-01-29,pending
3404,138,2026-02-11,pending
3405,1,2026-05-23,completed
3406,922,2026-02-26,pending
3407,331,2025-09-04,completed
3408,980,2026-01-04,completed
3409,490,2025-08-19,completed
3410,201,2026-04-19,completed
3411,133,2026-03-21,shipped
3412,231,2025-09-12,completed
3413,735,2025-08-18,completed
3414,108,2026-05-11,completed
3415,190,2025-11-06,shipped
3416,337,2025-12-02,shipped
3417,685,2026-02-22,completed
3418,592,2026-03-22,cancelled
3419,779,2025-11-14,pending
3420,433,2025-12-15,completed
3421,594,2025-09-13,shipped
3422,766,2025-07-18,pending
3423,648,2026-01-14,completed
3424,187,2025-10-10,completed
3425,35,2026-05-21,shipped
3426,166,2025-10-30,completed
3427,586,2025-07-06,completed
3428,193,2025-12-24,completed
3429,416,2026-04-22,completed
3430,465,2025-10-18,completed
3431,451,2026-04-06,completed
3432,672,2025-11-21,shipped
3433,346,2025-12-20,cancelled
3434,262,2025-10-04,completed
3435,791,2026-03-07,completed
3436,99,2026-06-05,completed
3437,782,2025-12-23,completed
3438,801,2025-08-02,completed
3439,27,2026-05-25,cancelled
3440,97,2025-09-03,completed
3441,850,2026-02-20,completed
3442,730,2026-04-08,completed
3443,315,2025-12-25,completed
3444,963,2026-04-10,completed
3445,187,2026-03-16,completed
3446,200,2026-03-19,completed
3447,228,2026-06-14,shipped
3448,752,2025-10-10,shipped
3449,616,2026-03-27,shipped
3450,881,2026-04-15,completed
3451,820,2025-07-25,completed
3452,236,2026-04-03,completed
3453,171,2026-03-29,completed
3454,697,2025-08-21,completed
3455,880,2026-05-21,completed
3456,554,2025-09-16,pending
3457,435,2026-05-09,pending
3458,51,2025-11-20,cancelled
3459,304,2026-01-22,completed
3460,996,2026-03-25,completed
3461,480,2026-03-01,completed
3462,1,2025-12-01,completed
3463,570,2026-06-28,completed
3464,946,2025-10-15,shipped
3465,983,2026-05-01,completed
3466,144,2026-01-27,completed
3467,783,2025-09-21,cancelled
3468,401,2025-11-02,shipped
3469,430,2026-05-27,completed
3470,255,2025-10-08,shipped
3471,232,2025-08-06,cancelled
3472,144,2025-11-19,pending
3473,744,2025-09-02,shipped
3474,156,2026-06-10,completed
3475,689,2025-09-11,completed
3476,12,2025-12-15,completed
3477,319,2026-03-24,completed
3478,613,2026-05-18,completed
3479,449,2026-06-04,completed
3480,555,2025-09-02,shipped
3481,158,2026-02-18,completed
3482,897,2025-12-22,completed
3483,391,2025-07-21,shipped
3484,116,2025-11-08,completed
3485,600,2026-02-04,completed
3486,709,2026-06-29,pending
3487,777,2026-03-07,completed
3488,106,2026-03-25,completed
3489,983,2026-05-05,completed
3490,248,2026-01-02,pending
3491,507,2026-06-06,shipped
3492,432,2026-02-07,completed
3493,886,2025-08-23,shipped
3494,927,2025-11-19,completed
3495,337,2026-03-18,completed
3496,366,2025-11-06,completed
3497,731,2025-08-21,shipped
3498,600,2025-11-02,completed
3499,445,2026-04-29,completed
3500,800,2025-08-23,shipped
3501,575,2026-03-07,completed
3502,385,2026-04-16,completed
3503,392,2026-06-07,completed
3504,605,2025-08-25,shipped
3505,977,2026-05-26,completed
3506,121,2025-08-18,cancelled
3507,370,2025-10-31,completed
3508,926,2026-06-29,completed
3509,736,2026-01-18,shipped
3510,663,2025-12-25,shipped
3511,588,2026-02-21,pending
3512,963,2025-07-20,completed
3513,763,2026-05-18,shipped
3514,930,2026-06-08,completed
3515,186,2026-04-17,completed
3516,102,2025-12-16,completed
3517,822,2026-01-28,completed
3518,870,2026-02-19,pending
3519,839,2025-12-31,completed
3520,997,2025-12-28,cancelled
3521,457,2025-11-19,shipped
3522,470,2025-12-14,completed
3523,270,2026-05-22,shipped
3524,215,2025-09-21,completed
3525,664,2026-04-07,completed
3526,772,2026-01-22,completed
3527,865,2025-09-27,completed
3528,342,2025-08-15,completed
3529,758,2026-04-02,shipped
3530,325,2025-10-25,shipped
3531,937,2025-08-21,shipped
3532,416,2026-05-24,completed
3533,655,2026-03-12,completed
3534,208,2026-01-12,completed
3535,498,2026-06-28,completed
3536,918,2026-02-10,completed
3537,983,2025-09-20,completed
3538,115,2025-07-09,completed
3539,931,2025-12-06,completed
3540,574,2026-05-25,completed
3541,552,2026-04-13,completed
3542,713,2026-05-13,completed
3543,93,2025-08-17,shipped
3544,415,2026-06-05,pending
3545,734,2025-09-13,completed
3546,407,2025-12-29,completed
3547,107,2026-01-14,shipped
3548,629,2025-11-28,completed
3549,332,2025-08-12,cancelled
3550,846,2026-02-12,completed
3551,159,2026-04-07,completed
3552,27,2025-11-18,completed
3553,225,2026-06-21,completed
3554,451,2025-10-24,completed
3555,149,2025-10-19,completed
3556,988,2025-11-02,completed
3557,495,2026-05-10,shipped
3558,570,2026-01-29,completed
3559,197,2026-04-17,completed
3560,595,2026-03-23,completed
3561,910,2026-04-21,pending
3562,765,2026-01-15,completed
3563,823,2026-01-03,shipped
3564,380,2026-02-06,completed
3565,328,2025-10-29,completed
3566,982,2025-08-09,completed
3567,881,2025-12-12,shipped
3568,253,2026-06-25,shipped
3569,132,2026-04-23,completed
3570,726,2026-03-17,completed
3571,108,2025-12-08,shipped
3572,234,2026-05-06,shipped
3573,661,2026-06-25,cancelled
3574,477,2025-10-23,completed
3575,472,2025-07-28,completed
3576,606,2026-03-12,completed
3577,23,2025-09-26,completed
3578,666,2026-04-13,completed
3579,489,2025-12-25,pending
3580,66,2025-09-14,completed
3581,978,2025-08-03,shipped
3582,259,2026-04-18,pending
3583,731,2025-07-15,completed
3584,722,2026-02-06,shipped
3585,406,2025-09-07,completed
3586,318,2026-02-17,completed
3587,312,2026-06-11,completed
3588,818,2026-04-18,pending
3589,148,2026-01-25,shipped
3590,601,2026-06-14,completed
3591,995,2025-07-04,completed
3592,773,2026-06-30,completed
3593,794,2025-08-31,cancelled
3594,66,2026-05-11,completed
3595,751,2025-09-21,completed
3596,793,2026-05-04,shipped
3597,856,2025-09-30,completed
3598,952,2026-05-29,completed
3599,340,2025-08-31,completed
3600,588,2026-01-23,shipped
3601,397,2026-06-16,shipped
3602,714,2026-01-12,completed
3603,188,2025-12-23,completed
3604,182,2025-12-29,shipped
3605,512,2025-11-07,completed
3606,412,2025-11-11,completed
3607,663,2025-12-27,completed
3608,463,2025-12-21,shipped
3609,264,2026-03-26,completed
3610,63,2026-05-07,cancelled
3611,700,2025-07-31,completed
3612,2,2025-09-25,cancelled
3613,13,2026-03-28,completed
3614,314,2026-01-13,completed
3615,577,2026-04-17,completed
3616,979,2025-08-05,completed
3617,636,2026-05-22,completed
3618,224,2026-04-01,cancelled
3619,894,2025-08-19,completed
3620,615,2025-09-18,completed
3621,913,2025-09-29,completed
3622,520,2025-09-29,completed
3623,32,2026-02-13,completed
3624,910,2026-04-02,cancelled
3625,827,2025-08-31,pending
3626,111,2025-11-27,completed
3627,605,2025-10-01,completed
3628,510,2025-08-21,completed
3629,628,2025-09-18,pending
3630,951,2026-02-18,completed
3631,803,2026-01-16,completed
3632,685,2025-08-29,completed
3633,253,2025-12-21,completed
3634,984,2025-10-31,shipped
3635,814,2025-10-05,completed
3636,61,2025-12-31,pending
3637,831,2026-03-03,shipped
3638,725,2026-06-03,shipped
3639,102,2026-04-29,shipped
3640,680,2025-08-16,completed
3641,577,2026-03-27,completed
3642,535,2026-03-30,completed
3643,659,2026-04-06,completed
3644,139,2025-12-12,completed
3645,300,2025-10-10,pending
3646,414,2026-02-04,completed
3647,503,2025-08-12,completed
3648,330,2025-08-23,completed
3649,399,2026-05-09,completed
3650,790,2025-11-25,completed
3651,541,2025-07-29,shipped
3652,970,2025-10-05,completed
3653,766,2026-04-27,pending
3654,178,2026-04-04,completed
3655,548,2025-07-25,completed
3656,395,2025-12-03,completed
3657,54,2026-04-02,shipped
3658,895,2026-06-16,completed
3659,537,2026-03-18,shipped
3660,380,2026-03-18,completed
3661,933,2025-07-23,completed
3662,973,2026-02-20,completed
3663,730,2025-10-22,completed
3664,508,2025-10-13,completed
3665,628,2026-05-24,completed
3666,211,2026-01-12,pending
3667,947,2025-08-29,completed
3668,676,2025-11-01,shipped
3669,182,2025-12-17,cancelled
3670,381,2025-10-25,pending
3671,46,2026-01-22,completed
3672,253,2026-05-03,completed
3673,904,2025-11-10,pending
3674,585,2026-06-14,shipped
3675,318,2026-05-17,completed
3676,755,2026-05-31,pending
3677,707,2026-01-26,completed
3678,387,2026-01-28,completed
3679,837,2025-10-06,shipped
3680,615,2025-11-07,completed
3681,405,2026-06-20,completed
3682,132,2026-02-15,completed
3683,73,2025-10-23,completed
3684,163,2025-08-29,pending
3685,69,2026-03-08,completed
3686,172,2025-12-15,pending
3687,979,2025-11-09,completed
3688,408,2026-06-21,completed
3689,292,2025-11-24,pending
3690,112,2025-11-11,shipped
3691,843,2026-01-19,pending
3692,974,2025-10-12,completed
3693,206,2026-03-12,completed
3694,481,2025-07-19,completed
3695,235,2025-08-27,completed
3696,189,2026-01-15,completed
3697,826,2026-06-21,completed
3698,631,2026-02-09,completed
3699,453,2025-09-12,completed
3700,679,2025-07-22,pending
3701,787,2025-10-05,completed
3702,45,2025-12-10,completed
3703,350,2025-09-17,pending
3704,944,2025-11-06,completed
3705,206,2026-02-22,pending
3706,401,2025-07-29,completed
3707,518,2025-11-27,completed
3708,643,2025-10-03,completed
3709,739,2026-06-02,completed
3710,72,2026-02-11,shipped
3711,542,2026-05-05,completed
3712,147,2025-09-21,completed
3713,59,2025-12-10,completed
3714,420,2025-08-03,completed
3715,634,2025-07-09,shipped
3716,380,2025-12-12,completed
3717,701,2025-08-23,completed
3718,4,2026-01-12,completed
3719,788,2026-01-15,completed
3720,781,2025-10-23,completed
3721,559,2026-04-15,completed
3722,844,2026-05-29,pending
3723,661,2026-04-19,completed
3724,631,2026-06-17,completed
3725,700,2025-10-30,completed
3726,354,2025-11-06,cancelled
3727,466,2026-05-22,completed
3728,466,2025-09-17,completed
3729,230,2026-01-01,completed
3730,749,2026-05-23,completed
3731,264,2026-01-15,pending
3732,758,2026-01-05,completed
3733,148,2025-12-01,completed
3734,728,2026-01-27,pending
3735,412,2025-10-25,completed
3736,362,2026-05-17,completed
3737,432,2026-01-24,pending
3738,752,2026-02-21,completed
3739,475,2026-01-15,completed
3740,682,2025-12-14,completed
3741,211,2026-03-29,completed
3742,196,2026-06-30,completed
3743,803,2026-06-03,completed
3744,562,2026-02-23,pending
3745,384,2026-01-26,completed
3746,403,2025-10-18,completed
3747,556,2025-08-25,completed
3748,927,2025-12-01,shipped
3749,423,2026-05-16,completed
3750,346,2025-10-20,completed
3751,676,2025-09-19,completed
3752,443,2026-03-22,completed
3753,25,2026-02-12,completed
3754,582,2026-01-14,completed
3755,764,2025-11-17,completed
3756,657,2025-09-18,completed
3757,155,2025-10-10,completed
3758,252,2026-02-25,pending
3759,781,2025-09-05,pending
3760,626,2025-12-09,pending
3761,544,2026-05-10,shipped
3762,693,2025-07-19,completed
3763,88,2025-08-03,completed
3764,340,2025-07-28,pending
3765,954,2025-12-08,pending
3766,762,2025-10-12,completed
3767,315,2025-10-18,shipped
3768,639,2026-01-02,pending
3769,927,2026-04-25,shipped
3770,347,2026-03-01,shipped
3771,311,2025-11-26,completed
3772,164,2026-04-14,pending
3773,168,2025-09-16,completed
3774,933,2026-03-30,completed
3775,576,2025-09-20,completed
3776,717,2026-02-26,cancelled
3777,869,2026-06-19,pending
3778,680,2025-08-28,pending
3779,100,2026-02-13,shipped
3780,902,2025-09-08,completed
3781,489,2026-01-11,completed
3782,601,2025-07-11,completed
3783,954,2026-01-02,completed
3784,187,2026-04-19,completed
3785,994,2025-07-11,completed
3786,581,2026-06-09,completed
3787,88,2025-12-21,pending
3788,182,2025-08-05,completed
3789,694,2025-12-01,completed
3790,114,2025-09-15,cancelled
3791,202,2026-06-08,cancelled
3792,300,2025-12-12,shipped
3793,364,2025-08-12,completed
3794,17,2026-03-11,completed
3795,428,2026-04-29,cancelled
3796,872,2026-01-03,completed
3797,287,2026-03-20,cancelled
3798,502,2025-07-13,completed
3799,54,2025-09-24,completed
3800,314,2026-06-24,completed
3801,346,2026-02-07,completed
3802,470,2026-06-02,completed
3803,565,2025-12-18,completed
3804,11,2026-05-16,shipped
3805,310,2025-07-10,completed
3806,390,2026-02-26,completed
3807,689,2026-06-21,completed
3808,344,2026-01-09,completed
3809,875,2026-03-20,cancelled
3810,417,2026-02-03,shipped
3811,966,2025-09-06,completed
3812,566,2025-11-11,completed
3813,274,2025-11-22,completed
3814,941,2026-02-16,completed
3815,936,2026-06-07,completed
3816,918,2026-03-18,completed
3817,826,2025-09-04,shipped
3818,77,2025-11-02,completed
3819,158,2025-08-03,completed
3820,798,2025-10-30,completed
3821,10,2025-08-08,shipped
3822,892,2025-12-22,pending
3823,160,2025-08-06,completed
3824,647,2026-02-21,pending
3825,109,2026-06-06,completed
3826,722,2025-07-29,completed
3827,191,2025-08-11,completed
3828,4,2025-08-16,completed
3829,239,2026-06-17,completed
3830,397,2025-08-10,completed
3831,198,2026-03-29,completed
3832,726,2025-10-10,cancelled
3833,724,2026-05-06,completed
3834,750,2025-11-25,completed
3835,454,2025-08-01,completed
3836,82,2025-07-04,completed
3837,270,2025-10-10,completed
3838,590,2026-04-04,cancelled
3839,127,2026-06-24,shipped
3840,193,2025-08-08,completed
3841,775,2025-12-12,cancelled
3842,405,2025-09-22,completed
3843,304,2026-04-30,completed
3844,656,2026-03-17,completed
3845,257,2026-02-04,shipped
3846,544,2025-11-01,completed
3847,258,2026-06-15,completed
3848,67,2025-09-21,completed
3849,353,2026-03-10,pending
3850,635,2025-07-31,shipped
3851,82,2026-02-06,completed
3852,13,2026-02-14,cancelled
3853,91,2026-06-11,completed
3854,715,2026-01-02,completed
3855,983,2026-06-13,completed
3856,745,2025-11-12,shipped
3857,367,2026-02-16,shipped
3858,380,2026-03-03,completed
3859,321,2026-03-08,completed
3860,234,2025-10-06,completed
3861,708,2025-07-22,completed
3862,902,2026-02-24,completed
3863,475,2026-01-23,pending
3864,464,2026-02-23,completed
3865,430,2026-01-14,pending
3866,808,2025-09-10,completed
3867,153,2026-05-20,completed
3868,445,2025-07-08,shipped
3869,928,2026-06-04,completed
3870,969,2026-04-30,completed
3871,17,2025-08-18,completed
3872,278,2025-09-15,completed
3873,510,2025-07-12,completed
3874,850,2025-12-03,cancelled
3875,285,2026-04-08,completed
3876,622,2026-03-07,shipped
3877,446,2026-02-07,pending
3878,500,2025-09-20,cancelled
3879,362,2025-07-31,cancelled
3880,976,2025-08-04,completed
3881,623,2026-03-02,completed
3882,532,2025-10-29,pending
3883,427,2025-10-19,completed
3884,647,2025-12-05,completed
3885,319,2026-05-19,completed
3886,627,2026-02-05,completed
3887,543,2025-09-05,completed
3888,827,2026-01-08,completed
3889,379,2025-09-04,completed
3890,65,2026-02-28,completed
3891,428,2026-01-06,completed
3892,705,2025-12-15,completed
3893,650,2025-12-08,pending
3894,806,2026-03-01,completed
3895,592,2025-12-22,shipped
3896,200,2026-06-23,pending
3897,801,2025-12-12,completed
3898,726,2025-10-26,completed
3899,833,2025-10-30,shipped
3900,577,2026-03-08,completed
3901,321,2025-07-10,completed
3902,394,2025-08-18,shipped
3903,330,2026-05-16,completed
3904,474,2026-03-09,completed
3905,69,2025-11-14,completed
3906,811,2025-10-07,shipped
3907,147,2026-06-30,completed
3908,486,2025-07-31,completed
3909,4,2026-05-21,completed
3910,495,2026-05-14,completed
3911,980,2025-11-17,completed
3912,620,2025-12-08,pending
3913,844,2025-10-11,shipped
3914,981,2025-10-05,pending
3915,124,2026-05-06,completed
3916,754,2025-08-01,pending
3917,819,2026-03-26,completed
3918,810,2025-11-05,completed
3919,839,2026-06-24,pending
3920,268,2025-11-30,completed
3921,26,2025-11-29,completed
3922,781,2026-05-26,completed
3923,477,2026-01-05,shipped
3924,458,2025-09-14,completed
3925,161,2026-04-11,completed
3926,111,2025-12-08,pending
3927,283,2026-02-19,completed
3928,465,2026-05-07,completed
3929,132,2026-04-27,completed
3930,127,2025-07-09,completed
3931,566,2025-12-15,completed
3932,323,2025-09-11,shipped
3933,564,2026-01-09,completed
3934,662,2026-02-08,completed
3935,335,2025-09-30,completed
3936,660,2025-07-18,completed
3937,775,2026-04-16,completed
3938,58,2026-03-19,shipped
3939,509,2025-09-06,completed
3940,144,2025-08-04,completed
3941,168,2026-03-25,pending
3942,95,2025-10-29,shipped
3943,347,2025-12-30,completed
3944,769,2025-12-23,completed
3945,559,2026-01-22,completed
3946,658,2026-01-30,shipped
3947,159,2026-06-21,completed
3948,834,2025-08-15,completed
3949,119,2025-09-20,shipped
3950,233,2025-11-11,completed
3951,700,2026-05-27,completed
3952,659,2025-07-27,shipped
3953,491,2025-10-24,completed
3954,777,2025-10-21,completed
3955,978,2025-09-17,pending
3956,328,2026-03-14,completed
3957,687,2026-05-21,completed
3958,784,2026-03-19,completed
3959,686,2025-07-13,shipped
3960,564,2026-01-29,completed
3961,604,2025-10-11,completed
3962,597,2025-10-26,completed
3963,719,2025-12-26,completed
3964,522,2026-01-05,pending
3965,407,2025-09-23,completed
3966,8,2026-04-01,pending
3967,289,2026-05-15,completed
3968,524,2026-01-08,completed
3969,773,2025-10-12,completed
3970,201,2025-12-19,completed
3971,403,2025-11-11,completed
3972,463,2025-11-24,completed
3973,991,2026-05-05,completed
3974,789,2026-03-20,completed
3975,116,2025-10-03,completed
3976,761,2025-08-24,pending
3977,205,2025-10-14,shipped
3978,853,2025-11-30,completed
3979,908,2025-10-18,completed
3980,370,2025-12-03,completed
3981,642,2026-05-28,completed
3982,223,2025-11-07,completed
3983,13,2025-12-06,completed
3984,882,2025-10-01,completed
3985,970,2026-03-13,shipped
3986,469,2025-12-15,cancelled
3987,772,2026-05-05,completed
3988,492,2026-03-09,completed
3989,815,2025-11-24,cancelled
3990,80,2025-11-05,completed
3991,874,2025-07-01,completed
3992,878,2025-07-26,completed
3993,953,2025-11-18,completed
3994,391,2026-02-13,shipped
3995,100,2025-09-20,completed
3996,662,2025-10-19,completed
3997,760,2026-02-02,pending
3998,287,2025-08-08,completed
3999,305,2025-07-12,shipped
4000,310,2025-08-31,completed
4001,953,2026-02-19,pending
4002,124,2025-10-13,pending
4003,812,2026-06-15,completed
4004,179,2026-03-01,completed
4005,743,2025-08-14,completed
4006,712,2026-04-23,completed
4007,24,2025-11-16,shipped
4008,65,2026-03-03,shipped
4009,221,2025-09-17,completed
4010,387,2026-06-13,completed
4011,443,2026-03-12,shipped
4012,180,2026-01-28,cancelled
4013,919,2026-04-22,completed
4014,983,2025-08-02,shipped
4015,727,2025-11-21,completed
4016,208,2026-03-03,shipped
4017,688,2025-07-13,completed
4018,241,2025-10-05,completed
4019,666,2025-07-01,completed
4020,856,2026-04-15,pending
4021,975,2026-04-13,shipped
4022,733,2025-10-27,shipped
4023,294,2025-07-25,completed
4024,377,2026-05-03,completed
4025,558,2026-02-27,completed
4026,924,2026-06-03,completed
4027,554,2026-04-09,completed
4028,356,2026-05-24,completed
4029,412,2026-04-24,completed
4030,786,2025-12-25,completed
4031,770,2026-06-10,pending
4032,556,2026-06-11,completed
4033,89,2026-02-07,completed
4034,341,2025-09-09,pending
4035,478,2026-05-27,completed
4036,883,2026-04-03,completed
4037,352,2025-07-22,completed
4038,149,2026-05-17,completed
4039,648,2026-04-03,shipped
4040,872,2025-09-20,shipped
4041,836,2025-09-10,shipped
4042,406,2026-06-20,completed
4043,902,2026-01-31,completed
4044,558,2026-03-14,completed
4045,590,2025-08-23,completed
4046,681,2026-04-08,pending
4047,701,2025-10-25,shipped
4048,501,2025-12-19,completed
4049,562,2026-01-08,pending
4050,673,2026-03-25,shipped
4051,591,2025-10-21,completed
4052,705,2026-01-25,shipped
4053,232,2025-08-24,completed
4054,160,2026-02-18,shipped
4055,734,2025-10-05,completed
4056,820,2026-03-16,completed
4057,938,2025-09-12,completed
4058,248,2025-12-04,shipped
4059,846,2025-12-03,completed
4060,99,2026-05-23,cancelled
4061,25,2025-10-06,completed
4062,124,2025-11-29,completed
4063,74,2026-06-14,completed
4064,974,2026-02-17,completed
4065,678,2025-12-31,completed
4066,612,2026-06-23,completed
4067,384,2026-01-15,completed
4068,635,2026-02-05,completed
4069,651,2026-03-02,completed
4070,696,2025-07-22,completed
4071,512,2025-07-17,completed
4072,262,2025-07-16,shipped
4073,771,2026-01-13,completed
4074,433,2025-08-20,completed
4075,902,2026-05-14,completed
4076,503,2026-06-16,cancelled
4077,40,2026-01-11,cancelled
4078,487,2025-08-14,completed
4079,85,2025-08-17,completed
4080,945,2026-05-20,completed
4081,768,2026-01-11,completed
4082,481,2026-05-06,completed
4083,566,2025-12-06,shipped
4084,222,2026-02-17,completed
4085,11,2025-08-18,completed
4086,884,2026-04-30,completed
4087,958,2025-07-15,completed
4088,515,2025-08-05,completed
4089,714,2025-11-18,completed
4090,670,2026-04-01,shipped
4091,600,2025-11-07,completed
4092,503,2026-03-22,completed
4093,301,2026-02-17,pending
4094,298,2025-07-21,completed
4095,113,2026-02-04,completed
4096,204,2025-08-09,completed
4097,6,2025-11-05,completed
4098,928,2026-05-31,completed
4099,45,2026-01-09,completed
4100,349,2025-10-23,pending
4101,866,2026-04-25,completed
4102,828,2026-02-13,shipped
4103,104,2025-08-29,completed
4104,759,2025-09-06,cancelled
4105,577,2026-05-06,completed
4106,376,2026-03-12,shipped
4107,22,2026-02-06,shipped
4108,378,2026-06-21,completed
4109,429,2025-08-24,completed
4110,447,2025-11-20,completed
4111,69,2026-02-02,completed
4112,899,2025-11-12,pending
4113,487,2025-12-31,completed
4114,929,2025-11-02,pending
4115,124,2025-09-09,completed
4116,585,2025-08-14,completed
4117,457,2025-10-09,completed
4118,383,2026-04-06,completed
4119,69,2026-03-02,cancelled
4120,190,2026-06-02,completed
4121,574,2025-08-29,completed
4122,151,2025-10-12,completed
4123,401,2026-06-25,completed
4124,523,2025-07-31,shipped
4125,538,2025-08-27,completed
4126,544,2026-04-26,completed
4127,328,2025-09-09,pending
4128,821,2026-03-03,completed
4129,487,2026-06-05,completed
4130,102,2025-10-18,completed
4131,649,2026-04-10,completed
4132,150,2025-08-06,completed
4133,149,2026-03-19,pending
4134,490,2025-08-04,completed
4135,580,2025-08-07,completed
4136,772,2026-05-17,completed
4137,371,2026-05-17,pending
4138,417,2025-11-12,completed
4139,44,2026-02-07,pending
4140,29,2026-01-19,completed
4141,401,2026-01-08,completed
4142,767,2025-10-24,pending
4143,630,2026-03-03,pending
4144,911,2026-03-18,completed
4145,162,2026-05-22,completed
4146,295,2026-03-24,completed
4147,444,2025-08-08,completed
4148,68,2026-01-30,completed
4149,914,2026-06-26,shipped
4150,41,2026-05-25,completed
4151,288,2026-01-18,completed
4152,311,2025-12-22,shipped
4153,335,2026-05-06,pending
4154,524,2026-02-26,completed
4155,604,2026-06-18,completed
4156,620,2026-06-15,completed
4157,141,2026-04-20,completed
4158,709,2025-08-16,completed
4159,546,2025-12-23,completed
4160,65,2026-05-20,completed
4161,957,2025-11-15,completed
4162,609,2025-11-25,completed
4163,950,2025-12-08,pending
4164,580,2025-10-31,completed
4165,197,2025-12-04,shipped
4166,693,2026-03-23,completed
4167,613,2025-11-13,completed
4168,193,2026-06-03,shipped
4169,822,2025-09-10,shipped
4170,195,2025-11-29,completed
4171,730,2026-01-02,completed
4172,210,2025-12-12,shipped
4173,533,2026-04-24,completed
4174,654,2025-11-27,completed
4175,809,2026-05-03,completed
4176,188,2025-12-20,pending
4177,384,2026-03-12,completed
4178,735,2026-03-05,completed
4179,471,2026-04-17,completed
4180,261,2025-09-13,completed
4181,128,2025-11-07,cancelled
4182,403,2026-04-08,completed
4183,832,2025-10-05,pending
4184,466,2026-03-11,pending
4185,598,2026-04-08,shipped
4186,582,2026-03-19,completed
4187,53,2025-11-14,cancelled
4188,502,2026-05-18,completed
4189,448,2026-03-01,completed
4190,144,2025-08-31,completed
4191,779,2026-01-02,shipped
4192,43,2025-07-28,shipped
4193,111,2025-11-20,completed
4194,131,2025-11-15,shipped
4195,434,2026-06-17,completed
4196,581,2026-06-04,completed
4197,346,2025-08-27,cancelled
4198,292,2025-11-19,completed
4199,226,2025-10-27,completed
4200,770,2026-04-19,completed
4201,363,2026-04-09,shipped
4202,24,2025-09-16,completed
4203,781,2025-12-10,completed
4204,209,2026-01-13,completed
4205,978,2025-07-09,completed
4206,759,2026-04-19,completed
4207,829,2025-11-16,completed
4208,253,2025-08-18,shipped
4209,248,2025-10-22,completed
4210,914,2025-09-23,completed
4211,287,2025-10-21,completed
4212,688,2025-10-31,completed
4213,882,2026-04-23,completed
4214,457,2026-01-14,completed
4215,868,2025-08-21,completed
4216,455,2026-06-30,completed
4217,872,2026-01-13,completed
4218,24,2026-01-11,completed
4219,211,2025-11-17,pending
4220,448,2026-03-09,shipped
4221,351,2026-03-26,completed
4222,520,2026-03-13,completed
4223,622,2026-02-12,completed
4224,721,2025-09-12,completed
4225,700,2026-06-23,completed
4226,213,2026-01-23,completed
4227,415,2025-12-28,completed
4228,921,2025-11-26,completed
4229,899,2026-05-04,completed
4230,703,2025-07-13,pending
4231,661,2025-11-02,completed
4232,731,2026-02-17,shipped
4233,586,2026-01-16,completed
4234,21,2026-01-12,completed
4235,932,2026-02-14,completed
4236,262,2026-02-09,completed
4237,376,2025-11-15,pending
4238,491,2025-11-11,completed
4239,875,2025-10-21,completed
4240,614,2026-03-22,completed
4241,867,2025-10-09,completed
4242,374,2026-01-12,completed
4243,93,2025-10-26,shipped
4244,95,2025-09-20,completed
4245,52,2026-04-10,completed
4246,955,2026-03-26,completed
4247,301,2025-09-15,completed
4248,286,2026-02-09,pending
4249,235,2025-10-04,completed
4250,534,2025-09-24,completed
4251,636,2025-08-17,completed
4252,802,2026-06-01,shipped
4253,296,2025-09-29,completed
4254,917,2026-02-02,completed
4255,828,2025-07-09,cancelled
4256,730,2026-05-05,completed
4257,276,2025-08-21,shipped
4258,547,2025-09-30,completed
4259,567,2026-02-22,shipped
4260,157,2025-09-30,completed
4261,252,2025-10-04,shipped
4262,876,2025-12-14,completed
4263,526,2025-11-17,shipped
4264,517,2026-03-14,pending
4265,139,2026-01-18,completed
4266,160,2026-02-26,shipped
4267,883,2025-11-01,completed
4268,588,2026-01-05,shipped
4269,252,2026-02-22,completed
4270,113,2026-06-29,shipped
4271,656,2025-09-21,completed
4272,69,2025-07-22,cancelled
4273,1,2025-09-08,completed
4274,819,2026-03-28,completed
4275,564,2026-01-19,completed
4276,911,2026-01-23,completed
4277,966,2026-05-28,completed
4278,592,2026-05-07,shipped
4279,770,2026-01-24,completed
4280,171,2026-01-25,completed
4281,130,2026-03-13,shipped
4282,76,2025-10-14,completed
4283,863,2026-01-05,completed
4284,926,2026-05-06,completed
4285,307,2026-01-09,completed
4286,499,2025-12-09,completed
4287,221,2025-07-09,completed
4288,769,2026-05-23,completed
4289,810,2026-04-29,shipped
4290,665,2025-09-10,shipped
4291,251,2026-01-19,completed
4292,926,2025-10-25,completed
4293,409,2026-03-07,completed
4294,381,2026-02-24,pending
4295,134,2026-02-23,completed
4296,252,2025-07-27,pending
4297,945,2026-05-24,completed
4298,55,2026-01-08,completed
4299,909,2026-01-14,completed
4300,80,2026-02-07,completed
4301,841,2025-12-29,completed
4302,42,2026-03-02,pending
4303,70,2026-03-03,completed
4304,318,2025-10-08,pending
4305,12,2025-09-23,cancelled
4306,763,2025-09-13,shipped
4307,62,2025-11-16,completed
4308,646,2025-10-20,completed
4309,460,2025-07-13,completed
4310,472,2026-05-10,completed
4311,292,2025-12-15,completed
4312,600,2026-03-22,completed
4313,777,2026-02-10,completed
4314,38,2026-03-21,completed
4315,747,2026-04-07,shipped
4316,69,2026-03-17,cancelled
4317,956,2025-09-17,shipped
4318,677,2025-12-17,shipped
4319,274,2026-05-22,completed
4320,96,2025-10-09,completed
4321,404,2025-11-19,completed
4322,311,2025-07-23,completed
4323,200,2025-09-07,completed
4324,428,2025-10-08,shipped
4325,438,2025-09-16,completed
4326,939,2025-11-08,completed
4327,168,2025-08-03,pending
4328,745,2025-11-13,completed
4329,225,2025-08-03,completed
4330,948,2025-09-23,completed
4331,82,2025-08-28,completed
4332,632,2025-12-23,shipped
4333,872,2026-01-07,completed
4334,591,2025-11-10,completed
4335,647,2025-12-17,completed
4336,160,2026-03-27,completed
4337,533,2026-04-28,completed
4338,797,2026-05-01,pending
4339,835,2025-10-24,completed
4340,279,2026-03-05,completed
4341,308,2026-03-18,completed
4342,53,2026-01-24,cancelled
4343,821,2025-12-01,pending
4344,844,2025-08-24,completed
4345,865,2025-10-23,shipped
4346,476,2025-11-05,pending
4347,715,2025-08-20,completed
4348,423,2026-01-02,shipped
4349,581,2026-01-31,completed
4350,249,2025-08-11,completed
4351,972,2026-03-04,pending
4352,794,2025-08-03,completed
4353,447,2025-07-30,completed
4354,158,2026-02-07,completed
4355,342,2025-07-16,pending
4356,316,2025-08-30,completed
4357,951,2026-03-09,cancelled
4358,220,2026-04-28,completed
4359,294,2025-10-29,completed
4360,345,2025-09-23,completed
4361,608,2025-12-15,completed
4362,104,2025-08-12,completed
4363,154,2025-07-05,completed
4364,919,2026-03-10,completed
4365,664,2026-06-23,completed
4366,3,2025-07-27,completed
4367,137,2025-07-17,completed
4368,696,2026-01-04,completed
4369,366,2026-06-24,completed
4370,42,2025-08-14,completed
4371,339,2025-12-06,completed
4372,85,2026-04-25,cancelled
4373,1,2026-05-11,shipped
4374,809,2025-10-07,completed
4375,844,2026-01-17,cancelled
4376,274,2025-08-25,completed
4377,857,2026-05-12,completed
4378,292,2026-05-10,completed
4379,621,2026-02-22,pending
4380,659,2025-09-19,shipped
4381,99,2026-03-21,completed
4382,706,2025-10-23,completed
4383,873,2026-01-18,completed
4384,712,2025-09-22,completed
4385,368,2026-02-17,cancelled
4386,301,2025-12-04,completed
4387,429,2026-01-22,shipped
4388,814,2025-10-29,cancelled
4389,683,2025-12-06,completed
4390,473,2025-11-01,completed
4391,38,2025-09-18,completed
4392,897,2026-04-27,completed
4393,460,2025-08-25,completed
4394,290,2025-08-07,shipped
4395,328,2026-06-18,completed
4396,446,2026-03-04,completed
4397,685,2026-05-26,pending
4398,747,2026-04-09,completed
4399,215,2026-06-29,pending
4400,35,2026-06-01,completed
4401,197,2026-01-17,completed
4402,33,2025-07-26,shipped
4403,399,2025-11-07,completed
4404,475,2026-03-12,completed
4405,803,2026-01-20,shipped
4406,461,2025-12-13,completed
4407,764,2025-12-15,cancelled
4408,675,2026-02-02,completed
4409,889,2026-04-17,completed
4410,891,2025-07-04,shipped
4411,426,2025-11-06,completed
4412,152,2025-12-19,completed
4413,246,2025-09-10,completed
4414,981,2026-03-11,completed
4415,739,2025-10-12,completed
4416,790,2025-07-20,completed
4417,729,2026-01-01,completed
4418,382,2026-05-11,completed
4419,495,2025-08-23,shipped
4420,207,2026-03-14,completed
4421,697,2025-12-18,completed
4422,281,2026-03-16,completed
4423,605,2026-03-28,completed
4424,202,2026-05-10,completed
4425,466,2025-07-21,cancelled
4426,561,2026-04-29,completed
4427,46,2026-02-19,completed
4428,418,2025-07-10,completed
4429,486,2025-08-02,shipped
4430,952,2026-01-30,completed
4431,586,2026-05-08,completed
4432,855,2025-12-09,completed
4433,272,2026-02-16,completed
4434,873,2026-05-30,completed
4435,685,2025-10-26,pending
4436,405,2025-11-08,completed
4437,235,2026-03-29,completed
4438,245,2026-02-16,completed
4439,49,2026-02-06,cancelled
4440,549,2025-11-18,shipped
4441,963,2026-04-06,completed
4442,890,2026-03-14,cancelled
4443,807,2026-05-24,completed
4444,680,2026-05-04,completed
4445,219,2026-04-24,completed
4446,295,2026-04-09,shipped
4447,948,2025-10-29,cancelled
4448,744,2026-04-14,completed
4449,672,2026-04-06,completed
4450,440,2026-06-16,completed
4451,252,2026-05-28,pending
4452,102,2025-07-11,completed
4453,174,2025-11-10,completed
4454,264,2026-06-09,completed
4455,209,2026-02-04,shipped
4456,100,2026-01-02,shipped
4457,317,2025-11-25,cancelled
4458,562,2026-06-20,completed
4459,160,2025-08-09,pending
4460,977,2025-07-02,completed
4461,989,2025-11-16,completed
4462,346,2026-02-17,completed
4463,477,2026-03-31,completed
4464,685,2026-03-04,completed
4465,365,2025-08-12,shipped
4466,181,2025-12-28,completed
4467,559,2025-10-05,pending
4468,933,2025-07-10,pending
4469,65,2025-08-14,completed
4470,165,2025-12-23,completed
4471,548,2026-06-19,completed
4472,360,2026-05-20,completed
4473,812,2026-01-16,shipped
4474,827,2025-08-23,completed
4475,218,2026-01-23,completed
4476,653,2026-05-14,completed
4477,766,2026-04-27,completed
4478,855,2025-10-25,completed
4479,571,2026-03-11,shipped
4480,330,2026-01-15,completed
4481,922,2025-10-10,completed
4482,193,2026-02-17,completed
4483,18,2025-12-29,cancelled
4484,665,2026-01-07,completed
4485,993,2025-07-04,completed
4486,88,2026-02-23,completed
4487,609,2025-08-19,completed
4488,608,2025-08-29,completed
4489,567,2026-03-11,cancelled
4490,123,2025-12-22,completed
4491,806,2025-07-17,shipped
4492,252,2025-12-10,completed
4493,301,2026-02-03,completed
4494,57,2025-08-24,pending
4495,988,2026-06-06,cancelled
4496,265,2026-06-22,shipped
4497,288,2025-09-17,completed
4498,77,2026-01-27,cancelled
4499,77,2026-01-03,completed
4500,417,2025-12-01,completed
4501,336,2025-11-23,completed
4502,891,2025-08-17,completed
4503,618,2026-03-26,completed
4504,372,2025-08-21,completed
4505,787,2025-11-13,completed
4506,188,2025-09-02,completed
4507,820,2026-04-25,completed
4508,284,2025-07-26,completed
4509,773,2026-04-08,completed
4510,832,2025-08-10,shipped
4511,892,2026-04-22,completed
4512,929,2025-11-30,completed
4513,103,2025-11-30,pending
4514,320,2025-07-21,pending
4515,96,2026-02-01,completed
4516,759,2025-11-15,completed
4517,97,2025-08-05,pending
4518,5,2026-04-28,completed
4519,44,2026-03-02,completed
4520,416,2026-01-01,completed
4521,163,2025-11-13,completed
4522,917,2026-04-14,shipped
4523,343,2025-08-11,completed
4524,941,2026-05-29,completed
4525,646,2025-08-23,shipped
4526,224,2026-02-26,shipped
4527,174,2025-09-03,shipped
4528,522,2026-06-15,completed
4529,6,2026-01-25,completed
4530,591,2025-11-17,shipped
4531,505,2025-10-05,completed
4532,441,2025-07-31,completed
4533,398,2026-06-07,completed
4534,300,2026-03-28,completed
4535,998,2026-01-24,completed
4536,295,2026-04-23,completed
4537,877,2026-05-12,pending
4538,431,2026-06-27,completed
4539,510,2026-05-06,completed
4540,416,2025-08-28,completed
4541,708,2025-11-07,completed
4542,834,2025-10-03,completed
4543,991,2025-08-31,completed
4544,729,2025-09-06,completed
4545,763,2025-11-05,completed
4546,701,2025-08-06,completed
4547,284,2025-10-20,cancelled
4548,3,2026-04-21,completed
4549,850,2025-08-26,completed
4550,110,2026-01-28,completed
4551,148,2026-02-14,completed
4552,805,2026-05-28,completed
4553,333,2026-01-05,cancelled
4554,676,2026-01-10,completed
4555,455,2025-11-18,completed
4556,150,2026-05-22,completed
4557,193,2025-12-28,pending
4558,249,2026-06-05,completed
4559,448,2025-11-18,completed
4560,444,2025-07-02,completed
4561,801,2025-08-01,pending
4562,767,2025-07-31,completed
4563,209,2025-11-26,completed
4564,145,2025-11-25,completed
4565,437,2025-09-29,shipped
4566,805,2026-02-28,shipped
4567,601,2025-08-03,completed
4568,660,2025-12-03,completed
4569,705,2025-10-11,pending
4570,987,2026-03-02,completed
4571,492,2025-09-21,completed
4572,18,2025-09-07,shipped
4573,498,2026-05-27,completed
4574,522,2026-04-09,completed
4575,113,2025-09-13,completed
4576,535,2026-01-06,completed
4577,279,2025-08-20,pending
4578,819,2026-03-22,completed
4579,21,2026-01-23,completed
4580,248,2025-08-24,pending
4581,830,2025-11-07,completed
4582,954,2026-06-08,completed
4583,589,2026-05-11,shipped
4584,944,2026-03-29,completed
4585,542,2026-03-12,completed
4586,336,2025-07-11,shipped
4587,430,2026-04-10,completed
4588,493,2025-07-01,completed
4589,751,2025-08-25,completed
4590,258,2026-02-03,completed
4591,601,2025-11-17,completed
4592,686,2026-01-22,shipped
4593,579,2026-05-05,completed
4594,390,2025-08-19,completed
4595,912,2025-10-09,completed
4596,879,2025-07-24,completed
4597,778,2026-02-27,completed
4598,505,2025-12-18,completed
4599,17,2026-04-14,completed
4600,579,2025-08-22,pending
4601,421,2025-10-27,pending
4602,479,2025-10-13,completed
4603,106,2025-08-07,completed
4604,452,2026-04-07,shipped
4605,756,2025-10-22,completed
4606,100,2026-01-06,completed
4607,941,2025-07-06,completed
4608,288,2025-08-31,completed
4609,915,2026-02-16,completed
4610,946,2025-12-22,completed
4611,96,2025-08-30,shipped
4612,550,2026-05-03,shipped
4613,46,2025-11-01,completed
4614,555,2025-11-19,completed
4615,747,2026-06-22,completed
4616,837,2026-03-08,cancelled
4617,909,2026-01-27,completed
4618,516,2025-08-15,completed
4619,285,2026-04-21,completed
4620,358,2026-06-22,pending
4621,570,2026-02-17,completed
4622,757,2025-07-14,completed
4623,586,2026-05-18,completed
4624,198,2025-11-18,completed
4625,240,2025-09-19,shipped
4626,201,2025-09-30,shipped
4627,136,2025-10-10,completed
4628,678,2025-08-01,completed
4629,138,2026-05-13,completed
4630,376,2025-10-13,completed
4631,855,2025-12-01,completed
4632,705,2025-09-17,completed
4633,486,2025-09-20,completed
4634,384,2025-09-26,completed
4635,701,2025-09-28,shipped
4636,112,2026-02-01,completed
4637,217,2025-09-19,completed
4638,112,2026-01-29,completed
4639,833,2026-06-24,completed
4640,731,2026-03-24,completed
4641,544,2026-06-12,pending
4642,921,2026-04-29,cancelled
4643,338,2026-04-26,pending
4644,849,2025-09-19,cancelled
4645,677,2026-03-30,completed
4646,436,2026-02-15,completed
4647,286,2026-02-13,completed
4648,220,2026-05-07,pending
4649,201,2025-07-11,completed
4650,792,2026-01-09,completed
4651,896,2025-08-16,completed
4652,130,2026-06-21,pending
4653,755,2025-10-26,shipped
4654,574,2025-08-27,completed
4655,595,2026-05-29,shipped
4656,55,2025-09-08,completed
4657,897,2026-04-02,completed
4658,247,2025-09-03,pending
4659,879,2026-03-18,completed
4660,248,2025-08-07,completed
4661,348,2025-08-12,completed
4662,266,2025-08-17,completed
4663,140,2026-04-08,shipped
4664,438,2025-07-23,completed
4665,144,2025-10-14,shipped
4666,716,2025-10-21,completed
4667,152,2026-03-23,completed
4668,433,2025-08-06,shipped
4669,83,2026-04-06,shipped
4670,472,2025-12-12,completed
4671,868,2025-11-19,completed
4672,784,2025-07-17,completed
4673,794,2025-07-14,completed
4674,884,2025-07-13,shipped
4675,86,2025-07-16,completed
4676,600,2026-05-23,completed
4677,195,2026-06-18,completed
4678,450,2025-08-20,shipped
4679,664,2026-04-02,completed
4680,767,2026-05-19,cancelled
4681,737,2025-07-14,completed
4682,321,2025-12-28,completed
4683,814,2025-08-28,pending
4684,297,2026-05-27,shipped
4685,164,2025-11-11,completed
4686,615,2025-09-14,completed
4687,489,2026-04-03,completed
4688,933,2026-03-25,shipped
4689,180,2025-09-16,shipped
4690,514,2025-11-25,completed
4691,322,2025-07-22,completed
4692,520,2025-07-21,completed
4693,46,2025-07-14,completed
4694,678,2025-07-02,completed
4695,387,2025-11-03,completed
4696,91,2025-12-22,completed
4697,282,2026-03-22,completed
4698,387,2026-01-24,completed
4699,423,2025-10-29,completed
4700,524,2025-11-15,completed
4701,379,2025-12-12,completed
4702,318,2026-01-04,shipped
4703,385,2026-04-22,shipped
4704,732,2026-04-09,completed
4705,55,2026-02-26,completed
4706,421,2025-11-01,completed
4707,572,2026-05-11,completed
4708,806,2025-12-29,cancelled
4709,798,2026-05-16,completed
4710,190,2026-03-27,completed
4711,275,2025-08-01,shipped
4712,887,2025-09-01,completed
4713,128,2026-03-28,pending
4714,757,2026-03-28,completed
4715,751,2026-05-17,completed
4716,182,2026-05-26,completed
4717,511,2026-02-28,pending
4718,529,2025-11-05,completed
4719,542,2025-10-05,completed
4720,275,2026-01-21,completed
4721,68,2026-06-10,completed
4722,634,2026-01-21,completed
4723,535,2025-09-26,completed
4724,683,2026-06-08,shipped
4725,305,2026-01-25,completed
4726,901,2025-11-02,completed
4727,378,2025-09-05,shipped
4728,442,2026-03-28,completed
4729,984,2025-12-06,shipped
4730,474,2025-08-12,pending
4731,299,2026-01-16,pending
4732,400,2026-05-20,completed
4733,776,2026-01-08,completed
4734,192,2025-07-22,completed
4735,739,2025-10-26,completed
4736,557,2025-12-22,completed
4737,197,2025-11-28,cancelled
4738,685,2025-07-12,completed
4739,316,2026-01-10,completed
4740,884,2025-11-21,completed
4741,984,2026-04-21,shipped
4742,939,2026-03-16,pending
4743,749,2025-10-24,completed
4744,570,2025-11-01,completed
4745,183,2026-03-23,shipped
4746,340,2025-11-19,shipped
4747,477,2025-09-07,completed
4748,64,2026-06-22,completed
4749,39,2025-12-22,completed
4750,59,2026-05-24,cancelled
4751,245,2025-11-27,completed
4752,214,2025-10-19,cancelled
4753,199,2025-12-29,shipped
4754,602,2025-11-09,completed
4755,126,2026-06-28,completed
4756,827,2025-10-22,completed
4757,93,2025-08-22,completed
4758,466,2026-05-04,completed
4759,558,2025-09-02,completed
4760,247,2025-10-10,completed
4761,696,2026-05-20,completed
4762,138,2025-10-19,completed
4763,232,2025-12-13,completed
4764,876,2026-01-25,completed
4765,980,2025-08-09,completed
4766,780,2026-05-10,completed
4767,399,2025-12-15,completed
4768,879,2026-03-14,completed
4769,738,2026-04-09,pending
4770,11,2025-07-05,pending
4771,841,2025-10-15,completed
4772,601,2025-07-16,completed
4773,115,2026-01-29,completed
4774,537,2026-05-02,pending
4775,705,2025-11-03,completed
4776,653,2026-02-27,shipped
4777,747,2025-11-13,completed
4778,123,2026-05-02,cancelled
4779,939,2026-01-29,completed
4780,697,2026-05-14,completed
4781,625,2026-01-05,shipped
4782,908,2025-09-07,completed
4783,619,2025-12-07,completed
4784,892,2025-09-02,completed
4785,294,2026-04-21,completed
4786,232,2025-11-27,completed
4787,489,2026-03-29,completed
4788,601,2025-07-14,completed
4789,200,2026-01-25,completed
4790,965,2025-09-19,completed
4791,518,2026-05-05,completed
4792,463,2025-10-31,completed
4793,429,2025-12-20,completed
4794,957,2025-11-08,completed
4795,134,2025-11-28,completed
4796,964,2026-01-25,shipped
4797,646,2026-01-04,completed
4798,244,2025-12-20,completed
4799,439,2026-01-19,completed
4800,532,2025-07-24,completed
4801,765,2025-08-29,completed
4802,962,2025-07-10,completed
4803,896,2025-10-07,cancelled
4804,907,2026-03-24,completed
4805,408,2026-01-16,pending
4806,838,2025-08-15,pending
4807,396,2025-07-14,completed
4808,75,2026-02-19,completed
4809,103,2025-10-17,cancelled
4810,261,2025-10-20,pending
4811,54,2025-12-30,shipped
4812,564,2026-03-18,completed
4813,112,2026-04-19,completed
4814,435,2026-03-06,shipped
4815,925,2026-05-26,completed
4816,538,2025-10-16,shipped
4817,768,2025-11-26,cancelled
4818,248,2025-08-29,completed
4819,6,2026-04-10,shipped
4820,799,2026-02-15,completed
4821,244,2025-11-30,completed
4822,935,2026-06-07,completed
4823,140,2026-03-28,completed
4824,240,2025-10-17,completed
4825,742,2026-05-11,completed
4826,684,2025-08-22,completed
4827,711,2026-06-19,completed
4828,520,2025-07-25,completed
4829,595,2026-04-16,shipped
4830,293,2025-11-26,completed
4831,732,2025-07-09,cancelled
4832,597,2025-11-08,shipped
4833,775,2026-01-23,completed
4834,639,2026-04-20,pending
4835,786,2026-02-01,completed
4836,891,2026-01-09,shipped
4837,851,2025-11-29,completed
4838,778,2026-05-06,completed
4839,695,2026-06-12,shipped
4840,92,2026-02-19,pending
4841,149,2025-11-29,completed
4842,594,2026-01-04,completed
4843,255,2026-04-18,completed
4844,106,2026-04-16,completed
4845,909,2026-03-14,completed
4846,812,2026-05-13,cancelled
4847,977,2025-10-08,completed
4848,111,2025-10-06,completed
4849,302,2025-10-23,shipped
4850,414,2026-02-06,completed
4851,418,2025-07-29,completed
4852,572,2025-07-12,completed
4853,656,2026-01-20,completed
4854,996,2026-01-30,pending
4855,453,2026-05-25,completed
4856,317,2025-10-19,completed
4857,533,2025-10-25,completed
4858,687,2025-12-14,completed
4859,666,2026-01-02,completed
4860,142,2026-03-24,completed
4861,776,2026-04-14,completed
4862,848,2025-11-23,completed
4863,984,2025-12-24,completed
4864,121,2026-06-05,cancelled
4865,580,2026-06-21,completed
4866,31,2025-12-22,completed
4867,416,2025-09-14,completed
4868,558,2025-12-31,completed
4869,677,2026-02-08,completed
4870,392,2026-04-08,completed
4871,417,2025-12-24,completed
4872,16,2025-10-19,completed
4873,101,2026-02-04,completed
4874,904,2026-06-17,completed
4875,827,2025-10-06,completed
4876,345,2026-04-19,cancelled
4877,258,2025-08-31,shipped
4878,409,2025-11-14,completed
4879,602,2025-11-01,shipped
4880,871,2025-12-07,completed
4881,921,2026-05-17,completed
4882,853,2025-07-16,cancelled
4883,771,2026-03-02,completed
4884,684,2025-07-04,pending
4885,615,2026-02-08,completed
4886,65,2026-01-16,cancelled
4887,854,2025-08-29,cancelled
4888,516,2026-01-15,completed
4889,685,2025-08-11,completed
4890,343,2026-05-10,shipped
4891,50,2025-07-14,pending
4892,541,2026-01-09,completed
4893,286,2026-05-28,completed
4894,622,2026-05-19,completed
4895,56,2025-12-12,completed
4896,884,2025-09-29,completed
4897,893,2025-10-09,completed
4898,658,2026-02-12,completed
4899,52,2025-09-12,shipped
4900,653,2025-10-21,completed
4901,918,2025-07-09,completed
4902,614,2026-02-12,completed
4903,60,2025-09-22,shipped
4904,907,2026-02-15,completed
4905,782,2026-01-23,pending
4906,134,2026-06-09,completed
4907,20,2025-12-24,completed
4908,764,2025-08-17,pending
4909,846,2026-05-17,completed
4910,946,2026-01-13,completed
4911,579,2025-09-21,completed
4912,69,2026-05-05,shipped
4913,24,2025-11-12,completed
4914,691,2026-03-26,completed
4915,994,2025-08-04,completed
4916,465,2025-10-12,completed
4917,978,2025-09-06,pending
4918,733,2025-12-31,pending
4919,354,2025-10-12,pending
4920,112,2026-01-22,completed
4921,476,2025-08-10,completed
4922,695,2025-09-23,completed
4923,168,2026-05-05,completed
4924,225,2025-08-27,shipped
4925,845,2025-10-30,completed
4926,326,2026-06-08,completed
4927,560,2026-03-11,completed
4928,386,2025-12-24,completed
4929,459,2025-10-20,completed
4930,559,2026-06-07,completed
4931,607,2025-11-13,completed
4932,886,2025-09-25,completed
4933,145,2025-07-25,pending
4934,523,2025-11-28,completed
4935,442,2025-08-18,completed
4936,243,2025-07-28,completed
4937,257,2026-06-15,shipped
4938,482,2026-01-20,completed
4939,927,2025-09-11,completed
4940,684,2026-03-13,completed
4941,77,2025-10-04,completed
4942,655,2025-09-21,completed
4943,916,2026-03-09,shipped
4944,848,2026-04-01,completed
4945,199,2026-05-18,completed
4946,176,2026-01-31,completed
4947,753,2025-12-22,shipped
4948,622,2026-06-17,completed
4949,888,2026-02-04,shipped
4950,249,2026-04-03,pending
4951,182,2026-03-21,completed
4952,419,2025-12-11,completed
4953,587,2025-10-26,shipped
4954,505,2025-07-12,shipped
4955,558,2026-04-28,shipped
4956,413,2026-02-05,completed
4957,465,2025-08-30,completed
4958,413,2025-08-01,pending
4959,242,2026-03-12,pending
4960,799,2026-03-23,shipped
4961,374,2025-07-08,shipped
4962,554,2026-01-09,completed
4963,861,2026-06-03,completed
4964,645,2025-10-23,completed
4965,164,2026-06-11,completed
4966,696,2026-01-18,pending
4967,16,2026-01-04,shipped
4968,459,2026-04-03,pending
4969,272,2026-06-17,completed
4970,751,2025-09-15,completed
4971,789,2026-05-30,pending
4972,585,2025-08-07,completed
4973,408,2026-04-17,cancelled
4974,978,2026-05-01,completed
4975,548,2026-04-29,shipped
4976,241,2025-11-15,completed
4977,555,2026-05-08,completed
4978,889,2026-04-06,completed
4979,130,2025-09-20,pending
4980,872,2025-07-20,completed
4981,975,2025-07-18,completed
4982,679,2025-10-26,shipped
4983,999,2026-02-07,shipped
4984,257,2026-06-20,completed
4985,664,2025-11-27,completed
4986,346,2026-05-07,shipped
4987,525,2026-05-09,completed
4988,663,2025-08-03,completed
4989,463,2025-12-25,completed
4990,469,2026-03-17,cancelled
4991,712,2025-07-19,completed
4992,366,2025-08-16,pending
4993,917,2025-10-29,completed
4994,400,2026-02-15,completed
4995,788,2026-04-03,cancelled
4996,27,2025-10-04,pending
4997,282,2026-02-17,completed
4998,987,2025-08-09,completed
4999,680,2026-05-18,cancelled
5000,626,2026-03-11,completed
