order_item_id,order_id,product_id,quantity,unit_price
1,1,139,4,23520
2,1,39,5,45290
3,1,160,4,37840
4,1,148,2,23400
5,2,82,5,11130
6,2,133,2,18260
7,3,192,3,38710
8,3,10,5,18110
9,3,165,1,890
10,3,137,4,14450
11,4,175,2,9920
12,4,161,3,39580
13,5,179,3,22600
14,6,170,3,22140
15,7,98,4,49700
16,7,187,5,780
17,7,159,1,20020
18,7,85,1,42420
19,8,43,3,1620
20,9,200,3,31300
21,9,192,3,38710
22,10,65,4,14340
23,10,47,4,44310
24,10,135,5,32920
25,11,51,3,7510
26,11,36,2,29540
27,11,91,2,14990
28,11,157,2,47190
29,12,101,5,9720
30,12,57,5,18020
31,12,50,1,38160
32,13,104,1,34560
33,13,43,3,1620
34,13,67,2,42420
35,14,185,3,14410
36,14,124,4,25220
37,14,46,2,45280
38,15,104,2,34560
39,15,151,2,37350
40,16,136,3,23560
41,16,156,1,42140
42,16,176,2,640
43,17,144,4,22700
44,18,94,4,5730
45,18,7,5,7180
46,18,166,3,23630
47,19,144,3,22700
48,19,84,4,13720
49,19,5,3,29400
50,19,157,3,47190
51,20,2,3,32000
52,20,50,5,38160
53,21,173,5,18870
54,22,29,4,15950
55,23,43,3,1620
56,23,13,5,45440
57,23,51,2,7510
58,23,134,3,49990
59,24,23,3,37880
60,25,101,1,9720
61,25,79,3,13300
62,26,117,3,48050
63,26,28,2,23450
64,26,84,1,13720
65,27,187,3,780
66,27,45,5,48430
67,28,108,5,34950
68,28,122,1,14740
69,29,110,3,23300
70,29,115,1,25970
71,30,159,3,20020
72,31,179,1,22600
73,31,165,3,890
74,32,10,3,18110
75,33,117,5,48050
76,33,99,5,39080
77,34,179,5,22600
78,35,144,2,22700
79,35,16,4,44100
80,35,155,1,24200
81,35,188,3,31180
82,36,34,5,490
83,36,61,5,38570
84,36,132,3,7320
85,37,42,4,21660
86,37,36,4,29540
87,37,85,1,42420
88,37,143,3,120
89,38,194,3,34820
90,38,116,3,8830
91,38,138,2,970
92,38,114,2,680
93,39,181,3,18290
94,39,87,5,7120
95,39,131,3,38730
96,39,190,5,21370
97,40,94,3,5730
98,40,82,2,11130
99,40,183,5,39280
100,40,158,2,30990
101,41,158,4,30990
102,41,31,3,25140
103,41,22,1,46570
104,42,2,1,32000
105,42,11,2,44800
106,43,96,5,1450
107,43,164,2,29020
108,43,59,1,19270
109,44,34,1,490
110,44,165,3,890
111,45,18,3,17440
112,45,54,3,36650
113,45,2,4,32000
114,46,134,2,49990
115,47,143,1,120
116,47,189,3,26750
117,47,47,3,44310
118,47,175,3,9920
119,48,99,4,39080
120,48,151,2,37350
121,48,159,4,20020
122,48,184,2,41260
123,49,115,3,25970
124,49,164,4,29020
125,49,113,2,42900
126,49,185,1,14410
127,50,94,2,5730
128,50,132,3,7320
129,51,54,2,36650
130,51,18,2,17440
131,51,135,5,32920
132,52,189,2,26750
133,53,17,2,25060
134,53,33,5,26010
135,54,166,3,23630
136,54,2,5,32000
137,55,16,4,44100
138,56,24,5,23910
139,57,107,4,48350
140,57,68,2,18350
141,58,184,4,41260
142,58,142,3,3050
143,59,137,2,14450
144,60,104,4,34560
145,60,133,2,18260
146,60,181,2,18290
147,60,23,3,37880
148,61,119,3,30050
149,61,83,5,46980
150,61,67,3,42420
151,61,192,4,38710
152,62,98,5,49700
153,62,40,1,49790
154,63,37,5,39410
155,63,159,4,20020
156,63,24,4,23910
157,64,187,4,780
158,64,27,1,10600
159,65,184,1,41260
160,65,113,4,42900
161,66,17,2,25060
162,66,118,2,44010
163,67,184,5,41260
164,67,187,2,780
165,67,56,1,39700
166,67,145,3,32470
167,68,45,5,48430
168,68,40,5,49790
169,69,190,2,21370
170,69,106,1,39590
171,70,84,3,13720
172,70,169,2,29060
173,70,150,5,18630
174,70,20,5,18180
175,71,61,3,38570
176,71,43,3,1620
177,72,148,2,23400
178,72,139,3,23520
179,73,69,4,29000
180,73,107,4,48350
181,73,32,4,46430
182,74,42,3,21660
183,74,101,2,9720
184,75,147,3,5720
185,76,65,4,14340
186,76,148,5,23400
187,76,199,1,19410
188,77,115,5,25970
189,77,155,4,24200
190,78,48,5,30060
191,79,113,2,42900
192,79,18,1,17440
193,80,64,4,47500
194,80,171,5,40970
195,80,153,4,33450
196,81,55,4,46490
197,82,36,5,29540
198,82,149,2,28610
199,82,143,2,120
200,83,8,1,31340
201,83,173,2,18870
202,84,102,1,10770
203,84,187,5,780
204,84,186,2,42550
205,85,10,3,18110
206,85,12,5,24510
207,86,156,5,42140
208,86,176,5,640
209,86,120,5,32650
210,86,133,4,18260
211,87,176,3,640
212,87,54,5,36650
213,87,178,3,25930
214,88,61,5,38570
215,88,164,4,29020
216,89,193,1,30070
217,90,5,3,29400
218,90,72,2,13660
219,91,166,1,23630
220,91,21,4,16010
221,91,147,1,5720
222,91,83,3,46980
223,92,54,5,36650
224,92,187,1,780
225,93,200,2,31300
226,94,200,5,31300
227,94,187,3,780
228,95,24,3,23910
229,96,123,5,45550
230,96,71,2,41210
231,97,157,2,47190
232,98,148,4,23400
233,99,22,4,46570
234,99,54,1,36650
235,99,176,5,640
236,99,152,1,480
237,100,102,2,10770
238,100,13,2,45440
239,101,54,2,36650
240,102,176,4,640
241,103,120,1,32650
242,103,193,1,30070
243,103,170,5,22140
244,103,36,1,29540
245,104,29,4,15950
246,105,27,1,10600
247,105,34,5,490
248,105,47,1,44310
249,105,11,4,44800
250,106,186,5,42550
251,106,88,4,49780
252,107,51,2,7510
253,107,160,1,37840
254,108,147,4,5720
255,108,50,3,38160
256,108,111,2,33570
257,109,170,2,22140
258,110,167,5,28110
259,110,171,1,40970
260,110,78,2,39340
261,110,199,3,19410
262,111,26,3,40010
263,111,24,1,23910
264,112,161,1,39580
265,112,135,5,32920
266,112,36,3,29540
267,112,87,2,7120
268,113,153,4,33450
269,113,74,2,12400
270,114,152,2,480
271,115,90,1,49320
272,115,185,1,14410
273,115,98,2,49700
274,116,33,5,26010
275,116,200,4,31300
276,116,178,1,25930
277,117,59,4,19270
278,118,37,3,39410
279,119,109,5,39180
280,119,92,3,21760
281,120,100,2,3290
282,120,79,2,13300
283,120,196,1,23000
284,121,20,2,18180
285,121,191,1,21630
286,121,200,2,31300
287,122,14,5,10190
288,122,109,2,39180
289,122,32,4,46430
290,122,93,2,37240
291,123,72,5,13660
292,123,16,1,44100
293,123,43,4,1620
294,123,154,1,45860
295,124,110,2,23300
296,124,152,2,480
297,124,6,2,23840
298,124,106,3,39590
299,125,88,3,49780
300,126,41,1,11560
301,126,176,2,640
302,126,162,3,5630
303,127,64,1,47500
304,128,5,5,29400
305,129,104,4,34560
306,129,128,3,32910
307,129,145,4,32470
308,130,160,4,37840
309,130,17,5,25060
310,130,95,3,31670
311,131,73,2,42250
312,131,109,3,39180
313,131,45,4,48430
314,132,36,3,29540
315,133,112,5,540
316,133,1,1,35570
317,133,29,1,15950
318,133,12,5,24510
319,134,10,2,18110
320,135,189,4,26750
321,136,26,4,40010
322,136,116,3,8830
323,137,126,2,18920
324,138,133,5,18260
325,138,11,1,44800
326,138,140,3,49210
327,138,4,4,48070
328,139,38,5,29480
329,140,185,1,14410
330,141,181,1,18290
331,141,16,2,44100
332,141,119,5,30050
333,142,105,4,43500
334,143,64,1,47500
335,144,183,1,39280
336,144,59,3,19270
337,144,86,3,46270
338,144,21,5,16010
339,145,126,4,18920
340,145,77,2,9380
341,145,52,1,41230
342,146,7,5,7180
343,146,5,4,29400
344,147,90,5,49320
345,147,137,3,14450
346,148,110,4,23300
347,148,181,1,18290
348,148,153,2,33450
349,148,65,1,14340
350,149,86,2,46270
351,150,156,2,42140
352,150,104,4,34560
353,151,112,1,540
354,151,101,3,9720
355,151,39,5,45290
356,152,135,2,32920
357,153,180,1,41970
358,153,122,1,14740
359,154,69,4,29000
360,155,109,5,39180
361,155,26,1,40010
362,155,80,1,20060
363,155,85,1,42420
364,156,115,5,25970
365,157,171,1,40970
366,157,120,1,32650
367,157,32,3,46430
368,157,65,5,14340
369,158,140,5,49210
370,158,197,1,46900
371,159,147,2,5720
372,159,1,1,35570
373,159,81,3,47080
374,160,11,5,44800
375,160,66,5,30020
376,161,151,3,37350
377,162,102,2,10770
378,162,156,1,42140
379,162,136,2,23560
380,162,127,4,8310
381,163,176,5,640
382,163,31,5,25140
383,163,107,3,48350
384,163,98,1,49700
385,164,98,4,49700
386,164,26,3,40010
387,164,39,1,45290
388,164,56,4,39700
389,165,147,2,5720
390,165,69,3,29000
391,165,64,4,47500
392,165,60,2,42520
393,166,189,5,26750
394,166,177,5,39600
395,167,150,5,18630
396,167,146,4,16500
397,167,30,1,37010
398,168,183,3,39280
399,169,111,2,33570
400,169,170,1,22140
401,170,120,5,32650
402,170,14,4,10190
403,171,28,4,23450
404,171,23,1,37880
405,172,170,1,22140
406,172,171,3,40970
407,173,140,1,49210
408,174,95,5,31670
409,174,176,5,640
410,175,38,1,29480
411,175,29,5,15950
412,175,22,5,46570
413,175,114,5,680
414,176,170,1,22140
415,176,131,5,38730
416,176,8,4,31340
417,177,78,2,39340
418,177,137,1,14450
419,177,36,4,29540
420,178,134,2,49990
421,178,132,5,7320
422,178,189,4,26750
423,179,113,2,42900
424,179,3,1,580
425,179,139,1,23520
426,180,139,4,23520
427,180,12,3,24510
428,180,108,4,34950
429,181,47,2,44310
430,182,145,4,32470
431,182,22,1,46570
432,182,77,1,9380
433,182,153,2,33450
434,183,173,5,18870
435,183,152,4,480
436,183,70,5,39590
437,183,43,5,1620
438,184,119,4,30050
439,184,186,5,42550
440,185,171,1,40970
441,185,163,5,18930
442,185,13,3,45440
443,185,69,2,29000
444,186,67,1,42420
445,187,29,4,15950
446,187,91,5,14990
447,187,110,2,23300
448,187,12,2,24510
449,188,73,5,42250
450,188,173,2,18870
451,188,177,3,39600
452,188,142,4,3050
453,189,28,5,23450
454,189,200,4,31300
455,189,118,2,44010
456,190,164,4,29020
457,190,12,3,24510
458,190,155,5,24200
459,191,99,3,39080
460,191,140,5,49210
461,191,64,4,47500
462,191,185,1,14410
463,192,116,2,8830
464,192,131,1,38730
465,192,80,4,20060
466,193,40,5,49790
467,194,27,2,10600
468,194,99,3,39080
469,194,37,5,39410
470,195,162,3,5630
471,195,105,5,43500
472,196,1,5,35570
473,196,129,2,4360
474,197,137,5,14450
475,197,103,2,190
476,197,179,5,22600
477,198,112,2,540
478,199,102,5,10770
479,199,123,4,45550
480,199,39,5,45290
481,200,109,1,39180
482,201,23,3,37880
483,202,55,1,46490
484,203,92,5,21760
485,203,170,2,22140
486,204,183,1,39280
487,204,105,2,43500
488,205,122,4,14740
489,205,185,1,14410
490,206,48,3,30060
491,206,64,3,47500
492,206,12,5,24510
493,207,103,3,190
494,208,43,3,1620
495,209,193,2,30070
496,209,78,3,39340
497,209,127,1,8310
498,210,110,3,23300
499,211,50,3,38160
500,212,8,4,31340
501,212,146,1,16500
502,212,107,4,48350
503,213,192,2,38710
504,213,17,3,25060
505,213,198,5,18820
506,213,133,5,18260
507,214,140,5,49210
508,215,103,4,190
509,216,25,1,8140
510,216,70,4,39590
511,217,106,2,39590
512,217,133,3,18260
513,217,27,5,10600
514,218,101,4,9720
515,218,161,3,39580
516,219,158,2,30990
517,219,170,5,22140
518,219,138,4,970
519,219,159,5,20020
520,220,80,3,20060
521,220,130,1,530
522,220,98,3,49700
523,220,146,3,16500
524,221,81,1,47080
525,221,169,1,29060
526,221,13,5,45440
527,222,185,2,14410
528,222,154,1,45860
529,223,93,1,37240
530,223,64,3,47500
531,223,179,1,22600
532,223,98,1,49700
533,224,21,1,16010
534,224,109,2,39180
535,224,175,5,9920
536,224,187,5,780
537,225,54,4,36650
538,225,108,2,34950
539,225,81,1,47080
540,225,64,5,47500
541,226,84,1,13720
542,226,96,4,1450
543,226,154,4,45860
544,227,13,1,45440
545,228,35,5,18240
546,228,77,3,9380
547,228,136,2,23560
548,229,76,4,18960
549,230,175,5,9920
550,230,71,4,41210
551,230,190,4,21370
552,230,143,4,120
553,231,13,2,45440
554,231,84,1,13720
555,231,112,3,540
556,231,68,3,18350
557,232,94,3,5730
558,232,126,5,18920
559,232,194,1,34820
560,232,114,5,680
561,233,79,2,13300
562,233,197,5,46900
563,233,82,5,11130
564,233,57,1,18020
565,234,34,4,490
566,234,63,4,42810
567,234,95,2,31670
568,234,67,2,42420
569,235,87,1,7120
570,235,180,4,41970
571,235,75,3,29770
572,235,14,5,10190
573,236,59,4,19270
574,236,14,2,10190
575,236,3,2,580
576,237,45,2,48430
577,238,47,4,44310
578,238,196,4,23000
579,238,116,4,8830
580,239,103,3,190
581,239,35,5,18240
582,239,196,1,23000
583,240,8,3,31340
584,240,27,1,10600
585,240,21,1,16010
586,240,46,3,45280
587,241,137,4,14450
588,241,133,1,18260
589,241,164,1,29020
590,242,28,4,23450
591,243,124,2,25220
592,243,183,2,39280
593,243,127,1,8310
594,243,144,2,22700
595,244,114,4,680
596,244,4,2,48070
597,244,70,4,39590
598,245,43,1,1620
599,245,164,2,29020
600,245,109,1,39180
601,246,14,5,10190
602,246,53,3,13680
603,247,189,4,26750
604,247,195,3,30590
605,248,111,5,33570
606,248,89,4,14070
607,249,119,5,30050
608,250,163,3,18930
609,250,44,5,47760
610,250,95,2,31670
611,251,33,5,26010
612,251,32,2,46430
613,251,172,5,19920
614,252,65,3,14340
615,252,93,1,37240
616,252,193,1,30070
617,253,66,3,30020
618,253,79,4,13300
619,253,168,3,14720
620,253,95,2,31670
621,254,20,2,18180
622,254,29,2,15950
623,255,183,3,39280
624,255,115,5,25970
625,256,175,4,9920
626,256,159,4,20020
627,256,188,4,31180
628,256,22,2,46570
629,257,171,2,40970
630,257,76,4,18960
631,258,8,5,31340
632,258,50,5,38160
633,259,176,3,640
634,259,44,1,47760
635,259,19,5,11760
636,259,122,1,14740
637,260,156,4,42140
638,261,11,3,44800
639,261,66,2,30020
640,262,99,5,39080
641,263,84,5,13720
642,263,185,5,14410
643,264,69,2,29000
644,264,160,3,37840
645,265,79,1,13300
646,265,4,1,48070
647,266,184,4,41260
648,267,122,1,14740
649,267,130,4,530
650,267,74,3,12400
651,267,132,2,7320
652,268,66,3,30020
653,268,172,3,19920
654,268,93,4,37240
655,269,137,2,14450
656,270,177,5,39600
657,270,17,5,25060
658,270,122,2,14740
659,271,181,3,18290
660,271,142,2,3050
661,271,28,5,23450
662,271,4,1,48070
663,272,138,5,970
664,272,117,5,48050
665,273,138,5,970
666,273,189,5,26750
667,273,99,5,39080
668,274,151,2,37350
669,274,136,5,23560
670,274,132,1,7320
671,274,199,3,19410
672,275,124,2,25220
673,275,149,4,28610
674,275,180,1,41970
675,276,116,3,8830
676,276,175,4,9920
677,276,36,2,29540
678,277,23,5,37880
679,278,182,2,4530
680,278,65,2,14340
681,278,45,5,48430
682,278,69,2,29000
683,279,42,1,21660
684,279,134,2,49990
685,279,61,1,38570
686,279,146,5,16500
687,280,8,2,31340
688,280,101,2,9720
689,280,41,5,11560
690,280,146,5,16500
691,281,183,5,39280
692,282,43,1,1620
693,282,38,1,29480
694,283,4,2,48070
695,284,45,1,48430
696,284,1,1,35570
697,285,119,1,30050
698,285,112,1,540
699,285,98,5,49700
700,285,30,5,37010
701,286,184,5,41260
702,286,99,1,39080
703,286,32,3,46430
704,286,3,2,580
705,287,99,1,39080
706,287,24,2,23910
707,287,74,5,12400
708,288,82,1,11130
709,288,167,5,28110
710,288,63,5,42810
711,289,124,3,25220
712,290,193,2,30070
713,290,197,2,46900
714,290,141,3,19070
715,290,165,3,890
716,291,151,1,37350
717,291,81,1,47080
718,291,174,2,29260
719,291,26,1,40010
720,292,193,3,30070
721,292,104,3,34560
722,292,47,3,44310
723,292,1,5,35570
724,293,113,1,42900
725,293,20,4,18180
726,293,85,4,42420
727,293,6,4,23840
728,294,69,4,29000
729,294,24,3,23910
730,294,19,3,11760
731,294,4,1,48070
732,295,181,2,18290
733,296,1,3,35570
734,296,115,1,25970
735,296,139,4,23520
736,297,198,1,18820
737,297,159,5,20020
738,297,121,5,45320
739,298,95,5,31670
740,299,111,5,33570
741,299,108,2,34950
742,300,142,5,3050
743,300,37,5,39410
744,300,97,5,41410
745,301,41,1,11560
746,301,100,5,3290
747,301,156,2,42140
748,301,118,5,44010
749,302,143,1,120
750,302,134,4,49990
751,302,163,5,18930
752,302,145,4,32470
753,303,94,1,5730
754,304,152,3,480
755,304,110,4,23300
756,304,47,1,44310
757,305,97,2,41410
758,305,6,2,23840
759,305,178,1,25930
760,305,153,1,33450
761,306,111,3,33570
762,306,180,4,41970
763,307,98,3,49700
764,307,4,1,48070
765,308,195,5,30590
766,309,36,3,29540
767,309,19,3,11760
768,309,119,5,30050
769,310,31,4,25140
770,310,118,3,44010
771,310,125,1,32710
772,311,125,4,32710
773,311,76,5,18960
774,312,20,5,18180
775,312,25,5,8140
776,313,72,5,13660
777,313,24,5,23910
778,314,36,2,29540
779,314,112,2,540
780,314,69,5,29000
781,314,46,4,45280
782,315,132,4,7320
783,315,151,1,37350
784,315,20,3,18180
785,316,69,5,29000
786,316,34,3,490
787,316,27,3,10600
788,317,125,4,32710
789,317,12,5,24510
790,317,82,2,11130
791,318,148,2,23400
792,319,94,1,5730
793,319,128,5,32910
794,320,188,1,31180
795,321,162,4,5630
796,322,181,4,18290
797,322,88,3,49780
798,323,118,2,44010
799,324,35,4,18240
800,324,72,2,13660
801,325,144,3,22700
802,325,157,3,47190
803,326,15,1,47010
804,327,134,2,49990
805,327,167,3,28110
806,327,133,4,18260
807,327,47,2,44310
808,328,35,4,18240
809,329,100,5,3290
810,330,2,1,32000
811,330,124,3,25220
812,330,17,5,25060
813,331,24,1,23910
814,332,1,4,35570
815,332,157,1,47190
816,332,46,1,45280
817,333,48,1,30060
818,333,110,3,23300
819,333,21,2,16010
820,334,14,1,10190
821,334,146,1,16500
822,334,35,4,18240
823,334,52,1,41230
824,335,152,1,480
825,335,81,4,47080
826,335,175,3,9920
827,335,4,1,48070
828,336,144,3,22700
829,336,183,2,39280
830,336,84,2,13720
831,337,106,2,39590
832,337,152,4,480
833,337,143,3,120
834,337,147,2,5720
835,338,72,1,13660
836,338,121,4,45320
837,338,197,1,46900
838,339,122,3,14740
839,339,52,5,41230
840,340,55,1,46490
841,341,67,3,42420
842,342,40,3,49790
843,343,57,4,18020
844,343,176,3,640
845,343,47,2,44310
846,343,18,3,17440
847,344,66,3,30020
848,344,135,2,32920
849,344,196,4,23000
850,344,62,5,3360
851,345,104,3,34560
852,346,10,2,18110
853,346,191,5,21630
854,346,110,5,23300
855,346,115,2,25970
856,347,77,2,9380
857,347,139,5,23520
858,347,129,3,4360
859,348,82,4,11130
860,348,59,3,19270
861,349,36,3,29540
862,349,139,1,23520
863,349,13,4,45440
864,349,85,4,42420
865,350,181,3,18290
866,350,13,4,45440
867,350,101,5,9720
868,351,91,4,14990
869,351,21,2,16010
870,351,94,2,5730
871,352,187,5,780
872,352,3,1,580
873,353,197,1,46900
874,353,84,4,13720
875,353,28,3,23450
876,354,171,5,40970
877,355,60,1,42520
878,356,26,4,40010
879,357,25,2,8140
880,357,154,3,45860
881,357,176,3,640
882,357,5,4,29400
883,358,14,2,10190
884,358,176,1,640
885,358,180,4,41970
886,358,46,5,45280
887,359,60,1,42520
888,359,81,2,47080
889,359,69,1,29000
890,360,171,2,40970
891,361,113,5,42900
892,361,81,3,47080
893,362,3,2,580
894,363,195,3,30590
895,363,180,1,41970
896,363,13,3,45440
897,363,21,2,16010
898,364,89,5,14070
899,364,168,3,14720
900,365,163,4,18930
901,365,159,3,20020
902,365,87,1,7120
903,365,9,4,38920
904,366,196,4,23000
905,367,34,5,490
906,367,119,5,30050
907,368,91,5,14990
908,369,165,1,890
909,369,8,1,31340
910,369,60,1,42520
911,370,74,3,12400
912,370,174,1,29260
913,370,160,2,37840
914,370,56,5,39700
915,371,1,3,35570
916,372,33,4,26010
917,372,9,1,38920
918,372,55,5,46490
919,373,17,3,25060
920,373,19,5,11760
921,373,139,1,23520
922,374,168,5,14720
923,374,87,5,7120
924,375,140,3,49210
925,375,92,2,21760
926,376,176,2,640
927,376,146,1,16500
928,376,88,3,49780
929,377,19,4,11760
930,377,9,5,38920
931,377,16,5,44100
932,377,105,1,43500
933,378,102,5,10770
934,379,141,4,19070
935,379,16,4,44100
936,379,19,4,11760
937,379,140,3,49210
938,380,200,2,31300
939,381,129,2,4360
940,381,69,2,29000
941,381,178,2,25930
942,381,175,5,9920
943,382,79,3,13300
944,382,149,2,28610
945,382,179,1,22600
946,383,101,4,9720
947,384,97,3,41410
948,384,195,1,30590
949,384,41,2,11560
950,384,86,2,46270
951,385,3,2,580
952,385,19,4,11760
953,385,127,3,8310
954,386,34,3,490
955,386,101,1,9720
956,386,48,4,30060
957,387,48,2,30060
958,387,150,5,18630
959,387,16,2,44100
960,388,57,3,18020
961,388,79,1,13300
962,389,4,1,48070
963,390,165,4,890
964,391,92,2,21760
965,392,164,5,29020
966,393,131,2,38730
967,393,65,1,14340
968,393,63,1,42810
969,393,4,4,48070
970,394,114,1,680
971,394,57,3,18020
972,394,35,3,18240
973,394,158,4,30990
974,395,194,5,34820
975,395,145,4,32470
976,395,143,3,120
977,396,23,5,37880
978,396,44,5,47760
979,397,80,2,20060
980,397,43,2,1620
981,397,102,4,10770
982,397,12,2,24510
983,398,178,2,25930
984,399,95,1,31670
985,399,91,3,14990
986,399,134,4,49990
987,399,48,4,30060
988,400,178,5,25930
989,401,1,1,35570
990,401,114,1,680
991,402,42,5,21660
992,402,58,1,5240
993,402,183,2,39280
994,403,111,2,33570
995,403,180,1,41970
996,404,18,5,17440
997,404,91,1,14990
998,405,186,5,42550
999,405,2,1,32000
1000,405,176,4,640
1001,405,94,1,5730
1002,406,129,4,4360
1003,407,138,3,970
1004,407,96,5,1450
1005,408,187,5,780
1006,409,146,4,16500
1007,409,192,2,38710
1008,409,119,1,30050
1009,410,143,1,120
1010,410,133,3,18260
1011,410,12,2,24510
1012,410,182,4,4530
1013,411,18,4,17440
1014,411,141,5,19070
1015,412,131,4,38730
1016,412,149,2,28610
1017,413,85,1,42420
1018,413,80,5,20060
1019,413,14,2,10190
1020,414,185,4,14410
1021,414,194,2,34820
1022,415,14,2,10190
1023,416,158,5,30990
1024,416,76,2,18960
1025,417,35,2,18240
1026,417,170,1,22140
1027,418,23,3,37880
1028,418,72,2,13660
1029,418,125,2,32710
1030,419,17,4,25060
1031,420,148,2,23400
1032,420,155,1,24200
1033,420,182,2,4530
1034,421,33,1,26010
1035,422,13,2,45440
1036,422,71,2,41210
1037,423,34,4,490
1038,423,184,4,41260
1039,424,33,2,26010
1040,424,179,3,22600
1041,424,27,2,10600
1042,425,199,2,19410
1043,426,107,3,48350
1044,427,105,3,43500
1045,428,51,3,7510
1046,428,1,5,35570
1047,428,175,2,9920
1048,428,15,4,47010
1049,429,118,1,44010
1050,429,92,5,21760
1051,429,102,5,10770
1052,429,150,2,18630
1053,430,197,1,46900
1054,430,19,2,11760
1055,431,107,1,48350
1056,432,77,2,9380
1057,432,97,5,41410
1058,432,156,5,42140
1059,432,11,2,44800
1060,433,8,3,31340
1061,434,190,3,21370
1062,434,139,1,23520
1063,435,101,1,9720
1064,435,42,2,21660
1065,435,39,1,45290
1066,435,146,4,16500
1067,436,4,4,48070
1068,436,129,5,4360
1069,436,15,3,47010
1070,436,94,4,5730
1071,437,118,2,44010
1072,437,193,4,30070
1073,437,11,2,44800
1074,437,99,1,39080
1075,438,93,3,37240
1076,438,16,3,44100
1077,438,78,3,39340
1078,438,149,1,28610
1079,439,111,3,33570
1080,439,101,5,9720
1081,439,51,2,7510
1082,439,176,2,640
1083,440,89,5,14070
1084,440,3,4,580
1085,440,78,2,39340
1086,440,166,4,23630
1087,441,34,4,490
1088,441,44,2,47760
1089,442,31,3,25140
1090,442,23,2,37880
1091,442,76,4,18960
1092,442,38,2,29480
1093,443,168,3,14720
1094,443,143,3,120
1095,443,179,2,22600
1096,444,174,5,29260
1097,445,137,4,14450
1098,446,190,5,21370
1099,447,38,3,29480
1100,447,164,1,29020
1101,447,62,5,3360
1102,447,186,5,42550
1103,448,68,3,18350
1104,448,57,2,18020
1105,448,52,2,41230
1106,448,144,3,22700
1107,449,48,3,30060
1108,449,94,5,5730
1109,449,171,2,40970
1110,449,15,2,47010
1111,450,67,1,42420
1112,450,52,2,41230
1113,451,21,3,16010
1114,452,104,3,34560
1115,452,8,3,31340
1116,452,96,4,1450
1117,452,185,4,14410
1118,453,128,4,32910
1119,453,85,5,42420
1120,453,117,3,48050
1121,454,52,4,41230
1122,454,93,3,37240
1123,454,62,5,3360
1124,455,70,5,39590
1125,455,101,5,9720
1126,455,99,4,39080
1127,455,187,1,780
1128,456,54,2,36650
1129,456,72,3,13660
1130,456,33,3,26010
1131,456,21,3,16010
1132,457,138,1,970
1133,458,159,1,20020
1134,458,79,3,13300
1135,458,131,2,38730
1136,459,153,5,33450
1137,459,37,4,39410
1138,459,83,4,46980
1139,459,96,3,1450
1140,460,47,4,44310
1141,460,29,3,15950
1142,460,62,2,3360
1143,460,4,2,48070
1144,461,199,1,19410
1145,461,184,3,41260
1146,461,151,2,37350
1147,462,32,3,46430
1148,462,74,5,12400
1149,462,14,5,10190
1150,462,171,2,40970
1151,463,41,1,11560
1152,463,107,3,48350
1153,464,80,1,20060
1154,464,55,4,46490
1155,464,184,5,41260
1156,465,57,2,18020
1157,465,169,1,29060
1158,465,198,1,18820
1159,465,118,1,44010
1160,466,127,5,8310
1161,467,43,1,1620
1162,467,37,3,39410
1163,467,31,5,25140
1164,468,24,2,23910
1165,468,143,2,120
1166,468,72,3,13660
1167,468,82,3,11130
1168,469,111,4,33570
1169,469,130,3,530
1170,470,175,4,9920
1171,470,167,1,28110
1172,470,174,1,29260
1173,471,50,1,38160
1174,471,165,5,890
1175,471,42,4,21660
1176,471,166,3,23630
1177,472,57,4,18020
1178,472,114,4,680
1179,473,148,4,23400
1180,473,111,3,33570
1181,474,49,1,48400
1182,474,50,3,38160
1183,474,120,1,32650
1184,474,1,1,35570
1185,475,40,1,49790
1186,475,113,1,42900
1187,475,138,3,970
1188,476,167,1,28110
1189,476,133,1,18260
1190,476,169,1,29060
1191,477,124,2,25220
1192,477,175,2,9920
1193,478,80,2,20060
1194,479,119,1,30050
1195,479,170,4,22140
1196,479,50,1,38160
1197,480,59,1,19270
1198,480,147,2,5720
1199,480,178,4,25930
1200,481,127,2,8310
1201,482,51,1,7510
1202,483,97,3,41410
1203,483,160,3,37840
1204,484,133,4,18260
1205,484,199,2,19410
1206,485,154,2,45860
1207,486,64,3,47500
1208,486,89,5,14070
1209,486,33,3,26010
1210,486,185,2,14410
1211,487,38,2,29480
1212,487,44,4,47760
1213,488,180,2,41970
1214,488,158,5,30990
1215,489,1,3,35570
1216,489,74,4,12400
1217,490,91,2,14990
1218,490,58,2,5240
1219,491,110,1,23300
1220,491,23,4,37880
1221,491,130,4,530
1222,491,90,1,49320
1223,492,142,4,3050
1224,493,131,2,38730
1225,494,156,5,42140
1226,494,128,2,32910
1227,494,31,2,25140
1228,494,196,4,23000
1229,495,26,1,40010
1230,496,32,3,46430
1231,496,40,5,49790
1232,496,102,2,10770
1233,496,26,5,40010
1234,497,181,4,18290
1235,497,23,4,37880
1236,498,137,4,14450
1237,498,67,4,42420
1238,498,200,2,31300
1239,499,114,2,680
1240,499,193,2,30070
1241,499,68,2,18350
1242,500,177,2,39600
1243,500,40,2,49790
1244,501,163,1,18930
1245,502,65,5,14340
1246,502,40,5,49790
1247,502,89,2,14070
1248,503,46,3,45280
1249,503,188,4,31180
1250,504,97,2,41410
1251,505,55,1,46490
1252,505,96,4,1450
1253,505,168,2,14720
1254,506,63,5,42810
1255,506,18,1,17440
1256,506,166,3,23630
1257,506,30,4,37010
1258,507,71,4,41210
1259,507,27,3,10600
1260,507,61,2,38570
1261,507,2,5,32000
1262,508,198,5,18820
1263,508,32,3,46430
1264,508,168,2,14720
1265,509,169,1,29060
1266,510,199,2,19410
1267,510,99,4,39080
1268,511,131,3,38730
1269,512,59,3,19270
1270,512,147,4,5720
1271,512,185,1,14410
1272,512,122,3,14740
1273,513,122,3,14740
1274,513,12,3,24510
1275,513,93,5,37240
1276,514,45,1,48430
1277,515,23,3,37880
1278,515,110,1,23300
1279,515,185,1,14410
1280,516,85,1,42420
1281,516,110,5,23300
1282,516,70,1,39590
1283,517,152,5,480
1284,517,55,4,46490
1285,517,83,3,46980
1286,517,116,2,8830
1287,518,123,1,45550
1288,519,5,2,29400
1289,519,65,4,14340
1290,520,171,1,40970
1291,520,4,5,48070
1292,521,25,1,8140
1293,521,35,2,18240
1294,521,187,3,780
1295,521,170,1,22140
1296,522,147,4,5720
1297,522,63,5,42810
1298,523,119,4,30050
1299,523,137,4,14450
1300,523,146,1,16500
1301,523,166,5,23630
1302,524,56,4,39700
1303,524,19,4,11760
1304,524,43,2,1620
1305,524,110,1,23300
1306,525,34,4,490
1307,525,113,1,42900
1308,526,87,5,7120
1309,526,179,5,22600
1310,526,148,4,23400
1311,526,136,5,23560
1312,527,91,5,14990
1313,527,61,3,38570
1314,527,164,2,29020
1315,527,54,1,36650
1316,528,162,4,5630
1317,529,80,5,20060
1318,529,49,5,48400
1319,529,8,3,31340
1320,530,60,2,42520
1321,530,32,1,46430
1322,531,31,1,25140
1323,531,151,3,37350
1324,532,199,3,19410
1325,533,97,4,41410
1326,533,70,3,39590
1327,533,73,4,42250
1328,533,145,1,32470
1329,534,1,2,35570
1330,535,144,3,22700
1331,535,119,5,30050
1332,535,102,4,10770
1333,535,79,4,13300
1334,536,77,4,9380
1335,536,147,3,5720
1336,536,115,1,25970
1337,536,152,4,480
1338,537,99,4,39080
1339,537,89,1,14070
1340,538,85,4,42420
1341,538,9,2,38920
1342,538,6,3,23840
1343,539,179,2,22600
1344,539,57,1,18020
1345,539,121,5,45320
1346,540,70,2,39590
1347,540,145,4,32470
1348,540,110,4,23300
1349,540,158,1,30990
1350,541,163,5,18930
1351,542,36,4,29540
1352,542,146,2,16500
1353,542,179,3,22600
1354,543,13,3,45440
1355,543,178,5,25930
1356,544,185,3,14410
1357,544,3,1,580
1358,544,46,2,45280
1359,544,95,5,31670
1360,545,119,2,30050
1361,545,106,4,39590
1362,546,61,5,38570
1363,546,21,3,16010
1364,546,81,5,47080
1365,547,157,3,47190
1366,547,101,4,9720
1367,547,90,4,49320
1368,548,77,3,9380
1369,548,85,3,42420
1370,549,79,3,13300
1371,549,182,1,4530
1372,550,157,5,47190
1373,550,32,5,46430
1374,550,102,5,10770
1375,551,193,2,30070
1376,551,156,3,42140
1377,552,149,2,28610
1378,552,116,5,8830
1379,552,73,3,42250
1380,553,68,5,18350
1381,553,5,2,29400
1382,553,135,2,32920
1383,553,195,2,30590
1384,554,152,3,480
1385,555,33,2,26010
1386,555,155,5,24200
1387,555,186,5,42550
1388,555,123,5,45550
1389,556,26,1,40010
1390,556,64,1,47500
1391,556,41,5,11560
1392,557,34,1,490
1393,557,16,4,44100
1394,557,177,1,39600
1395,557,45,4,48430
1396,558,78,2,39340
1397,558,133,3,18260
1398,558,90,4,49320
1399,559,87,2,7120
1400,559,121,2,45320
1401,559,150,1,18630
1402,560,3,3,580
1403,560,11,3,44800
1404,561,78,5,39340
1405,561,98,2,49700
1406,561,17,5,25060
1407,561,38,1,29480
1408,562,37,3,39410
1409,563,35,1,18240
1410,564,188,3,31180
1411,564,119,4,30050
1412,565,136,4,23560
1413,565,181,2,18290
1414,565,153,3,33450
1415,566,161,1,39580
1416,566,174,5,29260
1417,566,121,4,45320
1418,567,147,5,5720
1419,568,18,3,17440
1420,568,67,5,42420
1421,569,49,3,48400
1422,569,67,4,42420
1423,569,179,4,22600
1424,570,22,2,46570
1425,570,19,5,11760
1426,571,13,2,45440
1427,571,53,2,13680
1428,571,76,4,18960
1429,572,172,2,19920
1430,572,190,1,21370
1431,573,50,4,38160
1432,573,80,3,20060
1433,574,68,2,18350
1434,574,105,1,43500
1435,575,78,2,39340
1436,576,183,4,39280
1437,576,149,5,28610
1438,576,107,1,48350
1439,576,130,1,530
1440,577,182,3,4530
1441,577,37,4,39410
1442,577,146,5,16500
1443,578,40,1,49790
1444,579,113,3,42900
1445,579,74,2,12400
1446,579,17,1,25060
1447,579,120,3,32650
1448,580,82,2,11130
1449,580,15,2,47010
1450,581,13,5,45440
1451,581,42,3,21660
1452,581,144,4,22700
1453,582,87,3,7120
1454,582,47,2,44310
1455,582,115,2,25970
1456,582,193,2,30070
1457,583,134,5,49990
1458,583,40,2,49790
1459,584,35,1,18240
1460,585,85,5,42420
1461,585,103,1,190
1462,586,53,2,13680
1463,586,3,1,580
1464,587,51,4,7510
1465,587,65,4,14340
1466,588,18,4,17440
1467,588,188,4,31180
1468,588,178,3,25930
1469,588,32,1,46430
1470,589,110,5,23300
1471,589,37,5,39410
1472,589,199,3,19410
1473,589,123,3,45550
1474,590,192,2,38710
1475,590,15,3,47010
1476,591,54,2,36650
1477,591,15,2,47010
1478,591,21,5,16010
1479,592,125,1,32710
1480,592,44,2,47760
1481,592,61,3,38570
1482,593,12,5,24510
1483,593,33,3,26010
1484,594,18,1,17440
1485,594,149,1,28610
1486,594,190,4,21370
1487,594,198,2,18820
1488,595,170,3,22140
1489,595,34,1,490
1490,596,15,4,47010
1491,596,113,3,42900
1492,596,185,5,14410
1493,597,187,4,780
1494,597,199,3,19410
1495,597,27,3,10600
1496,597,122,4,14740
1497,598,160,5,37840
1498,599,68,4,18350
1499,599,13,3,45440
1500,600,138,2,970
1501,600,113,4,42900
1502,601,87,1,7120
1503,601,130,2,530
1504,602,82,1,11130
1505,602,154,5,45860
1506,603,99,5,39080
1507,603,101,3,9720
1508,603,195,3,30590
1509,604,64,2,47500
1510,604,125,2,32710
1511,605,147,1,5720
1512,605,197,2,46900
1513,605,20,1,18180
1514,605,48,1,30060
1515,606,31,5,25140
1516,607,132,3,7320
1517,607,11,5,44800
1518,607,61,4,38570
1519,607,179,5,22600
1520,608,172,1,19920
1521,609,13,1,45440
1522,609,125,2,32710
1523,609,75,5,29770
1524,609,178,2,25930
1525,610,27,5,10600
1526,610,151,3,37350
1527,610,159,3,20020
1528,611,154,1,45860
1529,611,82,4,11130
1530,612,45,2,48430
1531,613,127,3,8310
1532,613,100,2,3290
1533,614,143,2,120
1534,614,117,2,48050
1535,615,93,3,37240
1536,616,37,4,39410
1537,616,29,2,15950
1538,617,174,5,29260
1539,617,83,4,46980
1540,617,176,2,640
1541,617,67,2,42420
1542,618,178,5,25930
1543,619,52,3,41230
1544,619,75,3,29770
1545,620,5,4,29400
1546,620,79,5,13300
1547,620,129,5,4360
1548,620,133,5,18260
1549,621,4,1,48070
1550,621,70,2,39590
1551,621,119,1,30050
1552,622,158,5,30990
1553,622,175,3,9920
1554,622,97,1,41410
1555,623,49,4,48400
1556,623,175,3,9920
1557,623,115,5,25970
1558,624,102,2,10770
1559,624,110,2,23300
1560,625,107,2,48350
1561,625,60,4,42520
1562,625,69,4,29000
1563,626,82,5,11130
1564,626,44,2,47760
1565,626,41,1,11560
1566,626,92,4,21760
1567,627,103,3,190
1568,628,37,5,39410
1569,629,8,3,31340
1570,629,168,5,14720
1571,630,39,3,45290
1572,630,152,1,480
1573,631,83,4,46980
1574,632,11,5,44800
1575,632,39,3,45290
1576,633,194,5,34820
1577,633,171,4,40970
1578,633,180,2,41970
1579,634,63,2,42810
1580,634,119,4,30050
1581,634,172,2,19920
1582,634,185,5,14410
1583,635,171,1,40970
1584,635,196,4,23000
1585,635,47,4,44310
1586,636,86,3,46270
1587,637,166,5,23630
1588,638,25,1,8140
1589,638,50,2,38160
1590,638,53,5,13680
1591,639,12,3,24510
1592,640,181,1,18290
1593,640,41,1,11560
1594,641,39,2,45290
1595,641,25,1,8140
1596,642,192,1,38710
1597,642,76,3,18960
1598,642,131,5,38730
1599,643,112,4,540
1600,643,140,5,49210
1601,644,103,5,190
1602,644,77,1,9380
1603,644,3,5,580
1604,644,27,3,10600
1605,645,143,4,120
1606,645,138,3,970
1607,645,15,3,47010
1608,646,173,1,18870
1609,646,1,4,35570
1610,647,146,4,16500
1611,647,129,4,4360
1612,648,63,4,42810
1613,648,81,4,47080
1614,648,134,3,49990
1615,648,84,4,13720
1616,649,199,5,19410
1617,649,191,4,21630
1618,649,31,2,25140
1619,650,76,2,18960
1620,650,169,1,29060
1621,651,184,2,41260
1622,651,112,2,540
1623,652,50,2,38160
1624,653,79,1,13300
1625,654,73,2,42250
1626,655,137,3,14450
1627,655,56,4,39700
1628,655,29,5,15950
1629,656,24,4,23910
1630,657,40,5,49790
1631,657,195,5,30590
1632,657,105,5,43500
1633,657,151,3,37350
1634,658,167,2,28110
1635,659,29,5,15950
1636,659,189,1,26750
1637,660,57,4,18020
1638,661,105,2,43500
1639,661,6,1,23840
1640,661,189,1,26750
1641,661,177,1,39600
1642,662,51,5,7510
1643,662,192,3,38710
1644,662,42,2,21660
1645,663,49,1,48400
1646,663,25,3,8140
1647,663,1,2,35570
1648,663,83,3,46980
1649,664,136,5,23560
1650,664,61,1,38570
1651,665,142,4,3050
1652,665,177,5,39600
1653,665,42,2,21660
1654,666,16,4,44100
1655,667,137,4,14450
1656,667,179,4,22600
1657,667,111,2,33570
1658,667,42,2,21660
1659,668,143,5,120
1660,668,53,5,13680
1661,669,173,4,18870
1662,669,53,1,13680
1663,669,55,5,46490
1664,669,124,3,25220
1665,670,162,5,5630
1666,671,46,2,45280
1667,671,102,4,10770
1668,671,117,5,48050
1669,671,27,3,10600
1670,672,1,1,35570
1671,673,40,5,49790
1672,673,170,2,22140
1673,674,58,5,5240
1674,674,184,2,41260
1675,675,173,5,18870
1676,676,90,4,49320
1677,676,48,5,30060
1678,677,136,4,23560
1679,678,182,1,4530
1680,678,196,4,23000
1681,678,189,4,26750
1682,679,99,4,39080
1683,679,25,3,8140
1684,679,167,5,28110
1685,679,12,2,24510
1686,680,163,5,18930
1687,681,168,3,14720
1688,682,198,5,18820
1689,682,20,2,18180
1690,683,156,4,42140
1691,683,114,5,680
1692,683,105,1,43500
1693,683,30,3,37010
1694,684,149,5,28610
1695,684,137,3,14450
1696,684,165,3,890
1697,684,64,4,47500
1698,685,189,1,26750
1699,685,173,2,18870
1700,686,97,5,41410
1701,686,95,4,31670
1702,686,179,2,22600
1703,686,103,5,190
1704,687,148,3,23400
1705,687,25,4,8140
1706,687,36,2,29540
1707,688,158,5,30990
1708,688,130,2,530
1709,688,152,3,480
1710,689,58,4,5240
1711,689,155,1,24200
1712,689,70,4,39590
1713,690,35,1,18240
1714,690,149,4,28610
1715,690,156,3,42140
1716,691,37,4,39410
1717,691,196,5,23000
1718,691,159,3,20020
1719,691,106,1,39590
1720,692,147,1,5720
1721,692,159,5,20020
1722,692,102,1,10770
1723,692,125,5,32710
1724,693,79,3,13300
1725,693,176,5,640
1726,693,175,3,9920
1727,693,128,5,32910
1728,694,104,5,34560
1729,694,71,2,41210
1730,694,20,5,18180
1731,695,29,2,15950
1732,695,106,3,39590
1733,695,119,4,30050
1734,696,53,5,13680
1735,696,103,5,190
1736,696,188,5,31180
1737,697,98,3,49700
1738,698,68,3,18350
1739,699,3,5,580
1740,699,155,4,24200
1741,699,43,1,1620
1742,700,44,2,47760
1743,700,31,4,25140
1744,700,9,2,38920
1745,701,11,5,44800
1746,701,102,5,10770
1747,701,103,1,190
1748,701,75,1,29770
1749,702,70,3,39590
1750,702,137,3,14450
1751,703,198,2,18820
1752,704,143,5,120
1753,705,171,3,40970
1754,705,11,4,44800
1755,706,171,2,40970
1756,706,139,5,23520
1757,706,142,5,3050
1758,707,68,3,18350
1759,707,191,4,21630
1760,707,28,2,23450
1761,707,142,1,3050
1762,708,115,1,25970
1763,708,95,1,31670
1764,709,55,1,46490
1765,710,185,4,14410
1766,710,100,1,3290
1767,710,195,5,30590
1768,711,166,3,23630
1769,711,53,4,13680
1770,711,5,3,29400
1771,712,143,3,120
1772,713,113,3,42900
1773,713,139,4,23520
1774,714,146,4,16500
1775,714,14,1,10190
1776,714,129,1,4360
1777,714,195,5,30590
1778,715,42,1,21660
1779,715,107,1,48350
1780,715,165,2,890
1781,715,9,4,38920
1782,716,177,2,39600
1783,716,32,3,46430
1784,716,13,3,45440
1785,717,65,5,14340
1786,717,34,1,490
1787,717,154,4,45860
1788,718,71,5,41210
1789,718,171,4,40970
1790,718,88,3,49780
1791,718,109,2,39180
1792,719,10,2,18110
1793,719,97,1,41410
1794,719,37,3,39410
1795,720,157,4,47190
1796,720,153,2,33450
1797,720,112,3,540
1798,721,197,1,46900
1799,721,46,5,45280
1800,721,48,1,30060
1801,721,47,3,44310
1802,722,56,3,39700
1803,722,163,4,18930
1804,723,67,4,42420
1805,724,123,5,45550
1806,724,100,3,3290
1807,724,78,3,39340
1808,725,153,4,33450
1809,725,58,3,5240
1810,725,154,2,45860
1811,726,60,5,42520
1812,727,81,4,47080
1813,727,2,1,32000
1814,728,74,3,12400
1815,728,86,2,46270
1816,729,43,5,1620
1817,730,1,2,35570
1818,731,33,1,26010
1819,731,169,4,29060
1820,731,48,2,30060
1821,731,24,2,23910
1822,732,127,3,8310
1823,732,41,5,11560
1824,732,109,5,39180
1825,732,198,2,18820
1826,733,143,3,120
1827,733,83,5,46980
1828,733,183,3,39280
1829,734,47,3,44310
1830,734,150,2,18630
1831,735,36,1,29540
1832,735,183,4,39280
1833,735,81,1,47080
1834,736,126,1,18920
1835,736,95,4,31670
1836,736,158,1,30990
1837,737,87,1,7120
1838,738,93,3,37240
1839,739,67,4,42420
1840,740,79,3,13300
1841,740,69,2,29000
1842,740,121,3,45320
1843,740,59,2,19270
1844,741,113,3,42900
1845,741,136,1,23560
1846,741,188,4,31180
1847,742,92,5,21760
1848,743,180,2,41970
1849,743,147,3,5720
1850,743,118,3,44010
1851,744,10,2,18110
1852,744,86,4,46270
1853,745,57,2,18020
1854,746,136,2,23560
1855,747,22,2,46570
1856,747,18,5,17440
1857,747,177,5,39600
1858,747,52,2,41230
1859,748,10,5,18110
1860,748,132,2,7320
1861,748,122,5,14740
1862,748,130,1,530
1863,749,45,4,48430
1864,749,123,2,45550
1865,749,140,1,49210
1866,750,143,3,120
1867,750,112,1,540
1868,750,48,3,30060
1869,751,32,3,46430
1870,751,114,4,680
1871,752,170,2,22140
1872,752,55,4,46490
1873,752,84,5,13720
1874,753,26,5,40010
1875,754,92,4,21760
1876,755,49,4,48400
1877,755,75,1,29770
1878,755,72,4,13660
1879,755,98,4,49700
1880,756,42,1,21660
1881,756,152,3,480
1882,756,102,2,10770
1883,756,151,2,37350
1884,757,35,3,18240
1885,757,151,4,37350
1886,757,155,4,24200
1887,757,148,3,23400
1888,758,14,5,10190
1889,758,157,5,47190
1890,758,151,1,37350
1891,759,29,1,15950
1892,760,123,1,45550
1893,760,59,5,19270
1894,760,148,2,23400
1895,761,42,1,21660
1896,761,25,5,8140
1897,761,181,5,18290
1898,762,170,2,22140
1899,762,134,3,49990
1900,762,75,4,29770
1901,762,74,3,12400
1902,763,159,5,20020
1903,763,193,4,30070
1904,763,172,5,19920
1905,764,113,3,42900
1906,764,44,4,47760
1907,764,144,3,22700
1908,765,194,5,34820
1909,765,134,1,49990
1910,765,33,5,26010
1911,766,46,2,45280
1912,767,113,5,42900
1913,768,188,1,31180
1914,768,138,2,970
1915,768,156,3,42140
1916,768,170,5,22140
1917,769,164,4,29020
1918,769,156,1,42140
1919,770,4,5,48070
1920,770,85,3,42420
1921,770,193,3,30070
1922,770,149,3,28610
1923,771,69,2,29000
1924,772,128,4,32910
1925,772,195,5,30590
1926,772,41,1,11560
1927,772,134,1,49990
1928,773,186,1,42550
1929,773,56,2,39700
1930,774,193,1,30070
1931,774,112,1,540
1932,774,138,5,970
1933,775,157,5,47190
1934,775,126,1,18920
1935,776,87,1,7120
1936,776,148,5,23400
1937,776,3,5,580
1938,777,27,4,10600
1939,777,114,5,680
1940,778,95,3,31670
1941,779,144,4,22700
1942,779,109,5,39180
1943,780,57,1,18020
1944,780,96,3,1450
1945,781,194,4,34820
1946,782,197,3,46900
1947,783,33,4,26010
1948,783,173,1,18870
1949,784,32,5,46430
1950,785,150,1,18630
1951,785,21,2,16010
1952,786,147,3,5720
1953,786,122,2,14740
1954,787,90,4,49320
1955,787,32,1,46430
1956,787,63,5,42810
1957,788,177,5,39600
1958,789,137,1,14450
1959,789,26,1,40010
1960,789,129,3,4360
1961,790,16,2,44100
1962,790,35,4,18240
1963,790,77,2,9380
1964,791,18,4,17440
1965,791,88,2,49780
1966,791,179,4,22600
1967,791,136,4,23560
1968,792,113,2,42900
1969,792,21,3,16010
1970,793,146,2,16500
1971,793,63,5,42810
1972,793,54,1,36650
1973,793,91,1,14990
1974,794,140,4,49210
1975,794,83,1,46980
1976,794,193,3,30070
1977,795,116,1,8830
1978,795,171,3,40970
1979,795,64,4,47500
1980,796,62,2,3360
1981,796,150,3,18630
1982,796,125,3,32710
1983,796,146,1,16500
1984,797,98,3,49700
1985,798,101,5,9720
1986,798,174,1,29260
1987,799,131,4,38730
1988,799,62,4,3360
1989,800,117,2,48050
1990,800,8,5,31340
1991,801,197,1,46900
1992,801,167,3,28110
1993,801,97,2,41410
1994,801,105,3,43500
1995,802,134,4,49990
1996,802,22,3,46570
1997,803,18,4,17440
1998,803,181,1,18290
1999,803,175,1,9920
2000,804,160,4,37840
2001,805,163,5,18930
2002,805,53,3,13680
2003,805,86,4,46270
2004,806,11,1,44800
2005,806,96,2,1450
2006,806,32,5,46430
2007,807,35,4,18240
2008,808,3,2,580
2009,808,68,4,18350
2010,809,54,1,36650
2011,809,109,3,39180
2012,809,35,3,18240
2013,809,131,3,38730
2014,810,30,2,37010
2015,810,136,5,23560
2016,810,194,3,34820
2017,810,149,2,28610
2018,811,148,4,23400
2019,812,108,4,34950
2020,813,67,5,42420
2021,813,178,1,25930
2022,813,194,5,34820
2023,813,169,2,29060
2024,814,130,3,530
2025,814,138,5,970
2026,815,196,3,23000
2027,815,70,1,39590
2028,815,82,2,11130
2029,815,194,3,34820
2030,816,35,3,18240
2031,816,126,2,18920
2032,816,32,1,46430
2033,816,117,4,48050
2034,817,28,4,23450
2035,818,199,1,19410
2036,818,185,2,14410
2037,818,197,3,46900
2038,819,152,5,480
2039,819,129,1,4360
2040,820,53,3,13680
2041,820,141,5,19070
2042,820,121,2,45320
2043,820,114,2,680
2044,821,104,4,34560
2045,821,73,4,42250
2046,822,65,1,14340
2047,823,184,5,41260
2048,823,3,1,580
2049,824,90,2,49320
2050,825,6,4,23840
2051,825,48,2,30060
2052,825,140,3,49210
2053,825,33,3,26010
2054,826,11,1,44800
2055,826,68,2,18350
2056,827,22,1,46570
2057,827,157,3,47190
2058,828,119,3,30050
2059,828,35,1,18240
2060,828,2,1,32000
2061,828,69,1,29000
2062,829,177,1,39600
2063,829,152,5,480
2064,829,181,2,18290
2065,829,70,2,39590
2066,830,96,5,1450
2067,830,200,1,31300
2068,830,62,1,3360
2069,831,183,2,39280
2070,831,158,2,30990
2071,831,80,3,20060
2072,831,26,5,40010
2073,832,8,5,31340
2074,832,151,4,37350
2075,832,187,2,780
2076,832,189,4,26750
2077,833,148,2,23400
2078,833,105,2,43500
2079,833,53,3,13680
2080,834,127,3,8310
2081,835,48,1,30060
2082,835,75,3,29770
2083,836,45,1,48430
2084,836,108,1,34950
2085,837,10,2,18110
2086,838,98,1,49700
2087,838,135,4,32920
2088,838,111,2,33570
2089,839,122,1,14740
2090,840,140,4,49210
2091,840,103,2,190
2092,841,39,1,45290
2093,842,153,3,33450
2094,843,101,2,9720
2095,843,107,1,48350
2096,844,51,5,7510
2097,844,105,1,43500
2098,844,140,1,49210
2099,845,120,3,32650
2100,845,122,1,14740
2101,845,155,1,24200
2102,846,127,2,8310
2103,847,86,1,46270
2104,847,145,1,32470
2105,848,56,2,39700
2106,848,158,1,30990
2107,848,119,4,30050
2108,848,23,2,37880
2109,849,24,2,23910
2110,849,28,5,23450
2111,850,145,4,32470
2112,850,11,1,44800
2113,850,191,4,21630
2114,850,131,4,38730
2115,851,48,1,30060
2116,851,31,3,25140
2117,852,182,4,4530
2118,852,199,1,19410
2119,852,72,4,13660
2120,853,146,2,16500
2121,854,122,1,14740
2122,855,66,1,30020
2123,855,79,2,13300
2124,855,63,2,42810
2125,855,105,3,43500
2126,856,34,2,490
2127,856,48,1,30060
2128,856,93,4,37240
2129,857,37,3,39410
2130,858,55,3,46490
2131,858,151,1,37350
2132,859,188,1,31180
2133,859,171,5,40970
2134,860,79,4,13300
2135,860,190,2,21370
2136,860,115,4,25970
2137,861,54,2,36650
2138,862,165,1,890
2139,862,161,2,39580
2140,862,91,2,14990
2141,862,81,4,47080
2142,863,21,3,16010
2143,863,167,5,28110
2144,863,120,1,32650
2145,863,155,2,24200
2146,864,89,5,14070
2147,864,178,5,25930
2148,864,92,3,21760
2149,865,98,1,49700
2150,866,28,1,23450
2151,866,148,3,23400
2152,867,44,4,47760
2153,868,194,5,34820
2154,868,180,5,41970
2155,868,74,4,12400
2156,868,188,3,31180
2157,869,143,4,120
2158,869,110,2,23300
2159,869,132,2,7320
2160,869,173,4,18870
2161,870,16,3,44100
2162,870,3,3,580
2163,870,129,4,4360
2164,870,135,3,32920
2165,871,131,2,38730
2166,872,169,1,29060
2167,872,143,5,120
2168,872,23,1,37880
2169,872,145,4,32470
2170,873,159,1,20020
2171,873,146,4,16500
2172,873,34,3,490
2173,874,13,4,45440
2174,875,101,2,9720
2175,875,156,2,42140
2176,876,59,3,19270
2177,876,72,5,13660
2178,876,139,4,23520
2179,877,115,2,25970
2180,877,11,1,44800
2181,877,130,2,530
2182,878,82,2,11130
2183,878,71,1,41210
2184,878,111,2,33570
2185,878,48,1,30060
2186,879,52,4,41230
2187,879,191,2,21630
2188,880,92,3,21760
2189,881,54,2,36650
2190,882,16,1,44100
2191,883,141,5,19070
2192,884,64,4,47500
2193,884,75,4,29770
2194,884,191,2,21630
2195,884,183,5,39280
2196,885,157,1,47190
2197,886,133,5,18260
2198,887,32,3,46430
2199,888,104,1,34560
2200,889,149,1,28610
2201,890,146,2,16500
2202,890,193,2,30070
2203,890,190,2,21370
2204,890,161,4,39580
2205,891,117,5,48050
2206,891,190,5,21370
2207,892,190,4,21370
2208,892,184,1,41260
2209,892,159,5,20020
2210,892,12,3,24510
2211,893,140,4,49210
2212,893,22,4,46570
2213,893,141,3,19070
2214,894,63,5,42810
2215,894,11,5,44800
2216,894,13,5,45440
2217,894,6,3,23840
2218,895,64,1,47500
2219,895,112,1,540
2220,896,115,1,25970
2221,896,22,5,46570
2222,897,82,1,11130
2223,898,178,5,25930
2224,898,67,2,42420
2225,898,85,5,42420
2226,899,39,3,45290
2227,899,5,1,29400
2228,899,49,1,48400
2229,900,53,2,13680
2230,900,83,3,46980
2231,900,196,4,23000
2232,901,8,5,31340
2233,901,115,5,25970
2234,901,83,5,46980
2235,901,97,3,41410
2236,902,149,4,28610
2237,902,181,4,18290
2238,902,70,4,39590
2239,903,184,1,41260
2240,903,14,1,10190
2241,904,69,1,29000
2242,904,165,2,890
2243,905,177,5,39600
2244,906,36,2,29540
2245,906,168,5,14720
2246,907,153,2,33450
2247,907,197,4,46900
2248,907,74,2,12400
2249,907,1,1,35570
2250,908,129,3,4360
2251,908,18,3,17440
2252,908,128,2,32910
2253,909,59,4,19270
2254,909,92,3,21760
2255,909,164,2,29020
2256,909,50,2,38160
2257,910,117,3,48050
2258,910,5,1,29400
2259,910,3,2,580
2260,911,198,5,18820
2261,912,142,3,3050
2262,912,180,1,41970
2263,913,176,4,640
2264,914,161,2,39580
2265,915,89,3,14070
2266,915,145,4,32470
2267,915,5,1,29400
2268,916,16,4,44100
2269,917,57,3,18020
2270,917,15,4,47010
2271,918,7,5,7180
2272,918,14,2,10190
2273,918,22,5,46570
2274,918,33,2,26010
2275,919,23,2,37880
2276,919,8,2,31340
2277,919,186,2,42550
2278,919,191,5,21630
2279,920,18,1,17440
2280,920,90,3,49320
2281,920,23,5,37880
2282,920,33,3,26010
2283,921,128,4,32910
2284,922,193,3,30070
2285,922,84,3,13720
2286,922,58,4,5240
2287,922,198,1,18820
2288,923,168,4,14720
2289,923,46,4,45280
2290,923,37,2,39410
2291,924,99,5,39080
2292,924,7,1,7180
2293,924,28,3,23450
2294,925,2,4,32000
2295,925,94,2,5730
2296,926,126,2,18920
2297,926,39,3,45290
2298,926,67,5,42420
2299,927,22,2,46570
2300,927,126,2,18920
2301,927,105,3,43500
2302,927,137,1,14450
2303,928,118,2,44010
2304,928,172,4,19920
2305,929,1,4,35570
2306,929,131,3,38730
2307,929,101,4,9720
2308,929,108,2,34950
2309,930,71,5,41210
2310,930,20,4,18180
2311,931,140,5,49210
2312,931,114,3,680
2313,931,131,4,38730
2314,931,70,4,39590
2315,932,170,2,22140
2316,933,164,2,29020
2317,934,4,1,48070
2318,934,10,5,18110
2319,934,106,3,39590
2320,935,78,3,39340
2321,935,38,3,29480
2322,935,33,2,26010
2323,935,61,3,38570
2324,936,79,4,13300
2325,937,141,1,19070
2326,937,40,3,49790
2327,937,29,4,15950
2328,937,39,3,45290
2329,938,42,5,21660
2330,938,92,2,21760
2331,938,66,1,30020
2332,939,169,1,29060
2333,939,177,1,39600
2334,939,71,1,41210
2335,939,73,5,42250
2336,940,199,1,19410
2337,940,51,5,7510
2338,940,140,2,49210
2339,940,141,4,19070
2340,941,1,4,35570
2341,941,172,2,19920
2342,942,58,5,5240
2343,942,87,3,7120
2344,942,174,5,29260
2345,943,186,5,42550
2346,943,17,5,25060
2347,944,151,1,37350
2348,944,108,4,34950
2349,944,138,4,970
2350,945,199,1,19410
2351,945,5,1,29400
2352,945,89,1,14070
2353,946,24,3,23910
2354,946,42,3,21660
2355,947,169,3,29060
2356,947,192,1,38710
2357,948,64,1,47500
2358,948,8,4,31340
2359,949,80,5,20060
2360,950,2,1,32000
2361,950,62,5,3360
2362,950,128,4,32910
2363,950,37,1,39410
2364,951,52,2,41230
2365,952,179,2,22600
2366,953,153,4,33450
2367,954,21,1,16010
2368,955,9,3,38920
2369,955,4,4,48070
2370,955,54,1,36650
2371,956,28,4,23450
2372,956,193,1,30070
2373,957,196,1,23000
2374,957,167,1,28110
2375,957,143,4,120
2376,957,107,2,48350
2377,958,176,1,640
2378,958,184,5,41260
2379,958,158,3,30990
2380,959,149,3,28610
2381,960,135,1,32920
2382,960,85,1,42420
2383,960,94,2,5730
2384,960,3,4,580
2385,961,58,2,5240
2386,961,87,1,7120
2387,961,136,1,23560
2388,962,43,4,1620
2389,962,143,5,120
2390,962,136,1,23560
2391,962,174,4,29260
2392,963,200,5,31300
2393,963,120,1,32650
2394,964,120,4,32650
2395,964,29,1,15950
2396,965,8,1,31340
2397,965,142,5,3050
2398,965,177,4,39600
2399,965,132,2,7320
2400,966,52,5,41230
2401,966,174,5,29260
2402,967,65,1,14340
2403,967,124,5,25220
2404,967,126,2,18920
2405,967,199,4,19410
2406,968,59,4,19270
2407,968,11,5,44800
2408,968,115,1,25970
2409,969,47,3,44310
2410,970,173,5,18870
2411,971,91,1,14990
2412,971,120,1,32650
2413,971,129,2,4360
2414,972,172,2,19920
2415,972,76,2,18960
2416,972,50,4,38160
2417,973,42,4,21660
2418,973,32,5,46430
2419,974,99,5,39080
2420,975,142,4,3050
2421,975,91,4,14990
2422,975,117,1,48050
2423,975,67,4,42420
2424,976,175,5,9920
2425,976,92,1,21760
2426,976,17,2,25060
2427,976,112,5,540
2428,977,179,1,22600
2429,977,192,3,38710
2430,977,37,1,39410
2431,978,105,3,43500
2432,979,100,1,3290
2433,979,19,4,11760
2434,980,56,2,39700
2435,981,12,3,24510
2436,981,167,2,28110
2437,981,134,3,49990
2438,982,180,1,41970
2439,982,192,5,38710
2440,983,148,3,23400
2441,983,36,5,29540
2442,984,129,1,4360
2443,984,17,1,25060
2444,984,57,3,18020
2445,985,190,4,21370
2446,986,4,3,48070
2447,987,12,1,24510
2448,987,38,3,29480
2449,988,97,4,41410
2450,989,196,4,23000
2451,989,183,3,39280
2452,989,141,4,19070
2453,990,60,5,42520
2454,990,171,3,40970
2455,991,80,1,20060
2456,991,141,1,19070
2457,992,84,1,13720
2458,993,195,3,30590
2459,994,108,4,34950
2460,994,67,5,42420
2461,994,197,5,46900
2462,994,40,4,49790
2463,995,82,4,11130
2464,996,142,3,3050
2465,996,87,1,7120
2466,997,140,1,49210
2467,997,198,4,18820
2468,998,85,5,42420
2469,998,26,3,40010
2470,998,35,5,18240
2471,998,60,4,42520
2472,999,88,3,49780
2473,1000,40,1,49790
2474,1000,97,5,41410
2475,1000,164,4,29020
2476,1001,59,4,19270
2477,1001,188,1,31180
2478,1002,76,4,18960
2479,1002,75,3,29770
2480,1003,109,4,39180
2481,1003,198,2,18820
2482,1003,119,1,30050
2483,1004,17,1,25060
2484,1004,114,4,680
2485,1004,27,2,10600
2486,1005,129,4,4360
2487,1006,93,4,37240
2488,1007,194,5,34820
2489,1007,167,2,28110
2490,1007,124,4,25220
2491,1008,56,1,39700
2492,1009,82,1,11130
2493,1009,79,2,13300
2494,1009,59,4,19270
2495,1009,136,3,23560
2496,1010,78,5,39340
2497,1011,181,2,18290
2498,1011,118,4,44010
2499,1011,172,1,19920
2500,1012,145,3,32470
2501,1012,45,3,48430
2502,1013,176,4,640
2503,1013,136,2,23560
2504,1013,104,5,34560
2505,1013,38,5,29480
2506,1014,12,4,24510
2507,1014,115,3,25970
2508,1014,107,2,48350
2509,1015,115,4,25970
2510,1016,37,1,39410
2511,1016,123,2,45550
2512,1017,54,4,36650
2513,1017,187,4,780
2514,1017,141,4,19070
2515,1018,92,2,21760
2516,1018,155,2,24200
2517,1019,185,1,14410
2518,1019,130,4,530
2519,1019,122,1,14740
2520,1019,156,3,42140
2521,1020,152,1,480
2522,1020,174,3,29260
2523,1020,60,3,42520
2524,1020,46,2,45280
2525,1021,2,5,32000
2526,1021,89,5,14070
2527,1021,7,2,7180
2528,1022,52,1,41230
2529,1022,148,3,23400
2530,1022,108,5,34950
2531,1022,191,4,21630
2532,1023,66,2,30020
2533,1023,199,3,19410
2534,1023,3,4,580
2535,1023,81,4,47080
2536,1024,189,4,26750
2537,1025,128,3,32910
2538,1025,182,2,4530
2539,1025,87,4,7120
2540,1025,89,1,14070
2541,1026,62,5,3360
2542,1027,38,2,29480
2543,1027,47,4,44310
2544,1027,123,2,45550
2545,1028,187,2,780
2546,1028,53,2,13680
2547,1028,47,2,44310
2548,1028,16,4,44100
2549,1029,28,1,23450
2550,1030,95,5,31670
2551,1030,167,1,28110
2552,1030,126,4,18920
2553,1030,110,1,23300
2554,1031,43,2,1620
2555,1031,15,5,47010
2556,1031,200,5,31300
2557,1031,76,3,18960
2558,1032,74,3,12400
2559,1033,148,3,23400
2560,1033,142,2,3050
2561,1033,60,1,42520
2562,1033,9,4,38920
2563,1034,54,5,36650
2564,1035,48,2,30060
2565,1035,8,4,31340
2566,1036,25,3,8140
2567,1037,174,3,29260
2568,1037,102,4,10770
2569,1038,16,4,44100
2570,1039,19,4,11760
2571,1040,195,4,30590
2572,1040,5,2,29400
2573,1040,56,4,39700
2574,1040,21,1,16010
2575,1041,176,3,640
2576,1041,3,5,580
2577,1041,9,2,38920
2578,1042,48,4,30060
2579,1042,106,2,39590
2580,1043,72,2,13660
2581,1043,97,1,41410
2582,1043,148,4,23400
2583,1044,145,4,32470
2584,1044,72,4,13660
2585,1045,143,5,120
2586,1045,2,2,32000
2587,1046,190,4,21370
2588,1047,67,3,42420
2589,1047,16,5,44100
2590,1047,41,5,11560
2591,1048,28,2,23450
2592,1048,179,5,22600
2593,1048,155,2,24200
2594,1049,119,2,30050
2595,1049,180,4,41970
2596,1050,139,2,23520
2597,1050,23,5,37880
2598,1051,100,2,3290
2599,1052,167,5,28110
2600,1052,13,4,45440
2601,1052,77,1,9380
2602,1053,111,4,33570
2603,1053,184,4,41260
2604,1054,166,2,23630
2605,1054,85,5,42420
2606,1054,44,3,47760
2607,1054,117,3,48050
2608,1055,151,3,37350
2609,1055,126,5,18920
2610,1056,6,1,23840
2611,1056,116,5,8830
2612,1056,186,5,42550
2613,1057,78,4,39340
2614,1057,1,3,35570
2615,1057,108,4,34950
2616,1057,192,1,38710
2617,1058,12,1,24510
2618,1058,140,1,49210
2619,1059,153,2,33450
2620,1059,12,2,24510
2621,1060,96,3,1450
2622,1061,159,3,20020
2623,1061,9,3,38920
2624,1062,150,2,18630
2625,1063,41,2,11560
2626,1063,90,2,49320
2627,1064,45,2,48430
2628,1064,2,2,32000
2629,1065,18,3,17440
2630,1065,11,3,44800
2631,1065,40,3,49790
2632,1066,30,5,37010
2633,1067,87,3,7120
2634,1067,73,1,42250
2635,1068,104,5,34560
2636,1068,149,5,28610
2637,1069,178,2,25930
2638,1069,54,2,36650
2639,1069,160,2,37840
2640,1070,76,4,18960
2641,1070,64,2,47500
2642,1071,34,3,490
2643,1071,2,5,32000
2644,1071,138,5,970
2645,1071,7,2,7180
2646,1072,33,3,26010
2647,1073,24,1,23910
2648,1073,42,4,21660
2649,1073,149,3,28610
2650,1074,81,2,47080
2651,1074,157,1,47190
2652,1074,154,1,45860
2653,1074,158,2,30990
2654,1075,128,2,32910
2655,1075,103,1,190
2656,1076,118,3,44010
2657,1076,80,2,20060
2658,1076,151,1,37350
2659,1076,96,1,1450
2660,1077,47,1,44310
2661,1077,153,5,33450
2662,1077,199,2,19410
2663,1077,69,4,29000
2664,1078,160,2,37840
2665,1078,26,2,40010
2666,1078,151,4,37350
2667,1079,20,4,18180
2668,1079,180,3,41970
2669,1079,59,2,19270
2670,1079,26,4,40010
2671,1080,109,4,39180
2672,1080,71,3,41210
2673,1081,171,4,40970
2674,1081,131,3,38730
2675,1082,27,5,10600
2676,1082,37,4,39410
2677,1082,180,1,41970
2678,1082,7,4,7180
2679,1083,7,5,7180
2680,1083,2,5,32000
2681,1084,169,5,29060
2682,1084,190,3,21370
2683,1085,36,2,29540
2684,1085,70,2,39590
2685,1085,16,1,44100
2686,1086,91,2,14990
2687,1087,91,1,14990
2688,1087,3,3,580
2689,1087,82,2,11130
2690,1088,26,1,40010
2691,1088,149,3,28610
2692,1089,171,5,40970
2693,1089,13,4,45440
2694,1090,152,3,480
2695,1090,119,4,30050
2696,1090,164,5,29020
2697,1090,36,2,29540
2698,1091,178,2,25930
2699,1091,190,2,21370
2700,1091,65,1,14340
2701,1092,182,3,4530
2702,1092,66,5,30020
2703,1093,152,2,480
2704,1094,78,5,39340
2705,1095,127,4,8310
2706,1095,11,5,44800
2707,1095,111,2,33570
2708,1095,163,2,18930
2709,1096,194,5,34820
2710,1096,44,5,47760
2711,1097,91,1,14990
2712,1097,25,2,8140
2713,1097,92,3,21760
2714,1097,159,4,20020
2715,1098,111,5,33570
2716,1098,71,3,41210
2717,1098,15,5,47010
2718,1099,189,2,26750
2719,1099,135,5,32920
2720,1099,136,2,23560
2721,1100,180,4,41970
2722,1100,112,2,540
2723,1100,182,4,4530
2724,1101,5,5,29400
2725,1101,190,3,21370
2726,1102,124,2,25220
2727,1102,33,3,26010
2728,1102,169,3,29060
2729,1102,150,2,18630
2730,1103,189,5,26750
2731,1103,96,4,1450
2732,1103,21,2,16010
2733,1104,45,3,48430
2734,1104,47,1,44310
2735,1105,137,2,14450
2736,1106,187,4,780
2737,1106,170,2,22140
2738,1106,163,3,18930
2739,1107,45,5,48430
2740,1107,142,3,3050
2741,1107,106,2,39590
2742,1107,49,1,48400
2743,1108,44,2,47760
2744,1109,71,3,41210
2745,1109,23,5,37880
2746,1110,153,1,33450
2747,1110,3,5,580
2748,1111,101,1,9720
2749,1111,44,2,47760
2750,1111,178,4,25930
2751,1111,114,4,680
2752,1112,68,3,18350
2753,1113,149,3,28610
2754,1114,50,3,38160
2755,1114,48,1,30060
2756,1114,18,1,17440
2757,1114,123,2,45550
2758,1115,13,1,45440
2759,1116,63,2,42810
2760,1116,95,5,31670
2761,1117,35,3,18240
2762,1117,42,4,21660
2763,1118,23,5,37880
2764,1119,98,1,49700
2765,1119,2,4,32000
2766,1120,136,2,23560
2767,1121,125,4,32710
2768,1121,169,3,29060
2769,1121,10,4,18110
2770,1121,83,1,46980
2771,1122,15,4,47010
2772,1122,122,3,14740
2773,1122,112,2,540
2774,1122,34,5,490
2775,1123,3,3,580
2776,1123,4,2,48070
2777,1123,147,4,5720
2778,1124,52,4,41230
2779,1124,70,1,39590
2780,1125,109,1,39180
2781,1125,169,2,29060
2782,1125,38,2,29480
2783,1125,58,4,5240
2784,1126,4,5,48070
2785,1127,73,4,42250
2786,1127,183,3,39280
2787,1127,24,2,23910
2788,1128,184,4,41260
2789,1128,26,3,40010
2790,1129,74,2,12400
2791,1129,30,4,37010
2792,1129,192,2,38710
2793,1130,121,3,45320
2794,1130,169,4,29060
2795,1130,100,4,3290
2796,1130,134,1,49990
2797,1131,178,3,25930
2798,1131,54,2,36650
2799,1131,65,5,14340
2800,1131,155,1,24200
2801,1132,110,3,23300
2802,1132,18,3,17440
2803,1132,122,1,14740
2804,1133,6,5,23840
2805,1133,23,5,37880
2806,1133,127,2,8310
2807,1133,159,2,20020
2808,1134,179,2,22600
2809,1134,47,3,44310
2810,1134,11,5,44800
2811,1135,114,3,680
2812,1135,79,3,13300
2813,1136,197,4,46900
2814,1137,57,3,18020
2815,1137,69,4,29000
2816,1138,51,5,7510
2817,1138,129,3,4360
2818,1138,100,4,3290
2819,1139,43,3,1620
2820,1140,198,2,18820
2821,1140,138,4,970
2822,1140,95,2,31670
2823,1141,144,4,22700
2824,1141,146,2,16500
2825,1141,11,2,44800
2826,1141,72,5,13660
2827,1142,188,1,31180
2828,1142,181,1,18290
2829,1142,69,5,29000
2830,1142,17,3,25060
2831,1143,129,3,4360
2832,1143,87,4,7120
2833,1144,45,3,48430
2834,1144,24,2,23910
2835,1144,101,3,9720
2836,1145,9,5,38920
2837,1146,123,1,45550
2838,1146,137,3,14450
2839,1147,13,4,45440
2840,1147,79,1,13300
2841,1147,126,3,18920
2842,1147,166,2,23630
2843,1148,130,2,530
2844,1148,134,4,49990
2845,1148,68,1,18350
2846,1148,71,4,41210
2847,1149,22,3,46570
2848,1149,139,4,23520
2849,1149,193,3,30070
2850,1149,116,4,8830
2851,1150,34,2,490
2852,1150,174,4,29260
2853,1150,100,5,3290
2854,1150,194,1,34820
2855,1151,169,1,29060
2856,1151,77,5,9380
2857,1151,178,3,25930
2858,1152,16,2,44100
2859,1153,122,1,14740
2860,1153,179,1,22600
2861,1153,43,5,1620
2862,1153,148,3,23400
2863,1154,11,5,44800
2864,1154,179,4,22600
2865,1154,117,1,48050
2866,1155,61,4,38570
2867,1155,94,1,5730
2868,1155,106,3,39590
2869,1156,59,2,19270
2870,1157,69,2,29000
2871,1157,109,2,39180
2872,1157,152,1,480
2873,1157,131,4,38730
2874,1158,166,1,23630
2875,1158,113,4,42900
2876,1158,171,4,40970
2877,1158,55,1,46490
2878,1159,47,2,44310
2879,1159,189,4,26750
2880,1160,122,1,14740
2881,1160,148,5,23400
2882,1160,165,1,890
2883,1160,72,5,13660
2884,1161,131,3,38730
2885,1161,166,2,23630
2886,1161,130,5,530
2887,1161,111,3,33570
2888,1162,100,4,3290
2889,1163,147,2,5720
2890,1163,107,3,48350
2891,1164,179,5,22600
2892,1164,132,5,7320
2893,1165,103,3,190
2894,1165,7,1,7180
2895,1165,190,3,21370
2896,1165,81,5,47080
2897,1166,36,4,29540
2898,1166,31,1,25140
2899,1167,166,1,23630
2900,1167,144,5,22700
2901,1167,109,4,39180
2902,1168,8,2,31340
2903,1168,105,1,43500
2904,1168,101,1,9720
2905,1168,53,4,13680
2906,1169,148,1,23400
2907,1169,174,4,29260
2908,1170,149,5,28610
2909,1170,46,5,45280
2910,1171,173,5,18870
2911,1172,126,5,18920
2912,1172,31,2,25140
2913,1173,180,2,41970
2914,1173,83,4,46980
2915,1173,197,1,46900
2916,1173,53,4,13680
2917,1174,137,4,14450
2918,1175,157,4,47190
2919,1175,68,5,18350
2920,1175,44,3,47760
2921,1176,8,5,31340
2922,1176,53,5,13680
2923,1177,23,2,37880
2924,1177,173,3,18870
2925,1178,176,1,640
2926,1178,164,1,29020
2927,1178,154,3,45860
2928,1179,199,4,19410
2929,1179,145,4,32470
2930,1179,157,1,47190
2931,1180,154,3,45860
2932,1180,46,5,45280
2933,1180,17,4,25060
2934,1180,158,2,30990
2935,1181,95,3,31670
2936,1182,70,5,39590
2937,1182,60,5,42520
2938,1183,169,2,29060
2939,1183,63,1,42810
2940,1183,14,4,10190
2941,1184,107,4,48350
2942,1185,99,4,39080
2943,1186,170,1,22140
2944,1186,57,3,18020
2945,1186,174,5,29260
2946,1187,27,4,10600
2947,1188,198,2,18820
2948,1188,149,5,28610
2949,1188,186,1,42550
2950,1189,1,1,35570
2951,1189,52,1,41230
2952,1189,115,4,25970
2953,1190,154,2,45860
2954,1191,162,1,5630
2955,1191,77,2,9380
2956,1191,11,1,44800
2957,1191,115,5,25970
2958,1192,133,1,18260
2959,1193,41,2,11560
2960,1193,103,5,190
2961,1193,39,4,45290
2962,1193,136,5,23560
2963,1194,167,3,28110
2964,1194,198,3,18820
2965,1195,193,1,30070
2966,1195,8,4,31340
2967,1195,170,2,22140
2968,1196,145,4,32470
2969,1196,48,3,30060
2970,1196,165,1,890
2971,1197,108,5,34950
2972,1198,109,5,39180
2973,1199,185,5,14410
2974,1200,29,4,15950
2975,1200,44,2,47760
2976,1200,121,1,45320
2977,1200,104,5,34560
2978,1201,136,2,23560
2979,1202,62,5,3360
2980,1203,117,1,48050
2981,1204,108,3,34950
2982,1204,50,3,38160
2983,1205,56,4,39700
2984,1205,84,2,13720
2985,1205,153,3,33450
2986,1206,134,1,49990
2987,1206,175,1,9920
2988,1206,125,2,32710
2989,1207,189,3,26750
2990,1208,77,3,9380
2991,1208,42,2,21660
2992,1209,153,2,33450
2993,1209,5,2,29400
2994,1209,150,4,18630
2995,1209,24,3,23910
2996,1210,3,5,580
2997,1210,47,3,44310
2998,1211,104,5,34560
2999,1211,181,4,18290
3000,1211,16,4,44100
3001,1211,64,1,47500
3002,1212,194,2,34820
3003,1212,76,4,18960
3004,1213,35,3,18240
3005,1213,196,1,23000
3006,1213,177,3,39600
3007,1214,57,4,18020
3008,1214,179,3,22600
3009,1214,196,5,23000
3010,1215,180,5,41970
3011,1216,95,1,31670
3012,1216,200,2,31300
3013,1216,72,4,13660
3014,1216,174,3,29260
3015,1217,31,5,25140
3016,1217,91,4,14990
3017,1218,64,4,47500
3018,1218,133,4,18260
3019,1218,95,2,31670
3020,1218,71,2,41210
3021,1219,60,1,42520
3022,1219,110,4,23300
3023,1220,119,5,30050
3024,1220,155,4,24200
3025,1220,199,3,19410
3026,1220,160,5,37840
3027,1221,34,3,490
3028,1222,146,2,16500
3029,1222,125,2,32710
3030,1222,171,1,40970
3031,1223,48,4,30060
3032,1223,155,2,24200
3033,1223,135,2,32920
3034,1224,145,4,32470
3035,1224,159,4,20020
3036,1224,33,4,26010
3037,1224,3,1,580
3038,1225,146,2,16500
3039,1225,150,3,18630
3040,1225,105,4,43500
3041,1225,46,5,45280
3042,1226,151,5,37350
3043,1226,189,5,26750
3044,1227,56,5,39700
3045,1227,83,4,46980
3046,1228,143,4,120
3047,1228,132,4,7320
3048,1228,119,5,30050
3049,1228,182,2,4530
3050,1229,200,3,31300
3051,1229,112,1,540
3052,1229,4,2,48070
3053,1230,135,5,32920
3054,1230,45,3,48430
3055,1230,13,5,45440
3056,1231,25,2,8140
3057,1231,84,5,13720
3058,1232,196,1,23000
3059,1232,154,2,45860
3060,1233,104,1,34560
3061,1233,3,1,580
3062,1234,75,3,29770
3063,1235,168,4,14720
3064,1236,38,1,29480
3065,1236,158,3,30990
3066,1236,186,2,42550
3067,1236,192,1,38710
3068,1237,188,2,31180
3069,1237,145,3,32470
3070,1237,19,1,11760
3071,1238,53,5,13680
3072,1239,83,4,46980
3073,1239,39,2,45290
3074,1239,163,1,18930
3075,1239,140,5,49210
3076,1240,165,3,890
3077,1240,84,2,13720
3078,1240,172,2,19920
3079,1240,99,3,39080
3080,1241,85,5,42420
3081,1242,15,2,47010
3082,1242,133,2,18260
3083,1243,60,4,42520
3084,1243,8,4,31340
3085,1243,146,4,16500
3086,1244,160,3,37840
3087,1245,33,1,26010
3088,1245,146,3,16500
3089,1245,199,4,19410
3090,1245,140,5,49210
3091,1246,2,4,32000
3092,1246,22,3,46570
3093,1247,161,4,39580
3094,1247,1,5,35570
3095,1248,105,5,43500
3096,1248,26,3,40010
3097,1248,135,4,32920
3098,1248,111,2,33570
3099,1249,2,3,32000
3100,1249,80,4,20060
3101,1249,64,3,47500
3102,1250,182,2,4530
3103,1251,58,2,5240
3104,1251,19,4,11760
3105,1251,169,5,29060
3106,1252,104,1,34560
3107,1252,25,4,8140
3108,1252,4,4,48070
3109,1253,51,4,7510
3110,1253,165,3,890
3111,1253,44,1,47760
3112,1253,19,2,11760
3113,1254,23,2,37880
3114,1254,194,1,34820
3115,1254,148,2,23400
3116,1254,196,3,23000
3117,1255,152,2,480
3118,1256,50,2,38160
3119,1256,54,3,36650
3120,1256,118,2,44010
3121,1256,11,3,44800
3122,1257,71,5,41210
3123,1257,115,5,25970
3124,1257,74,1,12400
3125,1258,127,4,8310
3126,1258,111,5,33570
3127,1258,7,4,7180
3128,1259,199,3,19410
3129,1259,58,1,5240
3130,1260,178,4,25930
3131,1261,83,5,46980
3132,1261,20,1,18180
3133,1261,200,4,31300
3134,1261,194,1,34820
3135,1262,23,2,37880
3136,1262,124,2,25220
3137,1262,178,5,25930
3138,1263,21,4,16010
3139,1263,69,2,29000
3140,1263,91,3,14990
3141,1264,155,1,24200
3142,1265,131,3,38730
3143,1265,1,5,35570
3144,1265,89,1,14070
3145,1266,83,4,46980
3146,1267,70,4,39590
3147,1267,184,3,41260
3148,1267,159,2,20020
3149,1268,102,1,10770
3150,1269,122,1,14740
3151,1269,1,5,35570
3152,1269,13,2,45440
3153,1269,73,1,42250
3154,1270,82,5,11130
3155,1270,80,3,20060
3156,1270,31,1,25140
3157,1271,155,5,24200
3158,1271,183,2,39280
3159,1272,21,1,16010
3160,1272,139,2,23520
3161,1273,101,1,9720
3162,1273,197,2,46900
3163,1273,42,5,21660
3164,1273,190,3,21370
3165,1274,176,1,640
3166,1274,72,4,13660
3167,1274,161,5,39580
3168,1274,178,5,25930
3169,1275,39,4,45290
3170,1276,41,3,11560
3171,1276,156,1,42140
3172,1276,179,4,22600
3173,1277,178,5,25930
3174,1277,112,2,540
3175,1277,182,2,4530
3176,1278,88,4,49780
3177,1278,185,2,14410
3178,1279,15,5,47010
3179,1279,49,4,48400
3180,1280,68,5,18350
3181,1280,6,1,23840
3182,1280,129,4,4360
3183,1281,11,5,44800
3184,1281,130,4,530
3185,1281,185,1,14410
3186,1281,155,5,24200
3187,1282,11,1,44800
3188,1282,174,5,29260
3189,1283,139,3,23520
3190,1284,21,2,16010
3191,1284,24,2,23910
3192,1285,97,5,41410
3193,1285,26,3,40010
3194,1285,25,5,8140
3195,1285,86,3,46270
3196,1286,88,2,49780
3197,1287,62,1,3360
3198,1287,48,5,30060
3199,1287,169,4,29060
3200,1287,31,1,25140
3201,1288,117,2,48050
3202,1288,176,2,640
3203,1288,173,1,18870
3204,1289,58,1,5240
3205,1289,154,4,45860
3206,1289,121,4,45320
3207,1290,94,3,5730
3208,1290,183,4,39280
3209,1290,72,1,13660
3210,1291,164,1,29020
3211,1291,51,4,7510
3212,1292,75,4,29770
3213,1293,159,5,20020
3214,1294,187,3,780
3215,1294,63,4,42810
3216,1294,148,4,23400
3217,1295,105,3,43500
3218,1295,34,5,490
3219,1295,47,4,44310
3220,1295,64,1,47500
3221,1296,60,4,42520
3222,1296,4,1,48070
3223,1296,36,5,29540
3224,1297,5,4,29400
3225,1297,34,5,490
3226,1297,96,4,1450
3227,1298,56,4,39700
3228,1299,13,2,45440
3229,1299,85,1,42420
3230,1299,14,4,10190
3231,1299,101,4,9720
3232,1300,112,3,540
3233,1300,3,1,580
3234,1301,188,1,31180
3235,1301,136,4,23560
3236,1302,3,5,580
3237,1302,160,1,37840
3238,1302,140,1,49210
3239,1303,151,5,37350
3240,1303,12,1,24510
3241,1304,16,2,44100
3242,1304,190,1,21370
3243,1305,94,1,5730
3244,1305,35,5,18240
3245,1306,87,2,7120
3246,1306,41,4,11560
3247,1306,177,3,39600
3248,1307,179,1,22600
3249,1307,153,5,33450
3250,1307,94,2,5730
3251,1307,60,4,42520
3252,1308,13,5,45440
3253,1309,12,4,24510
3254,1309,35,3,18240
3255,1309,119,3,30050
3256,1309,90,3,49320
3257,1310,162,1,5630
3258,1310,152,3,480
3259,1310,36,3,29540
3260,1311,178,2,25930
3261,1311,74,5,12400
3262,1311,85,1,42420
3263,1312,143,1,120
3264,1313,184,5,41260
3265,1314,90,3,49320
3266,1314,162,3,5630
3267,1314,136,3,23560
3268,1314,55,4,46490
3269,1315,41,3,11560
3270,1315,43,2,1620
3271,1315,153,1,33450
3272,1315,176,4,640
3273,1316,14,4,10190
3274,1316,81,1,47080
3275,1316,180,2,41970
3276,1316,105,4,43500
3277,1317,108,2,34950
3278,1318,139,4,23520
3279,1318,109,1,39180
3280,1318,8,3,31340
3281,1319,164,4,29020
3282,1319,40,1,49790
3283,1319,194,2,34820
3284,1319,108,2,34950
3285,1320,17,3,25060
3286,1320,94,1,5730
3287,1320,130,1,530
3288,1321,51,1,7510
3289,1321,175,4,9920
3290,1321,2,2,32000
3291,1322,109,4,39180
3292,1323,81,4,47080
3293,1324,89,5,14070
3294,1325,147,2,5720
3295,1325,16,3,44100
3296,1325,96,3,1450
3297,1325,34,1,490
3298,1326,63,3,42810
3299,1326,152,3,480
3300,1327,146,4,16500
3301,1327,68,3,18350
3302,1327,15,3,47010
3303,1327,182,2,4530
3304,1328,175,3,9920
3305,1329,150,4,18630
3306,1329,14,1,10190
3307,1329,82,5,11130
3308,1329,186,1,42550
3309,1330,112,4,540
3310,1330,191,5,21630
3311,1330,77,2,9380
3312,1330,184,4,41260
3313,1331,100,2,3290
3314,1331,32,2,46430
3315,1331,142,3,3050
3316,1332,68,4,18350
3317,1332,161,4,39580
3318,1332,172,5,19920
3319,1332,144,1,22700
3320,1333,176,2,640
3321,1333,120,2,32650
3322,1333,13,4,45440
3323,1334,188,2,31180
3324,1334,23,1,37880
3325,1334,139,1,23520
3326,1334,68,5,18350
3327,1335,42,5,21660
3328,1335,7,3,7180
3329,1336,126,2,18920
3330,1336,62,5,3360
3331,1336,56,4,39700
3332,1336,49,2,48400
3333,1337,54,4,36650
3334,1337,145,3,32470
3335,1338,11,2,44800
3336,1338,48,3,30060
3337,1338,144,2,22700
3338,1339,102,4,10770
3339,1339,118,5,44010
3340,1340,67,4,42420
3341,1340,43,4,1620
3342,1341,160,2,37840
3343,1341,182,2,4530
3344,1342,167,2,28110
3345,1342,37,2,39410
3346,1342,12,2,24510
3347,1343,148,1,23400
3348,1344,177,4,39600
3349,1344,1,5,35570
3350,1344,17,2,25060
3351,1345,195,5,30590
3352,1345,45,3,48430
3353,1346,36,4,29540
3354,1346,55,1,46490
3355,1346,77,5,9380
3356,1347,156,4,42140
3357,1347,3,3,580
3358,1348,22,3,46570
3359,1348,85,2,42420
3360,1348,69,4,29000
3361,1349,114,3,680
3362,1350,146,1,16500
3363,1350,177,2,39600
3364,1350,156,5,42140
3365,1350,160,2,37840
3366,1351,8,1,31340
3367,1352,73,2,42250
3368,1352,63,2,42810
3369,1352,55,4,46490
3370,1352,173,2,18870
3371,1353,127,4,8310
3372,1353,116,4,8830
3373,1354,53,4,13680
3374,1354,20,5,18180
3375,1355,102,4,10770
3376,1356,187,4,780
3377,1356,123,1,45550
3378,1356,8,2,31340
3379,1357,14,1,10190
3380,1357,61,3,38570
3381,1357,97,5,41410
3382,1358,44,3,47760
3383,1358,160,2,37840
3384,1358,129,3,4360
3385,1359,187,1,780
3386,1360,182,2,4530
3387,1360,77,4,9380
3388,1360,187,3,780
3389,1360,14,1,10190
3390,1361,122,2,14740
3391,1361,195,4,30590
3392,1361,94,4,5730
3393,1361,130,4,530
3394,1362,96,1,1450
3395,1362,146,4,16500
3396,1363,4,2,48070
3397,1363,11,4,44800
3398,1364,131,3,38730
3399,1364,170,4,22140
3400,1365,106,3,39590
3401,1365,187,5,780
3402,1365,19,4,11760
3403,1366,81,5,47080
3404,1366,153,2,33450
3405,1366,125,1,32710
3406,1367,151,5,37350
3407,1367,179,4,22600
3408,1368,154,5,45860
3409,1368,20,5,18180
3410,1368,66,4,30020
3411,1369,151,5,37350
3412,1370,81,5,47080
3413,1370,4,2,48070
3414,1370,73,2,42250
3415,1371,199,2,19410
3416,1371,112,2,540
3417,1371,76,2,18960
3418,1371,56,5,39700
3419,1372,98,1,49700
3420,1372,26,2,40010
3421,1372,34,5,490
3422,1373,170,1,22140
3423,1374,158,3,30990
3424,1374,74,2,12400
3425,1374,144,3,22700
3426,1375,2,1,32000
3427,1376,176,4,640
3428,1376,116,2,8830
3429,1377,50,5,38160
3430,1377,152,3,480
3431,1378,77,3,9380
3432,1378,45,4,48430
3433,1378,164,4,29020
3434,1378,42,5,21660
3435,1379,17,5,25060
3436,1379,132,2,7320
3437,1379,199,2,19410
3438,1379,129,2,4360
3439,1380,135,4,32920
3440,1380,165,1,890
3441,1380,140,3,49210
3442,1380,167,5,28110
3443,1381,18,1,17440
3444,1381,100,4,3290
3445,1381,134,1,49990
3446,1382,179,3,22600
3447,1382,186,5,42550
3448,1383,103,5,190
3449,1383,79,5,13300
3450,1383,120,5,32650
3451,1384,101,3,9720
3452,1384,7,5,7180
3453,1384,193,4,30070
3454,1385,160,4,37840
3455,1385,69,2,29000
3456,1385,146,5,16500
3457,1385,199,2,19410
3458,1386,159,4,20020
3459,1387,52,1,41230
3460,1387,102,1,10770
3461,1388,147,2,5720
3462,1389,22,1,46570
3463,1389,99,1,39080
3464,1389,103,4,190
3465,1389,34,3,490
3466,1390,82,5,11130
3467,1390,188,4,31180
3468,1390,116,3,8830
3469,1391,128,4,32910
3470,1391,171,3,40970
3471,1391,134,3,49990
3472,1392,127,2,8310
3473,1392,91,3,14990
3474,1392,26,4,40010
3475,1393,71,5,41210
3476,1393,2,4,32000
3477,1393,14,3,10190
3478,1393,99,5,39080
3479,1394,136,1,23560
3480,1394,34,3,490
3481,1394,75,1,29770
3482,1394,175,4,9920
3483,1395,91,2,14990
3484,1395,66,2,30020
3485,1395,84,3,13720
3486,1395,28,3,23450
3487,1396,18,5,17440
3488,1396,198,5,18820
3489,1396,132,4,7320
3490,1397,2,2,32000
3491,1397,37,5,39410
3492,1397,52,4,41230
3493,1398,5,3,29400
3494,1398,132,4,7320
3495,1398,199,1,19410
3496,1398,60,1,42520
3497,1399,6,1,23840
3498,1399,63,5,42810
3499,1399,105,3,43500
3500,1399,50,3,38160
3501,1400,55,4,46490
3502,1400,132,1,7320
3503,1401,12,3,24510
3504,1401,178,1,25930
3505,1402,8,3,31340
3506,1402,156,1,42140
3507,1403,69,5,29000
3508,1403,172,1,19920
3509,1404,164,5,29020
3510,1404,17,4,25060
3511,1404,156,5,42140
3512,1404,122,4,14740
3513,1405,70,2,39590
3514,1405,87,5,7120
3515,1406,29,4,15950
3516,1406,54,5,36650
3517,1406,93,3,37240
3518,1407,77,3,9380
3519,1408,119,2,30050
3520,1409,193,4,30070
3521,1409,198,3,18820
3522,1409,97,5,41410
3523,1410,147,3,5720
3524,1411,164,1,29020
3525,1411,58,3,5240
3526,1411,147,5,5720
3527,1411,65,5,14340
3528,1412,36,4,29540
3529,1413,44,5,47760
3530,1414,70,1,39590
3531,1414,38,2,29480
3532,1414,167,1,28110
3533,1415,136,2,23560
3534,1415,154,3,45860
3535,1415,196,5,23000
3536,1416,157,2,47190
3537,1416,5,3,29400
3538,1416,120,2,32650
3539,1417,59,1,19270
3540,1418,171,5,40970
3541,1418,118,4,44010
3542,1418,121,4,45320
3543,1418,74,3,12400
3544,1419,30,1,37010
3545,1419,169,5,29060
3546,1419,80,4,20060
3547,1420,176,2,640
3548,1420,134,2,49990
3549,1420,185,1,14410
3550,1421,156,5,42140
3551,1421,82,4,11130
3552,1422,28,2,23450
3553,1422,147,2,5720
3554,1422,108,2,34950
3555,1423,110,3,23300
3556,1423,8,5,31340
3557,1424,184,2,41260
3558,1424,160,4,37840
3559,1424,194,4,34820
3560,1424,72,4,13660
3561,1425,133,4,18260
3562,1425,54,2,36650
3563,1425,26,1,40010
3564,1426,104,1,34560
3565,1426,47,3,44310
3566,1426,152,1,480
3567,1426,55,5,46490
3568,1427,120,5,32650
3569,1428,76,2,18960
3570,1428,200,4,31300
3571,1429,88,4,49780
3572,1429,145,5,32470
3573,1429,80,5,20060
3574,1430,108,2,34950
3575,1431,35,2,18240
3576,1431,118,2,44010
3577,1432,31,5,25140
3578,1432,116,1,8830
3579,1432,160,2,37840
3580,1432,129,2,4360
3581,1433,121,5,45320
3582,1433,174,1,29260
3583,1434,182,4,4530
3584,1435,70,4,39590
3585,1435,183,1,39280
3586,1435,139,5,23520
3587,1436,120,3,32650
3588,1436,115,3,25970
3589,1436,149,1,28610
3590,1437,108,5,34950
3591,1437,128,5,32910
3592,1437,81,1,47080
3593,1437,52,5,41230
3594,1438,116,2,8830
3595,1439,132,1,7320
3596,1439,17,3,25060
3597,1439,91,4,14990
3598,1439,150,5,18630
3599,1440,143,5,120
3600,1441,95,4,31670
3601,1441,131,2,38730
3602,1441,156,4,42140
3603,1442,130,5,530
3604,1442,68,5,18350
3605,1443,106,2,39590
3606,1443,53,1,13680
3607,1443,135,4,32920
3608,1443,6,4,23840
3609,1444,39,2,45290
3610,1445,175,5,9920
3611,1445,28,1,23450
3612,1445,47,3,44310
3613,1445,30,1,37010
3614,1446,40,5,49790
3615,1447,168,2,14720
3616,1447,196,1,23000
3617,1447,26,4,40010
3618,1447,131,1,38730
3619,1448,100,1,3290
3620,1448,184,1,41260
3621,1448,195,1,30590
3622,1448,153,4,33450
3623,1449,57,2,18020
3624,1449,124,5,25220
3625,1450,100,5,3290
3626,1450,142,2,3050
3627,1451,71,5,41210
3628,1451,181,4,18290
3629,1452,156,2,42140
3630,1452,117,3,48050
3631,1452,12,1,24510
3632,1453,126,5,18920
3633,1453,84,4,13720
3634,1453,118,5,44010
3635,1453,131,2,38730
3636,1454,87,4,7120
3637,1454,91,1,14990
3638,1455,114,2,680
3639,1455,61,2,38570
3640,1455,190,1,21370
3641,1455,26,3,40010
3642,1456,88,3,49780
3643,1456,162,4,5630
3644,1456,11,1,44800
3645,1457,33,5,26010
3646,1457,165,4,890
3647,1457,24,5,23910
3648,1458,133,3,18260
3649,1458,71,3,41210
3650,1459,80,3,20060
3651,1460,27,3,10600
3652,1460,20,1,18180
3653,1461,124,1,25220
3654,1461,14,2,10190
3655,1461,167,2,28110
3656,1462,13,5,45440
3657,1462,51,4,7510
3658,1462,103,1,190
3659,1463,161,5,39580
3660,1463,193,5,30070
3661,1463,101,1,9720
3662,1464,150,4,18630
3663,1465,159,2,20020
3664,1465,115,2,25970
3665,1465,138,3,970
3666,1465,14,3,10190
3667,1466,110,3,23300
3668,1466,132,4,7320
3669,1466,75,4,29770
3670,1467,7,4,7180
3671,1467,195,4,30590
3672,1467,60,3,42520
3673,1468,17,4,25060
3674,1469,35,3,18240
3675,1469,157,4,47190
3676,1470,195,5,30590
3677,1470,128,2,32910
3678,1471,91,5,14990
3679,1472,94,5,5730
3680,1472,116,2,8830
3681,1472,181,4,18290
3682,1472,42,2,21660
3683,1473,131,4,38730
3684,1474,182,2,4530
3685,1474,10,5,18110
3686,1475,85,5,42420
3687,1476,181,2,18290
3688,1476,170,2,22140
3689,1476,78,2,39340
3690,1477,77,4,9380
3691,1477,24,3,23910
3692,1478,141,3,19070
3693,1479,138,4,970
3694,1479,64,4,47500
3695,1479,150,1,18630
3696,1480,54,4,36650
3697,1480,77,3,9380
3698,1480,75,4,29770
3699,1480,99,2,39080
3700,1481,89,5,14070
3701,1482,140,1,49210
3702,1482,73,4,42250
3703,1482,167,3,28110
3704,1483,109,1,39180
3705,1484,1,2,35570
3706,1484,87,1,7120
3707,1484,4,5,48070
3708,1484,42,1,21660
3709,1485,145,3,32470
3710,1485,142,1,3050
3711,1485,19,2,11760
3712,1485,166,3,23630
3713,1486,171,1,40970
3714,1486,123,5,45550
3715,1486,99,3,39080
3716,1487,178,4,25930
3717,1487,125,3,32710
3718,1488,189,2,26750
3719,1489,138,3,970
3720,1489,104,2,34560
3721,1490,198,2,18820
3722,1490,8,4,31340
3723,1491,192,5,38710
3724,1491,8,4,31340
3725,1491,148,2,23400
3726,1492,143,2,120
3727,1493,97,5,41410
3728,1493,116,4,8830
3729,1493,118,4,44010
3730,1493,32,4,46430
3731,1494,20,4,18180
3732,1494,1,2,35570
3733,1494,36,3,29540
3734,1494,81,2,47080
3735,1495,35,2,18240
3736,1496,175,2,9920
3737,1496,179,3,22600
3738,1497,19,2,11760
3739,1498,109,4,39180
3740,1498,142,3,3050
3741,1498,57,5,18020
3742,1498,108,1,34950
3743,1499,122,4,14740
3744,1500,84,2,13720
3745,1501,71,3,41210
3746,1501,104,3,34560
3747,1501,31,1,25140
3748,1502,55,3,46490
3749,1502,63,1,42810
3750,1503,78,3,39340
3751,1503,102,2,10770
3752,1503,93,4,37240
3753,1503,112,1,540
3754,1504,141,4,19070
3755,1505,126,2,18920
3756,1505,193,4,30070
3757,1506,18,5,17440
3758,1506,146,3,16500
3759,1507,157,5,47190
3760,1507,163,2,18930
3761,1507,86,2,46270
3762,1507,92,4,21760
3763,1508,97,5,41410
3764,1508,68,1,18350
3765,1508,24,1,23910
3766,1508,77,2,9380
3767,1509,1,3,35570
3768,1509,46,3,45280
3769,1509,191,1,21630
3770,1510,70,3,39590
3771,1510,200,3,31300
3772,1511,124,5,25220
3773,1511,37,2,39410
3774,1511,47,5,44310
3775,1511,137,1,14450
3776,1512,121,2,45320
3777,1512,194,1,34820
3778,1512,62,3,3360
3779,1513,71,1,41210
3780,1513,97,3,41410
3781,1513,188,4,31180
3782,1514,149,3,28610
3783,1514,51,1,7510
3784,1514,39,1,45290
3785,1515,179,5,22600
3786,1515,151,5,37350
3787,1515,118,4,44010
3788,1516,55,1,46490
3789,1516,17,3,25060
3790,1516,35,1,18240
3791,1517,74,4,12400
3792,1517,63,4,42810
3793,1517,113,4,42900
3794,1518,132,2,7320
3795,1519,179,5,22600
3796,1520,129,1,4360
3797,1520,14,5,10190
3798,1520,16,4,44100
3799,1521,22,2,46570
3800,1521,80,5,20060
3801,1522,84,1,13720
3802,1523,65,2,14340
3803,1524,124,1,25220
3804,1524,137,1,14450
3805,1524,106,4,39590
3806,1524,44,5,47760
3807,1525,141,4,19070
3808,1526,12,5,24510
3809,1527,162,3,5630
3810,1527,135,2,32920
3811,1527,82,3,11130
3812,1527,109,4,39180
3813,1528,105,5,43500
3814,1529,37,4,39410
3815,1530,63,1,42810
3816,1530,185,3,14410
3817,1531,46,2,45280
3818,1531,181,1,18290
3819,1531,191,4,21630
3820,1532,14,2,10190
3821,1533,14,5,10190
3822,1533,48,4,30060
3823,1534,166,1,23630
3824,1534,177,3,39600
3825,1534,86,2,46270
3826,1535,74,1,12400
3827,1535,190,1,21370
3828,1536,40,4,49790
3829,1536,7,4,7180
3830,1536,104,1,34560
3831,1537,81,1,47080
3832,1538,82,5,11130
3833,1538,190,2,21370
3834,1538,151,1,37350
3835,1539,103,4,190
3836,1540,53,5,13680
3837,1540,190,2,21370
3838,1541,35,1,18240
3839,1541,72,1,13660
3840,1542,60,2,42520
3841,1542,151,2,37350
3842,1542,34,1,490
3843,1543,97,1,41410
3844,1543,36,1,29540
3845,1543,168,5,14720
3846,1544,20,1,18180
3847,1545,66,3,30020
3848,1545,137,2,14450
3849,1546,148,2,23400
3850,1546,26,2,40010
3851,1547,94,5,5730
3852,1547,47,4,44310
3853,1548,55,2,46490
3854,1549,188,3,31180
3855,1549,154,3,45860
3856,1550,174,2,29260
3857,1550,73,3,42250
3858,1550,86,2,46270
3859,1550,33,5,26010
3860,1551,77,4,9380
3861,1551,198,1,18820
3862,1551,157,2,47190
3863,1551,114,3,680
3864,1552,110,1,23300
3865,1552,50,5,38160
3866,1552,69,3,29000
3867,1552,45,2,48430
3868,1553,193,4,30070
3869,1553,117,2,48050
3870,1553,163,3,18930
3871,1553,172,5,19920
3872,1554,46,2,45280
3873,1554,160,3,37840
3874,1554,121,4,45320
3875,1555,86,2,46270
3876,1556,104,1,34560
3877,1556,95,3,31670
3878,1556,86,4,46270
3879,1556,145,4,32470
3880,1557,95,5,31670
3881,1557,64,1,47500
3882,1558,107,4,48350
3883,1558,77,3,9380
3884,1558,27,2,10600
3885,1558,69,2,29000
3886,1559,149,3,28610
3887,1559,179,4,22600
3888,1559,95,3,31670
3889,1559,41,4,11560
3890,1560,185,3,14410
3891,1560,82,2,11130
3892,1560,171,5,40970
3893,1560,60,5,42520
3894,1561,33,5,26010
3895,1561,196,5,23000
3896,1561,163,3,18930
3897,1561,197,2,46900
3898,1562,75,4,29770
3899,1562,52,4,41230
3900,1563,77,3,9380
3901,1563,27,4,10600
3902,1564,41,4,11560
3903,1565,51,2,7510
3904,1565,191,3,21630
3905,1565,161,3,39580
3906,1565,141,2,19070
3907,1566,106,5,39590
3908,1566,141,4,19070
3909,1566,85,2,42420
3910,1567,106,1,39590
3911,1568,188,5,31180
3912,1568,138,4,970
3913,1568,38,5,29480
3914,1568,76,2,18960
3915,1569,107,1,48350
3916,1570,58,1,5240
3917,1570,173,1,18870
3918,1570,129,4,4360
3919,1571,178,1,25930
3920,1571,119,1,30050
3921,1572,6,2,23840
3922,1572,128,4,32910
3923,1573,98,4,49700
3924,1573,16,2,44100
3925,1574,25,3,8140
3926,1575,124,5,25220
3927,1575,142,2,3050
3928,1575,183,4,39280
3929,1575,5,3,29400
3930,1576,31,1,25140
3931,1576,34,3,490
3932,1577,51,4,7510
3933,1577,152,4,480
3934,1577,197,2,46900
3935,1577,77,3,9380
3936,1578,37,2,39410
3937,1578,192,4,38710
3938,1578,149,3,28610
3939,1579,193,2,30070
3940,1579,104,5,34560
3941,1579,53,1,13680
3942,1580,36,3,29540
3943,1580,192,1,38710
3944,1580,150,2,18630
3945,1580,151,4,37350
3946,1581,130,1,530
3947,1581,171,2,40970
3948,1581,21,4,16010
3949,1582,184,1,41260
3950,1582,75,5,29770
3951,1582,146,4,16500
3952,1582,118,4,44010
3953,1583,106,5,39590
3954,1584,56,2,39700
3955,1584,85,5,42420
3956,1585,9,1,38920
3957,1586,28,5,23450
3958,1586,44,1,47760
3959,1586,90,1,49320
3960,1586,198,4,18820
3961,1587,146,3,16500
3962,1587,155,5,24200
3963,1588,195,1,30590
3964,1589,58,3,5240
3965,1589,60,3,42520
3966,1590,122,4,14740
3967,1590,171,4,40970
3968,1591,176,5,640
3969,1591,71,1,41210
3970,1592,12,3,24510
3971,1592,145,1,32470
3972,1592,140,1,49210
3973,1593,112,4,540
3974,1594,10,3,18110
3975,1594,19,5,11760
3976,1595,27,4,10600
3977,1596,73,5,42250
3978,1597,198,1,18820
3979,1598,80,2,20060
3980,1599,39,5,45290
3981,1600,107,1,48350
3982,1600,31,1,25140
3983,1600,104,5,34560
3984,1600,140,5,49210
3985,1601,64,3,47500
3986,1602,32,2,46430
3987,1602,198,3,18820
3988,1603,78,2,39340
3989,1603,142,1,3050
3990,1603,67,2,42420
3991,1604,51,1,7510
3992,1604,20,4,18180
3993,1604,109,5,39180
3994,1605,125,5,32710
3995,1606,53,5,13680
3996,1607,16,1,44100
3997,1607,21,1,16010
3998,1607,83,4,46980
3999,1607,124,1,25220
4000,1608,35,1,18240
4001,1608,181,5,18290
4002,1609,5,4,29400
4003,1609,35,1,18240
4004,1609,78,2,39340
4005,1610,75,1,29770
4006,1611,34,5,490
4007,1612,162,4,5630
4008,1612,77,1,9380
4009,1612,82,5,11130
4010,1612,35,2,18240
4011,1613,122,4,14740
4012,1613,131,3,38730
4013,1613,95,4,31670
4014,1613,126,2,18920
4015,1614,62,5,3360
4016,1615,10,4,18110
4017,1616,158,4,30990
4018,1616,29,1,15950
4019,1616,169,5,29060
4020,1617,44,2,47760
4021,1617,64,1,47500
4022,1617,165,3,890
4023,1618,13,2,45440
4024,1618,20,1,18180
4025,1618,182,3,4530
4026,1619,85,4,42420
4027,1619,14,5,10190
4028,1620,170,4,22140
4029,1620,48,5,30060
4030,1620,100,3,3290
4031,1620,18,3,17440
4032,1621,43,4,1620
4033,1621,83,3,46980
4034,1621,45,1,48430
4035,1622,36,3,29540
4036,1623,125,4,32710
4037,1623,185,5,14410
4038,1623,17,5,25060
4039,1624,134,4,49990
4040,1624,135,4,32920
4041,1624,92,5,21760
4042,1625,130,2,530
4043,1625,146,1,16500
4044,1625,154,1,45860
4045,1626,28,3,23450
4046,1626,152,4,480
4047,1626,161,4,39580
4048,1627,170,3,22140
4049,1627,103,3,190
4050,1627,54,5,36650
4051,1628,38,1,29480
4052,1628,48,4,30060
4053,1628,115,2,25970
4054,1629,104,3,34560
4055,1629,35,4,18240
4056,1629,195,3,30590
4057,1629,168,1,14720
4058,1630,98,1,49700
4059,1630,3,1,580
4060,1630,122,1,14740
4061,1631,168,2,14720
4062,1631,71,1,41210
4063,1631,29,4,15950
4064,1632,47,5,44310
4065,1632,67,4,42420
4066,1632,11,1,44800
4067,1632,180,1,41970
4068,1633,164,4,29020
4069,1634,139,3,23520
4070,1634,154,1,45860
4071,1634,16,4,44100
4072,1634,173,2,18870
4073,1635,2,4,32000
4074,1635,121,2,45320
4075,1636,129,1,4360
4076,1636,185,1,14410
4077,1637,169,2,29060
4078,1637,42,2,21660
4079,1637,36,5,29540
4080,1638,47,5,44310
4081,1638,45,2,48430
4082,1639,4,4,48070
4083,1639,138,3,970
4084,1639,72,2,13660
4085,1640,92,5,21760
4086,1640,156,5,42140
4087,1641,9,1,38920
4088,1641,1,1,35570
4089,1641,70,5,39590
4090,1642,116,2,8830
4091,1642,155,3,24200
4092,1642,30,1,37010
4093,1643,64,3,47500
4094,1644,199,3,19410
4095,1645,82,4,11130
4096,1645,200,2,31300
4097,1646,197,5,46900
4098,1646,165,5,890
4099,1647,2,3,32000
4100,1647,112,1,540
4101,1648,126,5,18920
4102,1648,143,4,120
4103,1648,11,5,44800
4104,1649,8,5,31340
4105,1649,33,1,26010
4106,1650,7,3,7180
4107,1651,160,3,37840
4108,1652,63,5,42810
4109,1652,78,3,39340
4110,1652,20,2,18180
4111,1653,168,3,14720
4112,1654,121,4,45320
4113,1654,143,3,120
4114,1654,105,2,43500
4115,1655,45,1,48430
4116,1656,6,2,23840
4117,1656,99,3,39080
4118,1657,144,2,22700
4119,1657,165,4,890
4120,1657,182,5,4530
4121,1657,7,5,7180
4122,1658,171,2,40970
4123,1659,57,5,18020
4124,1660,65,5,14340
4125,1660,62,5,3360
4126,1660,185,1,14410
4127,1660,104,3,34560
4128,1661,142,4,3050
4129,1661,83,3,46980
4130,1661,89,5,14070
4131,1662,179,5,22600
4132,1662,197,3,46900
4133,1662,6,2,23840
4134,1663,108,5,34950
4135,1664,146,3,16500
4136,1664,164,3,29020
4137,1664,13,2,45440
4138,1664,177,5,39600
4139,1665,4,1,48070
4140,1665,97,4,41410
4141,1665,18,3,17440
4142,1665,187,4,780
4143,1666,62,3,3360
4144,1666,60,3,42520
4145,1666,116,4,8830
4146,1666,194,1,34820
4147,1667,103,3,190
4148,1668,114,1,680
4149,1668,107,2,48350
4150,1669,170,5,22140
4151,1669,144,5,22700
4152,1669,18,1,17440
4153,1669,77,2,9380
4154,1670,57,5,18020
4155,1670,163,3,18930
4156,1670,6,2,23840
4157,1671,186,5,42550
4158,1671,103,4,190
4159,1671,158,3,30990
4160,1671,42,3,21660
4161,1672,118,2,44010
4162,1672,199,3,19410
4163,1672,128,1,32910
4164,1673,173,2,18870
4165,1673,48,3,30060
4166,1673,62,2,3360
4167,1674,78,1,39340
4168,1674,132,1,7320
4169,1675,21,2,16010
4170,1675,117,3,48050
4171,1675,182,1,4530
4172,1676,88,5,49780
4173,1676,64,1,47500
4174,1676,102,3,10770
4175,1677,81,5,47080
4176,1677,118,1,44010
4177,1677,73,4,42250
4178,1678,128,4,32910
4179,1678,145,1,32470
4180,1679,72,3,13660
4181,1679,43,4,1620
4182,1680,62,2,3360
4183,1681,169,5,29060
4184,1681,37,3,39410
4185,1682,92,1,21760
4186,1682,47,3,44310
4187,1682,57,5,18020
4188,1683,135,2,32920
4189,1683,100,1,3290
4190,1684,6,4,23840
4191,1684,36,4,29540
4192,1684,155,2,24200
4193,1685,114,2,680
4194,1686,125,3,32710
4195,1687,154,2,45860
4196,1687,36,1,29540
4197,1688,23,5,37880
4198,1688,105,2,43500
4199,1688,119,1,30050
4200,1689,176,2,640
4201,1689,62,4,3360
4202,1689,152,4,480
4203,1690,122,4,14740
4204,1690,2,2,32000
4205,1691,91,1,14990
4206,1691,193,2,30070
4207,1692,60,5,42520
4208,1693,129,3,4360
4209,1693,12,5,24510
4210,1694,2,1,32000
4211,1694,48,4,30060
4212,1694,39,1,45290
4213,1695,28,5,23450
4214,1696,165,2,890
4215,1696,63,3,42810
4216,1697,126,4,18920
4217,1697,155,1,24200
4218,1698,1,1,35570
4219,1699,48,5,30060
4220,1700,111,2,33570
4221,1700,26,2,40010
4222,1700,97,3,41410
4223,1701,184,4,41260
4224,1701,174,1,29260
4225,1701,72,5,13660
4226,1701,180,3,41970
4227,1702,154,4,45860
4228,1702,80,5,20060
4229,1702,1,5,35570
4230,1703,59,3,19270
4231,1703,1,3,35570
4232,1704,35,2,18240
4233,1704,191,1,21630
4234,1705,167,1,28110
4235,1705,161,3,39580
4236,1705,120,3,32650
4237,1705,137,4,14450
4238,1706,113,2,42900
4239,1706,188,4,31180
4240,1706,74,1,12400
4241,1707,158,3,30990
4242,1708,51,1,7510
4243,1708,174,1,29260
4244,1708,158,4,30990
4245,1709,110,1,23300
4246,1709,108,3,34950
4247,1709,183,2,39280
4248,1709,88,4,49780
4249,1710,18,2,17440
4250,1710,33,5,26010
4251,1710,7,1,7180
4252,1710,148,3,23400
4253,1711,141,1,19070
4254,1711,15,5,47010
4255,1711,105,1,43500
4256,1711,170,2,22140
4257,1712,63,1,42810
4258,1712,18,4,17440
4259,1713,161,1,39580
4260,1713,141,4,19070
4261,1713,175,4,9920
4262,1713,114,4,680
4263,1714,86,2,46270
4264,1714,63,2,42810
4265,1715,176,1,640
4266,1715,125,5,32710
4267,1716,150,2,18630
4268,1716,40,4,49790
4269,1716,19,5,11760
4270,1717,166,4,23630
4271,1717,132,2,7320
4272,1717,95,4,31670
4273,1718,22,3,46570
4274,1719,156,2,42140
4275,1719,80,1,20060
4276,1720,8,2,31340
4277,1721,87,5,7120
4278,1721,198,5,18820
4279,1721,63,2,42810
4280,1721,146,2,16500
4281,1722,54,2,36650
4282,1723,112,5,540
4283,1723,89,4,14070
4284,1723,154,4,45860
4285,1724,33,5,26010
4286,1724,123,3,45550
4287,1725,126,5,18920
4288,1726,175,4,9920
4289,1726,128,3,32910
4290,1727,88,2,49780
4291,1728,11,1,44800
4292,1728,25,3,8140
4293,1729,100,3,3290
4294,1730,180,4,41970
4295,1730,110,3,23300
4296,1731,111,2,33570
4297,1731,114,3,680
4298,1732,37,4,39410
4299,1733,72,3,13660
4300,1733,81,2,47080
4301,1734,126,4,18920
4302,1734,94,3,5730
4303,1735,158,5,30990
4304,1735,121,4,45320
4305,1735,106,5,39590
4306,1735,67,3,42420
4307,1736,41,3,11560
4308,1736,43,3,1620
4309,1736,72,1,13660
4310,1736,148,1,23400
4311,1737,105,3,43500
4312,1737,161,1,39580
4313,1737,36,4,29540
4314,1738,146,3,16500
4315,1738,108,4,34950
4316,1739,29,1,15950
4317,1739,37,4,39410
4318,1739,173,2,18870
4319,1740,107,5,48350
4320,1740,183,2,39280
4321,1740,127,3,8310
4322,1740,46,1,45280
4323,1741,150,3,18630
4324,1741,200,2,31300
4325,1741,56,1,39700
4326,1741,66,2,30020
4327,1742,78,4,39340
4328,1743,2,2,32000
4329,1743,48,3,30060
4330,1743,38,4,29480
4331,1744,141,1,19070
4332,1744,177,3,39600
4333,1744,180,3,41970
4334,1744,172,4,19920
4335,1745,36,3,29540
4336,1745,96,1,1450
4337,1745,30,4,37010
4338,1745,134,1,49990
4339,1746,59,5,19270
4340,1746,167,5,28110
4341,1747,24,4,23910
4342,1747,75,5,29770
4343,1748,199,2,19410
4344,1748,63,4,42810
4345,1749,178,5,25930
4346,1749,15,3,47010
4347,1750,17,4,25060
4348,1750,184,4,41260
4349,1750,102,4,10770
4350,1751,102,2,10770
4351,1752,162,5,5630
4352,1752,57,4,18020
4353,1752,172,2,19920
4354,1752,36,1,29540
4355,1753,18,2,17440
4356,1754,7,5,7180
4357,1754,13,3,45440
4358,1755,33,5,26010
4359,1755,100,2,3290
4360,1755,65,2,14340
4361,1756,109,5,39180
4362,1756,116,4,8830
4363,1757,131,2,38730
4364,1758,128,1,32910
4365,1758,186,2,42550
4366,1758,190,4,21370
4367,1758,164,1,29020
4368,1759,164,5,29020
4369,1759,174,3,29260
4370,1759,65,4,14340
4371,1760,7,3,7180
4372,1760,144,4,22700
4373,1761,146,1,16500
4374,1761,184,2,41260
4375,1761,14,2,10190
4376,1762,160,1,37840
4377,1762,95,5,31670
4378,1762,196,2,23000
4379,1763,13,1,45440
4380,1763,168,1,14720
4381,1763,1,3,35570
4382,1764,101,3,9720
4383,1764,29,5,15950
4384,1764,122,1,14740
4385,1765,56,5,39700
4386,1766,74,3,12400
4387,1767,16,3,44100
4388,1768,70,2,39590
4389,1769,90,4,49320
4390,1770,131,2,38730
4391,1770,88,3,49780
4392,1770,20,2,18180
4393,1770,176,5,640
4394,1771,71,5,41210
4395,1772,123,4,45550
4396,1772,80,3,20060
4397,1773,130,1,530
4398,1773,13,5,45440
4399,1773,51,1,7510
4400,1774,104,5,34560
4401,1775,98,1,49700
4402,1775,73,4,42250
4403,1775,115,4,25970
4404,1776,10,1,18110
4405,1776,24,2,23910
4406,1776,156,4,42140
4407,1777,104,5,34560
4408,1778,124,1,25220
4409,1778,180,4,41970
4410,1779,28,3,23450
4411,1780,109,5,39180
4412,1780,133,5,18260
4413,1780,29,4,15950
4414,1780,22,4,46570
4415,1781,92,5,21760
4416,1781,149,2,28610
4417,1781,189,2,26750
4418,1781,183,2,39280
4419,1782,17,3,25060
4420,1782,122,1,14740
4421,1782,11,3,44800
4422,1782,185,5,14410
4423,1783,96,3,1450
4424,1783,49,3,48400
4425,1784,151,3,37350
4426,1785,84,5,13720
4427,1785,113,3,42900
4428,1785,181,2,18290
4429,1785,39,3,45290
4430,1786,64,5,47500
4431,1786,149,5,28610
4432,1787,73,4,42250
4433,1787,41,4,11560
4434,1788,25,4,8140
4435,1788,120,3,32650
4436,1789,18,3,17440
4437,1790,109,4,39180
4438,1790,110,5,23300
4439,1790,141,2,19070
4440,1791,199,2,19410
4441,1792,39,5,45290
4442,1793,53,2,13680
4443,1793,41,4,11560
4444,1793,119,4,30050
4445,1794,152,3,480
4446,1794,144,3,22700
4447,1794,166,1,23630
4448,1794,57,3,18020
4449,1795,43,3,1620
4450,1796,133,3,18260
4451,1796,95,4,31670
4452,1797,62,1,3360
4453,1798,49,4,48400
4454,1798,2,2,32000
4455,1798,138,1,970
4456,1798,145,4,32470
4457,1799,143,2,120
4458,1799,184,4,41260
4459,1800,121,1,45320
4460,1800,117,1,48050
4461,1800,192,5,38710
4462,1800,194,3,34820
4463,1801,82,4,11130
4464,1801,33,5,26010
4465,1802,51,1,7510
4466,1802,1,1,35570
4467,1802,200,4,31300
4468,1802,155,1,24200
4469,1803,19,2,11760
4470,1803,13,3,45440
4471,1804,50,3,38160
4472,1804,76,4,18960
4473,1805,174,3,29260
4474,1805,14,4,10190
4475,1806,121,4,45320
4476,1806,25,1,8140
4477,1806,194,5,34820
4478,1806,159,5,20020
4479,1807,28,5,23450
4480,1807,97,4,41410
4481,1807,94,3,5730
4482,1807,182,4,4530
4483,1808,198,1,18820
4484,1808,117,5,48050
4485,1808,105,5,43500
4486,1808,76,4,18960
4487,1809,50,3,38160
4488,1809,74,1,12400
4489,1810,158,3,30990
4490,1811,42,2,21660
4491,1811,73,4,42250
4492,1812,51,5,7510
4493,1812,200,2,31300
4494,1812,118,2,44010
4495,1813,23,1,37880
4496,1813,149,3,28610
4497,1814,160,1,37840
4498,1814,181,4,18290
4499,1815,93,3,37240
4500,1816,172,1,19920
4501,1816,63,3,42810
4502,1816,108,4,34950
4503,1816,13,5,45440
4504,1817,22,3,46570
4505,1818,191,1,21630
4506,1819,18,4,17440
4507,1820,108,1,34950
4508,1820,3,5,580
4509,1821,35,4,18240
4510,1822,144,2,22700
4511,1822,147,3,5720
4512,1822,184,4,41260
4513,1823,154,2,45860
4514,1823,117,2,48050
4515,1823,143,3,120
4516,1824,130,2,530
4517,1824,129,3,4360
4518,1824,183,4,39280
4519,1825,154,2,45860
4520,1826,73,5,42250
4521,1827,121,4,45320
4522,1827,146,2,16500
4523,1827,24,5,23910
4524,1827,65,4,14340
4525,1828,73,1,42250
4526,1828,174,2,29260
4527,1828,62,1,3360
4528,1828,40,4,49790
4529,1829,169,4,29060
4530,1829,105,3,43500
4531,1830,200,2,31300
4532,1830,133,3,18260
4533,1831,138,2,970
4534,1831,86,4,46270
4535,1831,68,2,18350
4536,1831,152,3,480
4537,1832,11,1,44800
4538,1833,6,4,23840
4539,1833,140,1,49210
4540,1834,78,4,39340
4541,1835,82,1,11130
4542,1836,144,3,22700
4543,1837,54,1,36650
4544,1837,37,4,39410
4545,1837,127,2,8310
4546,1838,166,2,23630
4547,1839,82,2,11130
4548,1839,108,4,34950
4549,1840,4,1,48070
4550,1840,23,1,37880
4551,1841,151,1,37350
4552,1842,17,4,25060
4553,1842,142,5,3050
4554,1843,187,1,780
4555,1844,137,5,14450
4556,1844,12,2,24510
4557,1844,45,3,48430
4558,1845,17,5,25060
4559,1845,86,2,46270
4560,1845,140,5,49210
4561,1846,160,2,37840
4562,1847,68,2,18350
4563,1848,107,4,48350
4564,1848,109,4,39180
4565,1848,23,2,37880
4566,1848,63,5,42810
4567,1849,132,1,7320
4568,1850,36,4,29540
4569,1850,173,5,18870
4570,1851,90,5,49320
4571,1852,200,3,31300
4572,1852,118,4,44010
4573,1852,179,1,22600
4574,1853,184,1,41260
4575,1853,57,1,18020
4576,1853,19,3,11760
4577,1854,173,2,18870
4578,1854,200,1,31300
4579,1855,128,5,32910
4580,1855,52,5,41230
4581,1855,155,3,24200
4582,1855,115,2,25970
4583,1856,143,5,120
4584,1857,192,3,38710
4585,1858,171,5,40970
4586,1858,109,2,39180
4587,1859,105,1,43500
4588,1859,188,1,31180
4589,1859,92,4,21760
4590,1859,166,4,23630
4591,1860,123,4,45550
4592,1860,177,4,39600
4593,1860,26,4,40010
4594,1860,131,2,38730
4595,1861,105,4,43500
4596,1861,61,5,38570
4597,1862,7,4,7180
4598,1862,23,2,37880
4599,1862,187,4,780
4600,1863,45,4,48430
4601,1863,152,4,480
4602,1863,41,4,11560
4603,1863,48,4,30060
4604,1864,146,2,16500
4605,1865,165,2,890
4606,1865,102,2,10770
4607,1865,22,5,46570
4608,1865,84,5,13720
4609,1866,119,3,30050
4610,1867,82,5,11130
4611,1867,145,1,32470
4612,1868,83,5,46980
4613,1868,88,4,49780
4614,1869,120,5,32650
4615,1869,39,4,45290
4616,1869,112,4,540
4617,1869,83,3,46980
4618,1870,141,2,19070
4619,1871,190,3,21370
4620,1871,137,1,14450
4621,1871,7,1,7180
4622,1872,32,1,46430
4623,1872,198,4,18820
4624,1872,113,3,42900
4625,1873,142,1,3050
4626,1873,150,2,18630
4627,1873,49,5,48400
4628,1873,147,3,5720
4629,1874,90,1,49320
4630,1874,24,1,23910
4631,1874,137,3,14450
4632,1874,113,5,42900
4633,1875,11,1,44800
4634,1875,15,1,47010
4635,1875,167,5,28110
4636,1875,93,2,37240
4637,1876,70,2,39590
4638,1876,153,5,33450
4639,1876,181,4,18290
4640,1877,90,2,49320
4641,1877,164,1,29020
4642,1877,119,2,30050
4643,1877,13,5,45440
4644,1878,5,1,29400
4645,1878,32,2,46430
4646,1879,163,5,18930
4647,1879,4,4,48070
4648,1879,17,1,25060
4649,1880,71,1,41210
4650,1880,44,4,47760
4651,1880,147,5,5720
4652,1880,194,3,34820
4653,1881,47,2,44310
4654,1881,42,2,21660
4655,1882,155,5,24200
4656,1882,54,1,36650
4657,1882,31,4,25140
4658,1882,163,2,18930
4659,1883,4,4,48070
4660,1884,6,3,23840
4661,1884,35,2,18240
4662,1885,167,3,28110
4663,1885,182,5,4530
4664,1885,109,4,39180
4665,1885,36,3,29540
4666,1886,121,3,45320
4667,1886,189,1,26750
4668,1887,127,3,8310
4669,1887,177,3,39600
4670,1887,24,4,23910
4671,1888,105,4,43500
4672,1888,174,3,29260
4673,1888,199,1,19410
4674,1889,139,3,23520
4675,1889,127,3,8310
4676,1889,54,3,36650
4677,1889,93,2,37240
4678,1890,85,3,42420
4679,1890,186,4,42550
4680,1890,17,4,25060
4681,1891,91,3,14990
4682,1891,132,5,7320
4683,1891,51,2,7510
4684,1891,171,3,40970
4685,1892,170,5,22140
4686,1892,91,4,14990
4687,1893,107,2,48350
4688,1893,127,4,8310
4689,1894,77,2,9380
4690,1894,133,1,18260
4691,1894,81,4,47080
4692,1894,62,4,3360
4693,1895,135,5,32920
4694,1895,121,5,45320
4695,1895,2,3,32000
4696,1896,41,4,11560
4697,1896,198,5,18820
4698,1897,169,3,29060
4699,1897,167,3,28110
4700,1898,187,5,780
4701,1898,111,3,33570
4702,1899,92,1,21760
4703,1900,82,1,11130
4704,1900,16,5,44100
4705,1900,93,2,37240
4706,1901,103,1,190
4707,1901,119,1,30050
4708,1901,43,4,1620
4709,1902,72,5,13660
4710,1902,45,2,48430
4711,1903,179,4,22600
4712,1904,59,5,19270
4713,1904,190,3,21370
4714,1904,126,3,18920
4715,1904,37,3,39410
4716,1905,62,5,3360
4717,1906,17,4,25060
4718,1907,86,3,46270
4719,1907,144,1,22700
4720,1908,10,1,18110
4721,1908,174,3,29260
4722,1908,34,3,490
4723,1909,169,2,29060
4724,1910,80,2,20060
4725,1911,59,4,19270
4726,1911,17,5,25060
4727,1911,36,3,29540
4728,1912,58,4,5240
4729,1912,193,5,30070
4730,1913,49,1,48400
4731,1913,21,1,16010
4732,1913,185,2,14410
4733,1914,169,5,29060
4734,1914,91,1,14990
4735,1915,43,2,1620
4736,1915,103,4,190
4737,1915,92,3,21760
4738,1916,142,4,3050
4739,1916,112,2,540
4740,1917,29,5,15950
4741,1917,178,3,25930
4742,1917,14,4,10190
4743,1918,136,5,23560
4744,1918,50,3,38160
4745,1919,75,3,29770
4746,1919,88,4,49780
4747,1919,21,1,16010
4748,1920,150,2,18630
4749,1921,25,3,8140
4750,1921,21,3,16010
4751,1921,123,3,45550
4752,1922,194,4,34820
4753,1922,176,1,640
4754,1922,57,4,18020
4755,1923,122,5,14740
4756,1923,48,1,30060
4757,1924,117,3,48050
4758,1924,52,4,41230
4759,1924,64,1,47500
4760,1924,114,2,680
4761,1925,171,3,40970
4762,1926,96,2,1450
4763,1926,109,4,39180
4764,1926,185,3,14410
4765,1926,196,1,23000
4766,1927,193,1,30070
4767,1927,109,5,39180
4768,1928,135,4,32920
4769,1928,31,4,25140
4770,1928,131,2,38730
4771,1929,151,5,37350
4772,1930,109,5,39180
4773,1931,22,4,46570
4774,1931,155,2,24200
4775,1932,61,5,38570
4776,1933,19,4,11760
4777,1933,112,1,540
4778,1933,191,3,21630
4779,1934,9,5,38920
4780,1934,183,5,39280
4781,1934,85,5,42420
4782,1935,33,4,26010
4783,1935,174,4,29260
4784,1936,174,2,29260
4785,1936,26,2,40010
4786,1937,59,5,19270
4787,1937,199,5,19410
4788,1937,136,1,23560
4789,1938,129,3,4360
4790,1938,89,2,14070
4791,1938,24,1,23910
4792,1939,95,2,31670
4793,1939,156,4,42140
4794,1940,94,2,5730
4795,1940,12,5,24510
4796,1940,174,2,29260
4797,1941,28,3,23450
4798,1941,64,2,47500
4799,1942,93,4,37240
4800,1942,197,4,46900
4801,1942,95,2,31670
4802,1942,114,5,680
4803,1943,29,3,15950
4804,1944,152,3,480
4805,1944,7,3,7180
4806,1944,192,2,38710
4807,1945,134,2,49990
4808,1946,64,3,47500
4809,1946,112,2,540
4810,1946,158,1,30990
4811,1947,176,2,640
4812,1948,124,1,25220
4813,1948,31,3,25140
4814,1948,174,1,29260
4815,1948,165,4,890
4816,1949,175,1,9920
4817,1949,150,4,18630
4818,1950,100,1,3290
4819,1950,87,4,7120
4820,1951,42,1,21660
4821,1951,131,4,38730
4822,1952,176,1,640
4823,1952,158,1,30990
4824,1953,59,1,19270
4825,1953,159,5,20020
4826,1953,40,5,49790
4827,1953,41,2,11560
4828,1954,146,2,16500
4829,1954,20,4,18180
4830,1954,83,4,46980
4831,1954,114,4,680
4832,1955,198,1,18820
4833,1956,36,4,29540
4834,1956,145,4,32470
4835,1956,132,1,7320
4836,1957,165,5,890
4837,1957,75,1,29770
4838,1957,89,3,14070
4839,1957,153,2,33450
4840,1958,66,3,30020
4841,1959,14,1,10190
4842,1959,3,2,580
4843,1959,46,4,45280
4844,1960,144,5,22700
4845,1960,127,5,8310
4846,1961,55,3,46490
4847,1962,15,3,47010
4848,1962,44,5,47760
4849,1962,153,4,33450
4850,1963,195,1,30590
4851,1963,102,3,10770
4852,1963,13,1,45440
4853,1963,61,5,38570
4854,1964,70,4,39590
4855,1964,105,3,43500
4856,1965,161,2,39580
4857,1965,18,2,17440
4858,1965,138,4,970
4859,1966,12,1,24510
4860,1967,141,2,19070
4861,1967,171,4,40970
4862,1968,19,3,11760
4863,1968,13,1,45440
4864,1969,63,4,42810
4865,1969,72,1,13660
4866,1970,140,3,49210
4867,1971,39,1,45290
4868,1971,1,2,35570
4869,1972,93,2,37240
4870,1972,61,1,38570
4871,1973,176,1,640
4872,1973,188,4,31180
4873,1974,186,4,42550
4874,1975,107,2,48350
4875,1975,3,5,580
4876,1976,167,4,28110
4877,1977,189,5,26750
4878,1977,98,1,49700
4879,1978,192,3,38710
4880,1978,131,4,38730
4881,1978,152,4,480
4882,1978,181,4,18290
4883,1979,12,1,24510
4884,1979,11,3,44800
4885,1980,21,1,16010
4886,1980,66,1,30020
4887,1981,3,2,580
4888,1981,117,3,48050
4889,1981,30,5,37010
4890,1981,112,3,540
4891,1982,168,5,14720
4892,1983,27,4,10600
4893,1983,47,1,44310
4894,1983,56,5,39700
4895,1984,21,5,16010
4896,1984,196,1,23000
4897,1984,29,5,15950
4898,1985,165,3,890
4899,1985,78,3,39340
4900,1985,93,4,37240
4901,1986,37,3,39410
4902,1986,158,4,30990
4903,1986,102,1,10770
4904,1986,89,5,14070
4905,1987,117,4,48050
4906,1987,110,1,23300
4907,1988,113,1,42900
4908,1988,115,5,25970
4909,1989,193,5,30070
4910,1989,37,3,39410
4911,1989,109,4,39180
4912,1989,62,1,3360
4913,1990,190,4,21370
4914,1990,103,4,190
4915,1991,7,3,7180
4916,1991,96,4,1450
4917,1992,118,2,44010
4918,1992,26,5,40010
4919,1993,192,2,38710
4920,1993,74,2,12400
4921,1993,12,3,24510
4922,1993,43,4,1620
4923,1994,78,3,39340
4924,1995,98,2,49700
4925,1995,46,2,45280
4926,1995,127,1,8310
4927,1995,109,3,39180
4928,1996,19,4,11760
4929,1997,200,2,31300
4930,1997,25,1,8140
4931,1997,176,3,640
4932,1997,77,2,9380
4933,1998,131,5,38730
4934,1998,59,4,19270
4935,1998,29,5,15950
4936,1999,54,1,36650
4937,1999,107,3,48350
4938,1999,68,4,18350
4939,1999,123,3,45550
4940,2000,138,5,970
4941,2000,145,4,32470
4942,2000,100,1,3290
4943,2000,152,2,480
4944,2001,142,1,3050
4945,2001,144,1,22700
4946,2001,200,3,31300
4947,2001,60,5,42520
4948,2002,125,5,32710
4949,2002,175,2,9920
4950,2003,187,3,780
4951,2003,59,5,19270
4952,2003,177,2,39600
4953,2003,21,2,16010
4954,2004,170,2,22140
4955,2005,15,2,47010
4956,2005,99,3,39080
4957,2005,85,1,42420
4958,2005,154,1,45860
4959,2006,13,2,45440
4960,2006,97,5,41410
4961,2006,191,1,21630
4962,2007,140,4,49210
4963,2008,33,2,26010
4964,2008,132,3,7320
4965,2009,32,1,46430
4966,2009,133,5,18260
4967,2009,50,1,38160
4968,2009,6,4,23840
4969,2010,167,4,28110
4970,2010,14,5,10190
4971,2010,123,5,45550
4972,2010,86,5,46270
4973,2011,148,5,23400
4974,2011,123,5,45550
4975,2011,73,4,42250
4976,2012,81,2,47080
4977,2013,28,1,23450
4978,2013,126,1,18920
4979,2014,140,4,49210
4980,2014,105,3,43500
4981,2014,86,5,46270
4982,2015,142,5,3050
4983,2016,3,4,580
4984,2017,127,2,8310
4985,2018,105,4,43500
4986,2018,63,2,42810
4987,2018,25,1,8140
4988,2019,153,3,33450
4989,2019,119,3,30050
4990,2020,46,1,45280
4991,2020,191,4,21630
4992,2020,193,5,30070
4993,2020,107,3,48350
4994,2021,56,1,39700
4995,2021,125,1,32710
4996,2021,144,5,22700
4997,2021,130,2,530
4998,2022,101,5,9720
4999,2023,179,1,22600
5000,2023,13,2,45440
5001,2024,128,1,32910
5002,2025,127,2,8310
5003,2025,90,1,49320
5004,2025,49,4,48400
5005,2025,175,2,9920
5006,2026,108,2,34950
5007,2026,31,1,25140
5008,2027,158,5,30990
5009,2027,135,1,32920
5010,2027,85,1,42420
5011,2027,69,3,29000
5012,2028,63,4,42810
5013,2029,154,3,45860
5014,2029,92,3,21760
5015,2030,129,4,4360
5016,2030,58,2,5240
5017,2030,88,5,49780
5018,2031,40,4,49790
5019,2032,188,2,31180
5020,2032,56,2,39700
5021,2032,155,3,24200
5022,2033,28,1,23450
5023,2033,113,5,42900
5024,2033,70,2,39590
5025,2034,143,3,120
5026,2034,18,4,17440
5027,2034,162,4,5630
5028,2035,28,2,23450
5029,2035,181,2,18290
5030,2036,10,4,18110
5031,2036,32,2,46430
5032,2036,179,5,22600
5033,2036,139,5,23520
5034,2037,92,2,21760
5035,2037,67,5,42420
5036,2037,26,3,40010
5037,2038,60,4,42520
5038,2038,25,2,8140
5039,2038,81,1,47080
5040,2039,3,4,580
5041,2039,198,5,18820
5042,2040,134,5,49990
5043,2040,170,1,22140
5044,2040,189,5,26750
5045,2040,87,4,7120
5046,2041,93,4,37240
5047,2041,149,2,28610
5048,2041,138,3,970
5049,2042,144,5,22700
5050,2043,180,4,41970
5051,2043,28,4,23450
5052,2044,85,1,42420
5053,2044,167,4,28110
5054,2045,131,2,38730
5055,2045,17,5,25060
5056,2045,18,4,17440
5057,2045,53,2,13680
5058,2046,116,2,8830
5059,2046,8,1,31340
5060,2046,123,4,45550
5061,2046,178,2,25930
5062,2047,3,3,580
5063,2047,181,2,18290
5064,2047,47,2,44310
5065,2048,189,1,26750
5066,2048,70,5,39590
5067,2049,16,2,44100
5068,2049,106,2,39590
5069,2050,112,3,540
5070,2050,81,1,47080
5071,2051,140,1,49210
5072,2052,75,3,29770
5073,2052,69,5,29000
5074,2052,44,3,47760
5075,2053,172,2,19920
5076,2053,8,3,31340
5077,2054,194,1,34820
5078,2054,95,5,31670
5079,2055,113,1,42900
5080,2055,106,1,39590
5081,2055,90,5,49320
5082,2056,169,3,29060
5083,2056,17,1,25060
5084,2056,87,5,7120
5085,2056,107,5,48350
5086,2057,27,3,10600
5087,2057,80,2,20060
5088,2057,127,5,8310
5089,2058,50,4,38160
5090,2059,82,3,11130
5091,2060,77,1,9380
5092,2060,84,5,13720
5093,2061,131,2,38730
5094,2062,20,1,18180
5095,2062,171,2,40970
5096,2062,200,3,31300
5097,2062,19,4,11760
5098,2063,158,5,30990
5099,2063,69,5,29000
5100,2063,47,2,44310
5101,2064,163,2,18930
5102,2065,123,4,45550
5103,2065,98,4,49700
5104,2066,154,5,45860
5105,2066,45,3,48430
5106,2066,199,2,19410
5107,2066,43,2,1620
5108,2067,24,5,23910
5109,2067,146,2,16500
5110,2067,65,5,14340
5111,2067,17,1,25060
5112,2068,79,3,13300
5113,2068,33,2,26010
5114,2069,1,2,35570
5115,2069,97,5,41410
5116,2069,109,2,39180
5117,2070,105,3,43500
5118,2070,49,5,48400
5119,2070,52,5,41230
5120,2071,61,2,38570
5121,2071,66,4,30020
5122,2072,27,4,10600
5123,2072,189,4,26750
5124,2072,135,5,32920
5125,2073,188,4,31180
5126,2073,10,3,18110
5127,2073,130,3,530
5128,2074,73,5,42250
5129,2074,64,2,47500
5130,2075,159,3,20020
5131,2075,35,1,18240
5132,2075,142,4,3050
5133,2075,85,3,42420
5134,2076,88,5,49780
5135,2076,6,3,23840
5136,2077,195,5,30590
5137,2077,144,5,22700
5138,2078,156,1,42140
5139,2078,70,2,39590
5140,2078,123,5,45550
5141,2079,155,2,24200
5142,2079,109,3,39180
5143,2079,73,5,42250
5144,2079,84,1,13720
5145,2080,104,4,34560
5146,2080,85,1,42420
5147,2080,12,5,24510
5148,2080,67,5,42420
5149,2081,2,5,32000
5150,2081,10,5,18110
5151,2082,71,5,41210
5152,2082,35,4,18240
5153,2082,141,2,19070
5154,2083,73,5,42250
5155,2083,190,4,21370
5156,2083,187,4,780
5157,2084,111,5,33570
5158,2084,116,5,8830
5159,2084,151,3,37350
5160,2084,138,4,970
5161,2085,105,1,43500
5162,2086,180,5,41970
5163,2086,165,1,890
5164,2086,6,1,23840
5165,2086,111,3,33570
5166,2087,22,2,46570
5167,2087,21,5,16010
5168,2087,7,3,7180
5169,2087,195,4,30590
5170,2088,87,4,7120
5171,2089,92,3,21760
5172,2089,108,1,34950
5173,2089,111,3,33570
5174,2089,187,1,780
5175,2090,6,4,23840
5176,2090,176,3,640
5177,2090,25,3,8140
5178,2090,99,5,39080
5179,2091,53,2,13680
5180,2091,73,3,42250
5181,2092,148,3,23400
5182,2092,133,3,18260
5183,2092,84,1,13720
5184,2092,5,3,29400
5185,2093,105,4,43500
5186,2093,182,3,4530
5187,2093,148,3,23400
5188,2093,59,1,19270
5189,2094,183,3,39280
5190,2094,192,2,38710
5191,2095,19,5,11760
5192,2095,121,2,45320
5193,2095,180,3,41970
5194,2095,138,4,970
5195,2096,77,1,9380
5196,2097,85,2,42420
5197,2097,15,5,47010
5198,2098,181,2,18290
5199,2098,126,4,18920
5200,2098,110,3,23300
5201,2099,162,4,5630
5202,2100,133,3,18260
5203,2100,166,5,23630
5204,2101,195,4,30590
5205,2101,192,5,38710
5206,2102,172,4,19920
5207,2103,83,3,46980
5208,2103,132,2,7320
5209,2104,185,1,14410
5210,2105,198,1,18820
5211,2106,113,5,42900
5212,2106,141,4,19070
5213,2107,22,2,46570
5214,2107,157,1,47190
5215,2107,167,3,28110
5216,2108,38,4,29480
5217,2108,182,3,4530
5218,2108,126,5,18920
5219,2109,195,4,30590
5220,2109,122,3,14740
5221,2109,13,4,45440
5222,2109,56,2,39700
5223,2110,50,4,38160
5224,2111,65,3,14340
5225,2111,78,2,39340
5226,2112,104,5,34560
5227,2112,131,4,38730
5228,2112,200,2,31300
5229,2113,27,1,10600
5230,2113,138,2,970
5231,2114,57,4,18020
5232,2114,95,4,31670
5233,2115,123,1,45550
5234,2116,57,3,18020
5235,2116,32,3,46430
5236,2116,115,4,25970
5237,2116,78,4,39340
5238,2117,45,4,48430
5239,2117,173,2,18870
5240,2117,106,4,39590
5241,2117,35,4,18240
5242,2118,179,5,22600
5243,2118,11,5,44800
5244,2118,131,5,38730
5245,2119,127,5,8310
5246,2119,68,3,18350
5247,2119,198,3,18820
5248,2119,96,2,1450
5249,2120,129,2,4360
5250,2120,183,5,39280
5251,2120,86,3,46270
5252,2121,115,4,25970
5253,2121,192,3,38710
5254,2122,193,2,30070
5255,2123,100,4,3290
5256,2123,120,3,32650
5257,2123,108,1,34950
5258,2123,143,3,120
5259,2124,6,4,23840
5260,2124,123,4,45550
5261,2125,21,4,16010
5262,2125,79,3,13300
5263,2125,153,2,33450
5264,2126,23,4,37880
5265,2126,20,2,18180
5266,2126,82,2,11130
5267,2127,160,5,37840
5268,2128,9,1,38920
5269,2129,190,3,21370
5270,2129,9,4,38920
5271,2129,105,3,43500
5272,2130,62,3,3360
5273,2130,191,3,21630
5274,2131,63,4,42810
5275,2131,135,3,32920
5276,2131,86,2,46270
5277,2132,47,2,44310
5278,2132,52,4,41230
5279,2132,174,4,29260
5280,2133,162,1,5630
5281,2134,67,4,42420
5282,2135,147,1,5720
5283,2136,16,2,44100
5284,2137,150,3,18630
5285,2137,193,4,30070
5286,2137,171,1,40970
5287,2138,154,5,45860
5288,2139,81,1,47080
5289,2139,21,3,16010
5290,2139,23,5,37880
5291,2139,141,2,19070
5292,2140,71,3,41210
5293,2140,103,3,190
5294,2140,110,4,23300
5295,2140,20,4,18180
5296,2141,24,4,23910
5297,2141,131,5,38730
5298,2141,165,4,890
5299,2141,196,1,23000
5300,2142,185,5,14410
5301,2142,119,4,30050
5302,2142,188,4,31180
5303,2143,141,1,19070
5304,2143,38,3,29480
5305,2143,182,2,4530
5306,2143,158,3,30990
5307,2144,88,1,49780
5308,2144,154,5,45860
5309,2144,151,5,37350
5310,2144,96,1,1450
5311,2145,184,2,41260
5312,2145,43,2,1620
5313,2145,180,1,41970
5314,2146,148,2,23400
5315,2146,181,4,18290
5316,2147,74,4,12400
5317,2147,5,2,29400
5318,2147,81,5,47080
5319,2147,72,5,13660
5320,2148,45,1,48430
5321,2148,40,3,49790
5322,2148,18,1,17440
5323,2148,65,2,14340
5324,2149,137,4,14450
5325,2150,9,2,38920
5326,2150,79,2,13300
5327,2150,125,5,32710
5328,2150,116,5,8830
5329,2151,65,4,14340
5330,2152,43,3,1620
5331,2152,67,3,42420
5332,2152,117,2,48050
5333,2153,49,3,48400
5334,2154,73,2,42250
5335,2154,27,2,10600
5336,2154,5,5,29400
5337,2155,166,5,23630
5338,2155,58,4,5240
5339,2155,92,4,21760
5340,2155,22,3,46570
5341,2156,123,1,45550
5342,2156,78,2,39340
5343,2156,25,3,8140
5344,2156,53,1,13680
5345,2157,3,3,580
5346,2157,37,5,39410
5347,2158,51,3,7510
5348,2158,69,5,29000
5349,2158,108,1,34950
5350,2159,54,5,36650
5351,2159,160,3,37840
5352,2159,135,2,32920
5353,2160,126,5,18920
5354,2161,88,1,49780
5355,2161,160,5,37840
5356,2161,159,5,20020
5357,2162,181,2,18290
5358,2162,174,5,29260
5359,2162,20,4,18180
5360,2163,93,4,37240
5361,2163,133,4,18260
5362,2163,29,3,15950
5363,2164,56,2,39700
5364,2164,138,1,970
5365,2165,80,5,20060
5366,2165,137,1,14450
5367,2166,188,1,31180
5368,2167,137,3,14450
5369,2167,17,4,25060
5370,2168,67,5,42420
5371,2168,33,2,26010
5372,2169,41,5,11560
5373,2169,27,3,10600
5374,2169,177,5,39600
5375,2170,191,5,21630
5376,2170,62,1,3360
5377,2170,196,2,23000
5378,2170,14,1,10190
5379,2171,40,3,49790
5380,2171,121,1,45320
5381,2171,50,1,38160
5382,2172,186,2,42550
5383,2172,103,2,190
5384,2172,23,1,37880
5385,2173,165,2,890
5386,2173,92,1,21760
5387,2173,93,1,37240
5388,2174,58,1,5240
5389,2174,10,3,18110
5390,2174,49,3,48400
5391,2175,116,4,8830
5392,2176,172,1,19920
5393,2177,158,4,30990
5394,2178,158,3,30990
5395,2178,141,3,19070
5396,2178,78,4,39340
5397,2179,190,3,21370
5398,2179,182,3,4530
5399,2179,111,3,33570
5400,2179,61,1,38570
5401,2180,153,1,33450
5402,2180,152,2,480
5403,2181,158,2,30990
5404,2181,154,1,45860
5405,2181,69,4,29000
5406,2181,88,3,49780
5407,2182,159,1,20020
5408,2183,108,1,34950
5409,2184,165,1,890
5410,2184,98,1,49700
5411,2184,177,1,39600
5412,2184,158,5,30990
5413,2185,41,3,11560
5414,2185,171,2,40970
5415,2186,104,5,34560
5416,2187,107,2,48350
5417,2187,129,2,4360
5418,2188,163,4,18930
5419,2189,164,4,29020
5420,2189,103,5,190
5421,2189,44,5,47760
5422,2190,38,3,29480
5423,2190,8,4,31340
5424,2190,136,5,23560
5425,2190,50,1,38160
5426,2191,3,3,580
5427,2192,36,3,29540
5428,2192,170,4,22140
5429,2193,195,5,30590
5430,2193,34,4,490
5431,2194,181,2,18290
5432,2195,38,1,29480
5433,2195,8,4,31340
5434,2196,144,4,22700
5435,2196,87,2,7120
5436,2196,158,3,30990
5437,2197,143,1,120
5438,2197,119,2,30050
5439,2198,23,2,37880
5440,2198,76,1,18960
5441,2198,86,3,46270
5442,2199,181,2,18290
5443,2200,5,5,29400
5444,2200,98,1,49700
5445,2200,12,2,24510
5446,2200,74,2,12400
5447,2201,4,3,48070
5448,2201,108,4,34950
5449,2201,92,3,21760
5450,2202,103,1,190
5451,2202,178,5,25930
5452,2202,156,1,42140
5453,2202,88,3,49780
5454,2203,163,5,18930
5455,2204,112,3,540
5456,2204,101,2,9720
5457,2204,177,1,39600
5458,2205,100,3,3290
5459,2206,111,5,33570
5460,2206,35,5,18240
5461,2206,57,4,18020
5462,2207,187,5,780
5463,2207,98,5,49700
5464,2207,89,2,14070
5465,2207,109,1,39180
5466,2208,100,1,3290
5467,2208,169,4,29060
5468,2209,36,1,29540
5469,2209,152,1,480
5470,2210,187,2,780
5471,2211,3,3,580
5472,2211,72,4,13660
5473,2211,124,1,25220
5474,2211,151,5,37350
5475,2212,55,5,46490
5476,2213,54,3,36650
5477,2214,195,3,30590
5478,2215,187,2,780
5479,2215,63,5,42810
5480,2215,144,3,22700
5481,2216,19,1,11760
5482,2216,151,3,37350
5483,2216,183,4,39280
5484,2217,93,2,37240
5485,2218,113,2,42900
5486,2218,33,5,26010
5487,2218,144,3,22700
5488,2219,189,4,26750
5489,2220,56,3,39700
5490,2220,164,2,29020
5491,2220,15,2,47010
5492,2220,145,4,32470
5493,2221,3,5,580
5494,2221,143,4,120
5495,2221,66,5,30020
5496,2221,131,4,38730
5497,2222,98,2,49700
5498,2222,177,5,39600
5499,2222,170,2,22140
5500,2223,199,2,19410
5501,2223,170,2,22140
5502,2223,137,5,14450
5503,2224,184,1,41260
5504,2224,138,1,970
5505,2225,40,3,49790
5506,2225,63,2,42810
5507,2226,112,5,540
5508,2227,110,3,23300
5509,2227,138,4,970
5510,2227,187,4,780
5511,2228,164,5,29020
5512,2228,127,4,8310
5513,2228,129,3,4360
5514,2228,5,3,29400
5515,2229,123,3,45550
5516,2229,69,5,29000
5517,2230,148,2,23400
5518,2230,122,1,14740
5519,2230,86,2,46270
5520,2231,163,4,18930
5521,2231,52,3,41230
5522,2231,21,3,16010
5523,2232,154,5,45860
5524,2232,161,5,39580
5525,2232,41,4,11560
5526,2233,138,3,970
5527,2233,182,1,4530
5528,2233,118,1,44010
5529,2234,135,2,32920
5530,2234,99,4,39080
5531,2234,176,4,640
5532,2235,195,1,30590
5533,2235,31,5,25140
5534,2235,192,5,38710
5535,2236,109,3,39180
5536,2236,66,5,30020
5537,2236,86,4,46270
5538,2236,58,3,5240
5539,2237,19,4,11760
5540,2237,197,3,46900
5541,2237,92,1,21760
5542,2238,113,2,42900
5543,2238,136,1,23560
5544,2238,154,1,45860
5545,2238,110,5,23300
5546,2239,90,5,49320
5547,2239,189,2,26750
5548,2240,29,4,15950
5549,2241,10,3,18110
5550,2241,22,5,46570
5551,2242,167,3,28110
5552,2242,164,2,29020
5553,2242,40,2,49790
5554,2242,45,5,48430
5555,2243,195,2,30590
5556,2243,139,3,23520
5557,2243,191,5,21630
5558,2244,123,4,45550
5559,2244,98,5,49700
5560,2245,146,5,16500
5561,2246,112,1,540
5562,2246,168,1,14720
5563,2246,178,5,25930
5564,2247,71,1,41210
5565,2248,51,5,7510
5566,2248,77,1,9380
5567,2249,86,2,46270
5568,2250,192,4,38710
5569,2250,62,4,3360
5570,2250,96,4,1450
5571,2250,135,1,32920
5572,2251,84,4,13720
5573,2251,67,1,42420
5574,2251,70,3,39590
5575,2252,150,4,18630
5576,2252,40,1,49790
5577,2253,125,2,32710
5578,2253,69,4,29000
5579,2253,192,2,38710
5580,2253,104,1,34560
5581,2254,192,3,38710
5582,2254,53,5,13680
5583,2254,102,5,10770
5584,2255,28,5,23450
5585,2256,182,3,4530
5586,2256,136,4,23560
5587,2257,190,5,21370
5588,2257,161,3,39580
5589,2257,175,1,9920
5590,2257,40,2,49790
5591,2258,92,3,21760
5592,2259,143,1,120
5593,2259,63,4,42810
5594,2260,88,1,49780
5595,2260,82,2,11130
5596,2260,141,4,19070
5597,2260,36,2,29540
5598,2261,67,4,42420
5599,2261,56,4,39700
5600,2261,156,5,42140
5601,2261,95,3,31670
5602,2262,192,4,38710
5603,2262,102,5,10770
5604,2262,1,5,35570
5605,2263,124,3,25220
5606,2264,171,5,40970
5607,2265,156,5,42140
5608,2266,117,4,48050
5609,2267,95,5,31670
5610,2267,18,3,17440
5611,2267,40,3,49790
5612,2268,79,5,13300
5613,2269,87,1,7120
5614,2269,53,4,13680
5615,2270,159,5,20020
5616,2270,139,2,23520
5617,2270,46,5,45280
5618,2271,170,3,22140
5619,2271,147,4,5720
5620,2271,122,4,14740
5621,2272,90,5,49320
5622,2272,98,1,49700
5623,2272,200,4,31300
5624,2272,82,1,11130
5625,2273,84,5,13720
5626,2273,78,3,39340
5627,2273,186,2,42550
5628,2274,57,5,18020
5629,2274,197,4,46900
5630,2274,111,4,33570
5631,2275,87,4,7120
5632,2276,37,1,39410
5633,2276,186,5,42550
5634,2277,197,4,46900
5635,2277,157,4,47190
5636,2277,14,2,10190
5637,2278,29,3,15950
5638,2278,89,5,14070
5639,2278,54,4,36650
5640,2279,32,1,46430
5641,2279,14,1,10190
5642,2279,170,3,22140
5643,2279,13,3,45440
5644,2280,117,5,48050
5645,2280,59,3,19270
5646,2280,197,2,46900
5647,2280,74,1,12400
5648,2281,178,2,25930
5649,2281,138,2,970
5650,2281,124,3,25220
5651,2282,120,4,32650
5652,2282,129,3,4360
5653,2282,87,1,7120
5654,2283,88,4,49780
5655,2283,70,3,39590
5656,2284,101,5,9720
5657,2285,167,2,28110
5658,2285,96,5,1450
5659,2285,120,3,32650
5660,2286,61,5,38570
5661,2286,38,3,29480
5662,2287,90,5,49320
5663,2287,142,3,3050
5664,2287,5,4,29400
5665,2288,125,1,32710
5666,2288,93,4,37240
5667,2288,129,4,4360
5668,2289,40,5,49790
5669,2290,161,2,39580
5670,2290,164,4,29020
5671,2290,31,2,25140
5672,2291,55,3,46490
5673,2291,190,4,21370
5674,2292,77,1,9380
5675,2293,27,4,10600
5676,2293,65,1,14340
5677,2293,103,3,190
5678,2293,152,4,480
5679,2294,185,1,14410
5680,2294,178,5,25930
5681,2294,63,3,42810
5682,2294,75,3,29770
5683,2295,11,2,44800
5684,2295,133,4,18260
5685,2295,183,3,39280
5686,2296,183,1,39280
5687,2296,197,1,46900
5688,2296,104,4,34560
5689,2297,49,5,48400
5690,2298,26,3,40010
5691,2298,5,5,29400
5692,2298,20,1,18180
5693,2298,118,1,44010
5694,2299,113,1,42900
5695,2300,118,5,44010
5696,2300,147,1,5720
5697,2300,166,4,23630
5698,2300,70,5,39590
5699,2301,180,3,41970
5700,2301,153,3,33450
5701,2301,46,1,45280
5702,2301,136,4,23560
5703,2302,29,3,15950
5704,2302,192,5,38710
5705,2303,171,5,40970
5706,2303,141,4,19070
5707,2304,103,2,190
5708,2304,174,4,29260
5709,2304,64,4,47500
5710,2304,91,2,14990
5711,2305,173,5,18870
5712,2305,92,5,21760
5713,2305,181,4,18290
5714,2306,126,1,18920
5715,2307,33,2,26010
5716,2307,35,3,18240
5717,2307,137,1,14450
5718,2307,138,2,970
5719,2308,89,2,14070
5720,2308,28,5,23450
5721,2309,20,3,18180
5722,2310,13,4,45440
5723,2310,155,3,24200
5724,2311,127,3,8310
5725,2311,163,5,18930
5726,2312,111,2,33570
5727,2312,104,3,34560
5728,2313,183,4,39280
5729,2313,198,4,18820
5730,2313,187,1,780
5731,2313,146,3,16500
5732,2314,51,1,7510
5733,2315,117,2,48050
5734,2316,199,3,19410
5735,2316,161,5,39580
5736,2316,112,2,540
5737,2317,7,2,7180
5738,2317,132,4,7320
5739,2317,45,2,48430
5740,2317,88,4,49780
5741,2318,182,2,4530
5742,2318,200,5,31300
5743,2318,18,5,17440
5744,2319,110,2,23300
5745,2319,150,2,18630
5746,2319,27,2,10600
5747,2319,23,2,37880
5748,2320,68,2,18350
5749,2321,41,1,11560
5750,2321,97,5,41410
5751,2321,22,4,46570
5752,2322,86,3,46270
5753,2322,159,4,20020
5754,2323,116,3,8830
5755,2323,68,4,18350
5756,2323,162,3,5630
5757,2324,47,3,44310
5758,2324,96,3,1450
5759,2325,20,1,18180
5760,2325,29,5,15950
5761,2325,134,3,49990
5762,2326,55,4,46490
5763,2327,49,3,48400
5764,2327,131,2,38730
5765,2327,5,1,29400
5766,2327,176,2,640
5767,2328,177,5,39600
5768,2329,114,4,680
5769,2329,185,5,14410
5770,2330,200,3,31300
5771,2330,26,4,40010
5772,2330,138,1,970
5773,2331,98,2,49700
5774,2331,172,1,19920
5775,2331,35,1,18240
5776,2332,170,2,22140
5777,2332,134,2,49990
5778,2332,63,3,42810
5779,2333,16,2,44100
5780,2333,25,4,8140
5781,2333,29,2,15950
5782,2334,100,2,3290
5783,2334,3,1,580
5784,2335,200,4,31300
5785,2335,102,1,10770
5786,2335,75,5,29770
5787,2335,120,1,32650
5788,2336,170,1,22140
5789,2336,171,5,40970
5790,2336,124,2,25220
5791,2336,112,4,540
5792,2337,37,1,39410
5793,2337,190,4,21370
5794,2337,155,4,24200
5795,2337,96,4,1450
5796,2338,163,4,18930
5797,2339,25,2,8140
5798,2339,128,1,32910
5799,2340,140,4,49210
5800,2340,135,5,32920
5801,2340,133,1,18260
5802,2341,27,5,10600
5803,2341,129,2,4360
5804,2341,100,1,3290
5805,2342,172,4,19920
5806,2342,42,3,21660
5807,2343,103,4,190
5808,2343,66,4,30020
5809,2343,158,3,30990
5810,2344,151,5,37350
5811,2345,103,1,190
5812,2346,184,2,41260
5813,2346,176,5,640
5814,2346,193,1,30070
5815,2347,65,4,14340
5816,2347,146,1,16500
5817,2347,9,2,38920
5818,2347,145,3,32470
5819,2348,87,1,7120
5820,2348,170,5,22140
5821,2349,175,1,9920
5822,2349,14,3,10190
5823,2349,32,5,46430
5824,2349,142,5,3050
5825,2350,49,4,48400
5826,2351,149,4,28610
5827,2351,101,1,9720
5828,2352,71,2,41210
5829,2352,45,1,48430
5830,2352,31,5,25140
5831,2352,86,2,46270
5832,2353,187,2,780
5833,2353,36,4,29540
5834,2353,200,1,31300
5835,2353,88,2,49780
5836,2354,29,5,15950
5837,2354,109,1,39180
5838,2355,94,2,5730
5839,2355,71,5,41210
5840,2355,132,2,7320
5841,2355,3,2,580
5842,2356,140,5,49210
5843,2356,60,3,42520
5844,2356,194,2,34820
5845,2357,2,4,32000
5846,2358,115,1,25970
5847,2358,62,4,3360
5848,2358,84,3,13720
5849,2359,65,2,14340
5850,2359,97,3,41410
5851,2359,147,1,5720
5852,2360,42,1,21660
5853,2361,13,2,45440
5854,2361,196,5,23000
5855,2361,23,2,37880
5856,2362,23,3,37880
5857,2362,147,3,5720
5858,2363,145,3,32470
5859,2363,149,5,28610
5860,2363,4,4,48070
5861,2363,57,1,18020
5862,2364,127,1,8310
5863,2364,21,2,16010
5864,2364,125,1,32710
5865,2364,180,3,41970
5866,2365,129,3,4360
5867,2365,116,1,8830
5868,2365,15,2,47010
5869,2365,147,3,5720
5870,2366,2,3,32000
5871,2366,85,5,42420
5872,2366,24,2,23910
5873,2366,101,5,9720
5874,2367,54,4,36650
5875,2367,62,5,3360
5876,2367,115,3,25970
5877,2368,194,5,34820
5878,2369,196,4,23000
5879,2369,104,1,34560
5880,2369,118,1,44010
5881,2369,119,4,30050
5882,2370,58,5,5240
5883,2370,80,4,20060
5884,2370,84,2,13720
5885,2371,164,4,29020
5886,2372,12,2,24510
5887,2372,59,2,19270
5888,2373,149,4,28610
5889,2373,108,3,34950
5890,2373,192,4,38710
5891,2374,88,1,49780
5892,2374,30,3,37010
5893,2374,200,5,31300
5894,2375,137,3,14450
5895,2375,12,4,24510
5896,2375,151,2,37350
5897,2376,139,1,23520
5898,2377,100,3,3290
5899,2377,6,2,23840
5900,2377,88,4,49780
5901,2378,117,5,48050
5902,2379,149,4,28610
5903,2379,184,4,41260
5904,2379,77,1,9380
5905,2380,28,1,23450
5906,2381,148,4,23400
5907,2381,122,3,14740
5908,2381,101,3,9720
5909,2381,79,3,13300
5910,2382,88,5,49780
5911,2382,119,4,30050
5912,2382,39,2,45290
5913,2382,132,2,7320
5914,2383,175,5,9920
5915,2383,148,3,23400
5916,2383,54,3,36650
5917,2383,76,1,18960
5918,2384,149,5,28610
5919,2384,3,5,580
5920,2385,176,3,640
5921,2385,98,4,49700
5922,2385,136,1,23560
5923,2386,98,5,49700
5924,2386,186,2,42550
5925,2386,152,4,480
5926,2386,187,1,780
5927,2387,133,4,18260
5928,2387,34,5,490
5929,2388,9,4,38920
5930,2388,160,4,37840
5931,2388,197,4,46900
5932,2388,114,5,680
5933,2389,120,2,32650
5934,2389,11,5,44800
5935,2389,194,5,34820
5936,2390,37,4,39410
5937,2390,97,5,41410
5938,2390,58,2,5240
5939,2390,128,4,32910
5940,2391,172,1,19920
5941,2392,113,2,42900
5942,2393,32,5,46430
5943,2393,34,4,490
5944,2393,142,2,3050
5945,2394,170,4,22140
5946,2394,9,5,38920
5947,2395,74,2,12400
5948,2395,52,2,41230
5949,2396,176,2,640
5950,2396,199,1,19410
5951,2397,56,5,39700
5952,2397,158,2,30990
5953,2398,72,4,13660
5954,2398,98,1,49700
5955,2398,6,4,23840
5956,2399,182,1,4530
5957,2399,59,4,19270
5958,2399,175,5,9920
5959,2400,168,3,14720
5960,2400,34,4,490
5961,2400,49,5,48400
5962,2401,83,3,46980
5963,2401,200,1,31300
5964,2401,36,2,29540
5965,2401,154,5,45860
5966,2402,63,1,42810
5967,2402,124,1,25220
5968,2402,184,4,41260
5969,2403,65,3,14340
5970,2403,136,3,23560
5971,2403,143,5,120
5972,2404,200,1,31300
5973,2404,88,5,49780
5974,2404,63,5,42810
5975,2404,28,1,23450
5976,2405,43,3,1620
5977,2405,93,2,37240
5978,2405,90,5,49320
5979,2406,83,2,46980
5980,2407,106,3,39590
5981,2407,195,3,30590
5982,2407,78,1,39340
5983,2407,34,4,490
5984,2408,141,5,19070
5985,2408,136,4,23560
5986,2408,164,1,29020
5987,2408,115,2,25970
5988,2409,59,5,19270
5989,2410,44,2,47760
5990,2410,32,1,46430
5991,2411,9,3,38920
5992,2411,24,5,23910
5993,2411,160,4,37840
5994,2411,184,4,41260
5995,2412,152,5,480
5996,2412,199,2,19410
5997,2413,145,2,32470
5998,2413,135,5,32920
5999,2413,199,4,19410
6000,2413,124,2,25220
6001,2414,65,2,14340
6002,2415,146,2,16500
6003,2415,93,5,37240
6004,2415,105,1,43500
6005,2416,171,3,40970
6006,2416,148,1,23400
6007,2416,101,4,9720
6008,2416,80,1,20060
6009,2417,50,2,38160
6010,2417,195,5,30590
6011,2418,121,1,45320
6012,2419,83,1,46980
6013,2420,46,5,45280
6014,2421,80,2,20060
6015,2421,87,1,7120
6016,2421,176,2,640
6017,2421,21,2,16010
6018,2422,22,4,46570
6019,2423,77,1,9380
6020,2423,94,4,5730
6021,2423,70,3,39590
6022,2424,159,1,20020
6023,2424,36,1,29540
6024,2424,169,3,29060
6025,2424,179,4,22600
6026,2425,34,1,490
6027,2425,120,1,32650
6028,2425,82,3,11130
6029,2425,167,2,28110
6030,2426,175,3,9920
6031,2426,147,2,5720
6032,2426,115,1,25970
6033,2426,65,2,14340
6034,2427,15,3,47010
6035,2427,124,3,25220
6036,2427,137,5,14450
6037,2427,197,2,46900
6038,2428,4,3,48070
6039,2428,147,5,5720
6040,2429,37,2,39410
6041,2429,61,4,38570
6042,2429,177,5,39600
6043,2429,143,1,120
6044,2430,13,4,45440
6045,2430,23,5,37880
6046,2430,67,2,42420
6047,2430,86,2,46270
6048,2431,103,1,190
6049,2431,125,3,32710
6050,2432,129,5,4360
6051,2432,181,4,18290
6052,2432,26,1,40010
6053,2433,94,1,5730
6054,2434,145,4,32470
6055,2435,156,1,42140
6056,2435,124,5,25220
6057,2435,172,2,19920
6058,2435,34,3,490
6059,2436,147,2,5720
6060,2437,31,5,25140
6061,2438,141,3,19070
6062,2438,186,2,42550
6063,2439,59,2,19270
6064,2439,181,5,18290
6065,2440,1,2,35570
6066,2440,69,4,29000
6067,2440,148,5,23400
6068,2440,166,3,23630
6069,2441,152,3,480
6070,2441,27,5,10600
6071,2442,83,4,46980
6072,2442,32,2,46430
6073,2442,20,5,18180
6074,2443,22,1,46570
6075,2443,73,4,42250
6076,2443,154,3,45860
6077,2443,43,4,1620
6078,2444,179,2,22600
6079,2444,29,3,15950
6080,2444,80,5,20060
6081,2445,61,4,38570
6082,2445,150,2,18630
6083,2445,106,3,39590
6084,2445,41,5,11560
6085,2446,133,5,18260
6086,2447,178,2,25930
6087,2447,18,3,17440
6088,2448,187,4,780
6089,2448,116,4,8830
6090,2448,61,4,38570
6091,2448,195,2,30590
6092,2449,77,3,9380
6093,2449,49,2,48400
6094,2449,163,3,18930
6095,2450,160,4,37840
6096,2450,119,2,30050
6097,2450,133,5,18260
6098,2451,93,4,37240
6099,2451,122,3,14740
6100,2451,29,2,15950
6101,2451,87,5,7120
6102,2452,41,5,11560
6103,2453,196,2,23000
6104,2454,137,3,14450
6105,2454,166,2,23630
6106,2454,5,3,29400
6107,2455,149,1,28610
6108,2455,108,1,34950
6109,2455,13,5,45440
6110,2455,161,3,39580
6111,2456,154,1,45860
6112,2457,179,4,22600
6113,2457,91,4,14990
6114,2457,124,2,25220
6115,2457,59,3,19270
6116,2458,104,2,34560
6117,2458,98,2,49700
6118,2459,67,1,42420
6119,2459,153,2,33450
6120,2459,40,4,49790
6121,2460,14,1,10190
6122,2460,153,3,33450
6123,2461,26,3,40010
6124,2462,120,1,32650
6125,2462,62,1,3360
6126,2463,48,1,30060
6127,2463,47,3,44310
6128,2463,102,4,10770
6129,2463,80,3,20060
6130,2464,147,1,5720
6131,2464,4,5,48070
6132,2464,3,3,580
6133,2464,163,2,18930
6134,2465,56,5,39700
6135,2465,85,5,42420
6136,2466,115,2,25970
6137,2466,79,5,13300
6138,2466,42,5,21660
6139,2467,195,3,30590
6140,2467,166,5,23630
6141,2468,176,4,640
6142,2468,107,1,48350
6143,2468,178,3,25930
6144,2468,124,2,25220
6145,2469,44,2,47760
6146,2470,197,4,46900
6147,2470,42,2,21660
6148,2470,190,4,21370
6149,2470,78,3,39340
6150,2471,11,2,44800
6151,2472,155,1,24200
6152,2472,145,5,32470
6153,2473,181,1,18290
6154,2474,77,3,9380
6155,2474,117,3,48050
6156,2474,105,2,43500
6157,2474,18,4,17440
6158,2475,64,3,47500
6159,2475,189,3,26750
6160,2475,181,1,18290
6161,2475,84,3,13720
6162,2476,165,1,890
6163,2476,64,4,47500
6164,2477,154,1,45860
6165,2477,37,4,39410
6166,2477,186,4,42550
6167,2477,181,3,18290
6168,2478,147,2,5720
6169,2478,58,3,5240
6170,2478,160,2,37840
6171,2479,151,2,37350
6172,2479,5,5,29400
6173,2479,71,2,41210
6174,2479,82,3,11130
6175,2480,132,5,7320
6176,2480,121,2,45320
6177,2481,117,5,48050
6178,2481,51,1,7510
6179,2481,64,2,47500
6180,2482,6,2,23840
6181,2482,124,3,25220
6182,2483,64,2,47500
6183,2483,162,1,5630
6184,2483,174,2,29260
6185,2484,109,1,39180
6186,2484,80,2,20060
6187,2485,76,4,18960
6188,2485,195,3,30590
6189,2486,163,5,18930
6190,2487,49,2,48400
6191,2487,183,1,39280
6192,2487,118,2,44010
6193,2488,89,3,14070
6194,2488,12,1,24510
6195,2489,13,3,45440
6196,2489,33,1,26010
6197,2489,64,1,47500
6198,2489,34,4,490
6199,2490,94,3,5730
6200,2491,137,5,14450
6201,2491,128,3,32910
6202,2491,14,1,10190
6203,2492,39,3,45290
6204,2492,166,3,23630
6205,2492,176,4,640
6206,2493,19,5,11760
6207,2493,21,2,16010
6208,2493,152,3,480
6209,2494,23,2,37880
6210,2494,34,5,490
6211,2494,83,1,46980
6212,2495,198,1,18820
6213,2495,133,2,18260
6214,2495,20,3,18180
6215,2495,151,1,37350
6216,2496,184,3,41260
6217,2496,191,5,21630
6218,2496,58,3,5240
6219,2497,158,4,30990
6220,2498,86,4,46270
6221,2499,92,4,21760
6222,2499,128,4,32910
6223,2499,32,2,46430
6224,2500,132,2,7320
6225,2500,162,3,5630
6226,2501,63,4,42810
6227,2501,5,2,29400
6228,2501,111,1,33570
6229,2501,31,5,25140
6230,2502,184,3,41260
6231,2502,111,2,33570
6232,2502,61,1,38570
6233,2503,118,4,44010
6234,2504,81,1,47080
6235,2505,40,5,49790
6236,2505,15,5,47010
6237,2505,81,4,47080
6238,2506,171,5,40970
6239,2506,167,4,28110
6240,2506,108,4,34950
6241,2507,79,2,13300
6242,2508,178,1,25930
6243,2508,109,5,39180
6244,2509,191,5,21630
6245,2510,28,1,23450
6246,2511,73,4,42250
6247,2512,13,2,45440
6248,2513,125,5,32710
6249,2513,132,5,7320
6250,2514,138,5,970
6251,2515,10,4,18110
6252,2515,72,1,13660
6253,2516,63,4,42810
6254,2516,143,5,120
6255,2516,134,4,49990
6256,2516,30,5,37010
6257,2517,23,3,37880
6258,2517,136,4,23560
6259,2517,176,5,640
6260,2518,90,1,49320
6261,2519,86,5,46270
6262,2519,103,2,190
6263,2519,195,4,30590
6264,2519,143,4,120
6265,2520,135,1,32920
6266,2520,9,4,38920
6267,2521,183,2,39280
6268,2521,125,1,32710
6269,2522,173,3,18870
6270,2523,40,2,49790
6271,2523,162,3,5630
6272,2523,50,4,38160
6273,2523,118,3,44010
6274,2524,120,5,32650
6275,2525,187,1,780
6276,2525,186,5,42550
6277,2526,13,4,45440
6278,2526,197,5,46900
6279,2527,134,5,49990
6280,2527,195,3,30590
6281,2527,154,1,45860
6282,2527,150,3,18630
6283,2528,73,2,42250
6284,2528,156,4,42140
6285,2528,141,4,19070
6286,2529,67,4,42420
6287,2530,68,4,18350
6288,2530,145,5,32470
6289,2530,10,5,18110
6290,2530,112,4,540
6291,2531,96,4,1450
6292,2531,18,1,17440
6293,2531,144,1,22700
6294,2531,87,4,7120
6295,2532,91,3,14990
6296,2532,111,5,33570
6297,2532,12,3,24510
6298,2533,54,1,36650
6299,2533,78,5,39340
6300,2533,64,1,47500
6301,2533,193,4,30070
6302,2534,151,1,37350
6303,2534,38,1,29480
6304,2535,90,3,49320
6305,2535,136,4,23560
6306,2536,195,4,30590
6307,2536,55,4,46490
6308,2536,62,4,3360
6309,2537,5,2,29400
6310,2537,174,1,29260
6311,2538,127,1,8310
6312,2538,177,5,39600
6313,2538,143,2,120
6314,2538,124,4,25220
6315,2539,96,3,1450
6316,2540,173,2,18870
6317,2540,40,3,49790
6318,2540,4,1,48070
6319,2540,27,2,10600
6320,2541,75,1,29770
6321,2541,87,1,7120
6322,2541,83,3,46980
6323,2542,152,1,480
6324,2542,9,5,38920
6325,2542,130,5,530
6326,2543,146,4,16500
6327,2543,127,4,8310
6328,2544,134,4,49990
6329,2544,131,2,38730
6330,2545,97,2,41410
6331,2545,25,1,8140
6332,2545,101,2,9720
6333,2546,64,1,47500
6334,2546,135,1,32920
6335,2546,57,1,18020
6336,2547,75,2,29770
6337,2548,41,5,11560
6338,2548,158,2,30990
6339,2548,79,1,13300
6340,2549,178,4,25930
6341,2549,183,5,39280
6342,2549,72,5,13660
6343,2549,28,4,23450
6344,2550,70,4,39590
6345,2550,106,2,39590
6346,2550,194,5,34820
6347,2551,178,5,25930
6348,2551,50,5,38160
6349,2551,92,4,21760
6350,2551,26,2,40010
6351,2552,87,4,7120
6352,2552,40,3,49790
6353,2553,15,2,47010
6354,2553,2,1,32000
6355,2553,43,2,1620
6356,2553,33,2,26010
6357,2554,10,4,18110
6358,2554,96,4,1450
6359,2554,98,1,49700
6360,2555,93,3,37240
6361,2555,21,5,16010
6362,2556,68,1,18350
6363,2557,198,1,18820
6364,2557,130,3,530
6365,2558,106,4,39590
6366,2559,12,2,24510
6367,2559,182,2,4530
6368,2559,139,5,23520
6369,2559,30,2,37010
6370,2560,135,3,32920
6371,2560,142,4,3050
6372,2560,76,5,18960
6373,2560,198,1,18820
6374,2561,50,2,38160
6375,2561,107,4,48350
6376,2561,22,4,46570
6377,2561,84,5,13720
6378,2562,142,3,3050
6379,2562,73,2,42250
6380,2562,78,1,39340
6381,2563,41,5,11560
6382,2563,67,2,42420
6383,2564,138,2,970
6384,2564,140,1,49210
6385,2564,101,2,9720
6386,2565,61,3,38570
6387,2565,119,1,30050
6388,2565,20,2,18180
6389,2565,77,1,9380
6390,2566,137,1,14450
6391,2567,98,4,49700
6392,2567,174,5,29260
6393,2568,68,1,18350
6394,2569,172,4,19920
6395,2569,147,1,5720
6396,2570,22,1,46570
6397,2570,7,5,7180
6398,2570,68,5,18350
6399,2570,117,1,48050
6400,2571,149,5,28610
6401,2572,188,4,31180
6402,2572,81,5,47080
6403,2573,78,4,39340
6404,2573,186,4,42550
6405,2574,75,1,29770
6406,2574,17,2,25060
6407,2575,21,2,16010
6408,2575,72,1,13660
6409,2575,24,5,23910
6410,2576,29,5,15950
6411,2577,80,1,20060
6412,2578,22,2,46570
6413,2578,179,2,22600
6414,2578,181,3,18290
6415,2579,114,5,680
6416,2580,80,3,20060
6417,2581,10,1,18110
6418,2581,129,5,4360
6419,2581,93,3,37240
6420,2581,107,1,48350
6421,2582,117,5,48050
6422,2582,26,4,40010
6423,2582,76,5,18960
6424,2582,170,2,22140
6425,2583,6,2,23840
6426,2584,68,3,18350
6427,2585,70,2,39590
6428,2585,81,4,47080
6429,2585,122,3,14740
6430,2585,33,4,26010
6431,2586,14,3,10190
6432,2586,117,1,48050
6433,2586,186,2,42550
6434,2587,116,3,8830
6435,2587,68,5,18350
6436,2588,1,5,35570
6437,2588,155,1,24200
6438,2588,59,2,19270
6439,2588,64,4,47500
6440,2589,23,4,37880
6441,2589,48,3,30060
6442,2589,162,1,5630
6443,2590,99,1,39080
6444,2591,43,4,1620
6445,2591,110,3,23300
6446,2592,17,5,25060
6447,2592,180,1,41970
6448,2593,126,1,18920
6449,2593,102,1,10770
6450,2593,62,1,3360
6451,2594,137,5,14450
6452,2595,165,1,890
6453,2595,86,2,46270
6454,2595,76,3,18960
6455,2595,105,2,43500
6456,2596,10,1,18110
6457,2596,100,3,3290
6458,2596,74,4,12400
6459,2596,6,3,23840
6460,2597,119,4,30050
6461,2597,154,5,45860
6462,2597,77,5,9380
6463,2597,144,5,22700
6464,2598,131,1,38730
6465,2598,65,4,14340
6466,2598,133,1,18260
6467,2599,104,1,34560
6468,2599,28,1,23450
6469,2600,120,4,32650
6470,2600,2,4,32000
6471,2600,193,2,30070
6472,2600,19,4,11760
6473,2601,147,2,5720
6474,2601,80,2,20060
6475,2601,153,1,33450
6476,2602,136,4,23560
6477,2602,27,1,10600
6478,2602,29,5,15950
6479,2602,19,4,11760
6480,2603,10,3,18110
6481,2604,44,1,47760
6482,2605,74,3,12400
6483,2605,76,3,18960
6484,2605,23,5,37880
6485,2606,115,2,25970
6486,2606,72,5,13660
6487,2606,59,3,19270
6488,2606,60,5,42520
6489,2607,180,2,41970
6490,2607,88,5,49780
6491,2607,96,1,1450
6492,2607,42,4,21660
6493,2608,55,2,46490
6494,2609,63,1,42810
6495,2609,1,3,35570
6496,2609,194,5,34820
6497,2610,99,4,39080
6498,2610,161,3,39580
6499,2611,185,1,14410
6500,2611,99,5,39080
6501,2612,166,4,23630
6502,2612,117,2,48050
6503,2612,61,5,38570
6504,2612,27,3,10600
6505,2613,178,4,25930
6506,2613,40,2,49790
6507,2613,70,2,39590
6508,2613,130,5,530
6509,2614,135,2,32920
6510,2614,97,5,41410
6511,2614,85,2,42420
6512,2615,169,1,29060
6513,2615,100,3,3290
6514,2615,142,1,3050
6515,2615,117,2,48050
6516,2616,148,4,23400
6517,2616,52,5,41230
6518,2616,32,4,46430
6519,2617,9,3,38920
6520,2617,111,5,33570
6521,2617,2,1,32000
6522,2617,94,4,5730
6523,2618,82,5,11130
6524,2618,119,2,30050
6525,2619,184,1,41260
6526,2620,35,5,18240
6527,2620,87,5,7120
6528,2620,7,5,7180
6529,2620,101,2,9720
6530,2621,193,3,30070
6531,2621,68,4,18350
6532,2621,101,2,9720
6533,2622,4,3,48070
6534,2622,27,3,10600
6535,2622,76,4,18960
6536,2622,170,1,22140
6537,2623,154,2,45860
6538,2623,184,3,41260
6539,2624,122,1,14740
6540,2624,179,5,22600
6541,2625,102,3,10770
6542,2625,192,3,38710
6543,2625,150,2,18630
6544,2625,39,5,45290
6545,2626,85,1,42420
6546,2627,100,1,3290
6547,2627,14,1,10190
6548,2628,29,1,15950
6549,2629,84,4,13720
6550,2630,107,1,48350
6551,2631,50,5,38160
6552,2631,144,5,22700
6553,2631,67,1,42420
6554,2631,65,2,14340
6555,2632,60,1,42520
6556,2633,173,5,18870
6557,2634,168,2,14720
6558,2634,196,5,23000
6559,2635,171,5,40970
6560,2635,97,1,41410
6561,2635,147,5,5720
6562,2636,123,2,45550
6563,2636,33,1,26010
6564,2636,51,1,7510
6565,2636,173,3,18870
6566,2637,136,4,23560
6567,2637,32,2,46430
6568,2637,127,4,8310
6569,2638,82,1,11130
6570,2638,186,5,42550
6571,2638,108,2,34950
6572,2639,19,5,11760
6573,2639,198,5,18820
6574,2640,36,4,29540
6575,2640,6,2,23840
6576,2641,135,4,32920
6577,2642,32,1,46430
6578,2642,124,2,25220
6579,2642,99,1,39080
6580,2643,49,3,48400
6581,2643,106,1,39590
6582,2644,156,2,42140
6583,2644,62,3,3360
6584,2644,109,5,39180
6585,2644,130,5,530
6586,2645,106,4,39590
6587,2646,71,2,41210
6588,2646,4,5,48070
6589,2646,63,1,42810
6590,2646,38,5,29480
6591,2647,169,3,29060
6592,2647,46,2,45280
6593,2648,163,4,18930
6594,2648,103,1,190
6595,2649,98,2,49700
6596,2649,155,4,24200
6597,2650,155,3,24200
6598,2650,160,2,37840
6599,2650,146,2,16500
6600,2651,48,3,30060
6601,2651,158,3,30990
6602,2651,107,3,48350
6603,2652,195,4,30590
6604,2652,64,5,47500
6605,2652,192,4,38710
6606,2653,30,1,37010
6607,2654,57,3,18020
6608,2654,12,1,24510
6609,2654,110,5,23300
6610,2655,83,5,46980
6611,2656,123,3,45550
6612,2656,22,5,46570
6613,2656,86,1,46270
6614,2656,82,4,11130
6615,2657,200,5,31300
6616,2657,124,4,25220
6617,2658,44,3,47760
6618,2659,177,2,39600
6619,2660,183,3,39280
6620,2661,61,4,38570
6621,2661,120,2,32650
6622,2661,44,4,47760
6623,2661,30,4,37010
6624,2662,56,2,39700
6625,2663,83,3,46980
6626,2663,131,1,38730
6627,2664,45,5,48430
6628,2665,89,5,14070
6629,2665,169,5,29060
6630,2665,159,4,20020
6631,2666,198,5,18820
6632,2666,59,2,19270
6633,2666,185,5,14410
6634,2666,117,3,48050
6635,2667,149,1,28610
6636,2667,81,5,47080
6637,2667,196,2,23000
6638,2667,89,3,14070
6639,2668,69,1,29000
6640,2668,175,4,9920
6641,2668,22,2,46570
6642,2668,19,4,11760
6643,2669,4,4,48070
6644,2669,56,2,39700
6645,2669,182,3,4530
6646,2669,136,4,23560
6647,2670,111,5,33570
6648,2670,27,3,10600
6649,2670,42,2,21660
6650,2670,94,2,5730
6651,2671,8,5,31340
6652,2671,4,1,48070
6653,2672,102,5,10770
6654,2672,64,2,47500
6655,2672,9,5,38920
6656,2673,161,5,39580
6657,2673,65,2,14340
6658,2674,58,4,5240
6659,2674,44,5,47760
6660,2674,29,5,15950
6661,2674,11,2,44800
6662,2675,44,4,47760
6663,2676,184,3,41260
6664,2676,110,3,23300
6665,2677,39,4,45290
6666,2677,48,2,30060
6667,2677,1,1,35570
6668,2678,158,4,30990
6669,2679,141,3,19070
6670,2680,140,3,49210
6671,2680,121,1,45320
6672,2681,175,5,9920
6673,2681,184,4,41260
6674,2681,42,2,21660
6675,2681,126,4,18920
6676,2682,17,3,25060
6677,2682,41,3,11560
6678,2682,160,3,37840
6679,2683,176,1,640
6680,2684,94,1,5730
6681,2685,132,1,7320
6682,2686,177,3,39600
6683,2686,138,2,970
6684,2686,197,2,46900
6685,2687,45,1,48430
6686,2687,54,2,36650
6687,2687,177,4,39600
6688,2687,13,1,45440
6689,2688,35,1,18240
6690,2688,34,2,490
6691,2688,62,5,3360
6692,2688,83,2,46980
6693,2689,181,2,18290
6694,2690,175,3,9920
6695,2690,37,2,39410
6696,2690,164,4,29020
6697,2691,53,4,13680
6698,2691,148,5,23400
6699,2691,30,2,37010
6700,2692,156,1,42140
6701,2693,182,4,4530
6702,2693,102,4,10770
6703,2693,57,5,18020
6704,2693,32,4,46430
6705,2694,187,2,780
6706,2694,174,2,29260
6707,2694,79,1,13300
6708,2694,3,3,580
6709,2695,72,1,13660
6710,2695,65,4,14340
6711,2695,17,1,25060
6712,2696,101,1,9720
6713,2696,68,1,18350
6714,2696,149,5,28610
6715,2696,119,3,30050
6716,2697,189,1,26750
6717,2697,85,1,42420
6718,2697,142,3,3050
6719,2698,126,4,18920
6720,2699,37,2,39410
6721,2699,149,5,28610
6722,2699,106,1,39590
6723,2700,76,1,18960
6724,2700,25,3,8140
6725,2701,82,1,11130
6726,2702,158,1,30990
6727,2702,147,2,5720
6728,2702,181,1,18290
6729,2702,107,3,48350
6730,2703,182,3,4530
6731,2703,85,2,42420
6732,2704,179,2,22600
6733,2704,42,5,21660
6734,2705,84,5,13720
6735,2706,117,4,48050
6736,2706,166,3,23630
6737,2707,90,1,49320
6738,2707,70,3,39590
6739,2708,104,2,34560
6740,2708,45,5,48430
6741,2708,88,3,49780
6742,2708,192,1,38710
6743,2709,23,1,37880
6744,2710,199,3,19410
6745,2710,41,5,11560
6746,2710,84,4,13720
6747,2711,119,5,30050
6748,2711,115,5,25970
6749,2712,103,2,190
6750,2712,11,1,44800
6751,2713,71,2,41210
6752,2713,137,1,14450
6753,2713,151,3,37350
6754,2713,5,3,29400
6755,2714,181,5,18290
6756,2715,31,3,25140
6757,2715,140,2,49210
6758,2715,111,2,33570
6759,2715,18,5,17440
6760,2716,95,3,31670
6761,2716,180,3,41970
6762,2717,153,3,33450
6763,2717,47,3,44310
6764,2717,12,5,24510
6765,2718,114,5,680
6766,2718,83,1,46980
6767,2718,127,1,8310
6768,2718,154,2,45860
6769,2719,152,3,480
6770,2719,141,3,19070
6771,2719,58,4,5240
6772,2719,5,4,29400
6773,2720,114,3,680
6774,2720,65,1,14340
6775,2721,100,1,3290
6776,2722,136,1,23560
6777,2722,147,1,5720
6778,2722,119,3,30050
6779,2723,47,2,44310
6780,2723,30,2,37010
6781,2724,182,4,4530
6782,2724,134,1,49990
6783,2724,153,1,33450
6784,2724,199,5,19410
6785,2725,70,4,39590
6786,2725,118,1,44010
6787,2726,172,5,19920
6788,2726,130,5,530
6789,2727,2,4,32000
6790,2727,176,3,640
6791,2728,28,2,23450
6792,2728,190,5,21370
6793,2728,30,5,37010
6794,2728,192,4,38710
6795,2729,120,3,32650
6796,2729,27,4,10600
6797,2730,57,2,18020
6798,2731,192,3,38710
6799,2731,139,2,23520
6800,2731,133,5,18260
6801,2731,174,3,29260
6802,2732,132,3,7320
6803,2732,167,2,28110
6804,2732,27,5,10600
6805,2732,140,4,49210
6806,2733,179,5,22600
6807,2733,63,1,42810
6808,2733,14,1,10190
6809,2733,183,4,39280
6810,2734,128,3,32910
6811,2734,151,5,37350
6812,2735,71,3,41210
6813,2735,81,3,47080
6814,2735,119,3,30050
6815,2736,12,4,24510
6816,2737,149,2,28610
6817,2737,44,4,47760
6818,2737,191,3,21630
6819,2737,110,3,23300
6820,2738,77,4,9380
6821,2738,197,3,46900
6822,2739,177,4,39600
6823,2740,188,3,31180
6824,2741,88,5,49780
6825,2741,149,2,28610
6826,2742,161,5,39580
6827,2742,164,1,29020
6828,2742,182,4,4530
6829,2743,94,5,5730
6830,2743,130,2,530
6831,2743,81,4,47080
6832,2743,116,3,8830
6833,2744,171,4,40970
6834,2744,142,5,3050
6835,2744,19,3,11760
6836,2744,97,2,41410
6837,2745,174,2,29260
6838,2745,10,1,18110
6839,2745,126,4,18920
6840,2746,176,4,640
6841,2747,100,2,3290
6842,2747,25,3,8140
6843,2747,176,1,640
6844,2747,164,1,29020
6845,2748,131,5,38730
6846,2748,137,2,14450
6847,2748,56,2,39700
6848,2748,100,2,3290
6849,2749,184,5,41260
6850,2749,183,3,39280
6851,2750,4,4,48070
6852,2750,61,5,38570
6853,2750,49,5,48400
6854,2751,34,1,490
6855,2751,142,2,3050
6856,2751,86,2,46270
6857,2752,196,2,23000
6858,2753,81,2,47080
6859,2753,51,3,7510
6860,2753,41,3,11560
6861,2753,118,1,44010
6862,2754,160,3,37840
6863,2754,116,5,8830
6864,2754,40,1,49790
6865,2755,36,2,29540
6866,2755,33,3,26010
6867,2756,125,5,32710
6868,2756,20,3,18180
6869,2756,75,1,29770
6870,2756,109,5,39180
6871,2757,182,3,4530
6872,2757,92,3,21760
6873,2758,178,2,25930
6874,2758,116,1,8830
6875,2758,11,1,44800
6876,2759,30,2,37010
6877,2759,121,4,45320
6878,2759,65,3,14340
6879,2759,19,3,11760
6880,2760,145,4,32470
6881,2760,71,1,41210
6882,2760,121,2,45320
6883,2761,142,5,3050
6884,2762,170,1,22140
6885,2762,153,2,33450
6886,2763,174,4,29260
6887,2763,188,3,31180
6888,2763,194,1,34820
6889,2763,4,4,48070
6890,2764,27,5,10600
6891,2764,40,2,49790
6892,2764,44,1,47760
6893,2764,39,3,45290
6894,2765,76,3,18960
6895,2765,73,2,42250
6896,2765,108,1,34950
6897,2765,143,3,120
6898,2766,95,5,31670
6899,2766,83,3,46980
6900,2766,88,1,49780
6901,2767,105,3,43500
6902,2767,55,4,46490
6903,2768,128,4,32910
6904,2769,197,3,46900
6905,2769,138,2,970
6906,2769,156,2,42140
6907,2769,173,2,18870
6908,2770,105,5,43500
6909,2770,50,1,38160
6910,2770,148,3,23400
6911,2770,186,4,42550
6912,2771,8,5,31340
6913,2772,178,2,25930
6914,2772,190,4,21370
6915,2773,185,5,14410
6916,2773,170,1,22140
6917,2773,37,2,39410
6918,2773,109,2,39180
6919,2774,16,4,44100
6920,2774,145,3,32470
6921,2775,174,1,29260
6922,2775,6,4,23840
6923,2775,103,5,190
6924,2776,111,4,33570
6925,2777,185,1,14410
6926,2778,174,1,29260
6927,2778,28,1,23450
6928,2778,45,2,48430
6929,2779,65,5,14340
6930,2779,80,1,20060
6931,2780,112,1,540
6932,2780,154,4,45860
6933,2780,122,2,14740
6934,2780,42,1,21660
6935,2781,176,2,640
6936,2781,61,5,38570
6937,2782,190,5,21370
6938,2783,148,5,23400
6939,2783,97,2,41410
6940,2784,1,3,35570
6941,2785,7,1,7180
6942,2785,123,2,45550
6943,2786,107,1,48350
6944,2786,11,5,44800
6945,2787,38,2,29480
6946,2787,131,4,38730
6947,2788,192,1,38710
6948,2788,72,3,13660
6949,2788,47,3,44310
6950,2788,117,5,48050
6951,2789,126,5,18920
6952,2789,189,4,26750
6953,2789,139,2,23520
6954,2790,16,2,44100
6955,2790,103,2,190
6956,2791,178,5,25930
6957,2791,170,1,22140
6958,2792,43,4,1620
6959,2793,75,3,29770
6960,2794,181,5,18290
6961,2794,108,3,34950
6962,2794,94,2,5730
6963,2794,129,3,4360
6964,2795,105,1,43500
6965,2795,4,4,48070
6966,2795,146,3,16500
6967,2795,107,4,48350
6968,2796,178,3,25930
6969,2796,161,3,39580
6970,2797,93,2,37240
6971,2797,119,4,30050
6972,2798,178,5,25930
6973,2798,65,5,14340
6974,2798,121,3,45320
6975,2798,127,1,8310
6976,2799,1,4,35570
6977,2799,179,3,22600
6978,2799,156,4,42140
6979,2799,70,4,39590
6980,2800,199,2,19410
6981,2800,14,5,10190
6982,2800,112,5,540
6983,2800,23,5,37880
6984,2801,40,5,49790
6985,2801,140,1,49210
6986,2801,79,5,13300
6987,2801,103,2,190
6988,2802,103,1,190
6989,2802,176,4,640
6990,2803,31,1,25140
6991,2803,113,3,42900
6992,2803,7,2,7180
6993,2804,20,1,18180
6994,2804,166,3,23630
6995,2804,133,4,18260
6996,2804,109,4,39180
6997,2805,52,1,41230
6998,2806,97,3,41410
6999,2806,79,1,13300
7000,2806,121,2,45320
7001,2806,148,4,23400
7002,2807,32,3,46430
7003,2807,45,2,48430
7004,2808,61,3,38570
7005,2808,96,1,1450
7006,2808,173,4,18870
7007,2809,22,5,46570
7008,2810,158,5,30990
7009,2811,143,4,120
7010,2811,6,1,23840
7011,2811,134,1,49990
7012,2812,1,4,35570
7013,2812,178,4,25930
7014,2812,132,1,7320
7015,2812,200,3,31300
7016,2813,11,4,44800
7017,2813,123,1,45550
7018,2814,121,3,45320
7019,2815,73,2,42250
7020,2816,109,5,39180
7021,2816,141,3,19070
7022,2817,153,2,33450
7023,2817,98,3,49700
7024,2817,116,4,8830
7025,2817,180,1,41970
7026,2818,84,1,13720
7027,2819,9,5,38920
7028,2820,14,4,10190
7029,2821,28,4,23450
7030,2822,8,1,31340
7031,2822,186,3,42550
7032,2822,46,1,45280
7033,2823,90,3,49320
7034,2823,171,5,40970
7035,2824,42,2,21660
7036,2824,176,5,640
7037,2824,196,2,23000
7038,2824,161,1,39580
7039,2825,4,2,48070
7040,2826,94,3,5730
7041,2826,160,4,37840
7042,2826,155,3,24200
7043,2826,122,2,14740
7044,2827,83,3,46980
7045,2827,153,3,33450
7046,2827,192,2,38710
7047,2827,116,3,8830
7048,2828,99,5,39080
7049,2828,170,3,22140
7050,2829,15,1,47010
7051,2829,73,4,42250
7052,2830,29,2,15950
7053,2830,90,4,49320
7054,2830,200,3,31300
7055,2831,175,3,9920
7056,2832,49,2,48400
7057,2833,200,4,31300
7058,2833,157,4,47190
7059,2833,197,4,46900
7060,2833,59,5,19270
7061,2834,98,4,49700
7062,2834,137,1,14450
7063,2834,30,5,37010
7064,2834,191,3,21630
7065,2835,128,4,32910
7066,2835,197,3,46900
7067,2835,23,5,37880
7068,2836,93,5,37240
7069,2837,158,5,30990
7070,2837,186,5,42550
7071,2837,101,1,9720
7072,2838,70,1,39590
7073,2838,151,5,37350
7074,2838,157,1,47190
7075,2839,87,4,7120
7076,2839,129,2,4360
7077,2840,189,3,26750
7078,2840,12,4,24510
7079,2840,173,3,18870
7080,2841,85,5,42420
7081,2841,7,5,7180
7082,2841,145,5,32470
7083,2842,54,2,36650
7084,2842,47,3,44310
7085,2842,67,2,42420
7086,2842,96,4,1450
7087,2843,25,1,8140
7088,2844,178,1,25930
7089,2845,178,3,25930
7090,2845,19,4,11760
7091,2845,137,4,14450
7092,2846,153,1,33450
7093,2846,57,2,18020
7094,2846,43,3,1620
7095,2847,31,1,25140
7096,2847,129,4,4360
7097,2847,171,2,40970
7098,2847,54,3,36650
7099,2848,195,1,30590
7100,2849,38,4,29480
7101,2849,169,3,29060
7102,2850,89,4,14070
7103,2850,158,2,30990
7104,2851,86,3,46270
7105,2852,140,5,49210
7106,2852,42,4,21660
7107,2852,148,5,23400
7108,2853,184,5,41260
7109,2854,17,3,25060
7110,2854,195,4,30590
7111,2855,156,3,42140
7112,2855,187,4,780
7113,2855,139,3,23520
7114,2856,2,2,32000
7115,2856,76,4,18960
7116,2856,45,1,48430
7117,2856,150,4,18630
7118,2857,175,1,9920
7119,2857,122,3,14740
7120,2857,47,4,44310
7121,2858,118,2,44010
7122,2859,87,3,7120
7123,2859,138,2,970
7124,2859,13,5,45440
7125,2859,70,2,39590
7126,2860,115,5,25970
7127,2860,110,5,23300
7128,2860,159,4,20020
7129,2860,129,5,4360
7130,2861,121,3,45320
7131,2861,85,5,42420
7132,2861,76,3,18960
7133,2861,72,4,13660
7134,2862,18,1,17440
7135,2862,61,1,38570
7136,2862,72,5,13660
7137,2863,185,2,14410
7138,2863,149,4,28610
7139,2864,177,3,39600
7140,2865,47,1,44310
7141,2865,179,5,22600
7142,2865,117,2,48050
7143,2865,86,3,46270
7144,2866,64,1,47500
7145,2866,133,2,18260
7146,2866,155,3,24200
7147,2866,7,5,7180
7148,2867,76,2,18960
7149,2867,123,4,45550
7150,2867,155,3,24200
7151,2868,31,5,25140
7152,2868,18,4,17440
7153,2868,93,2,37240
7154,2868,105,2,43500
7155,2869,16,1,44100
7156,2869,120,4,32650
7157,2870,158,1,30990
7158,2870,65,3,14340
7159,2870,133,2,18260
7160,2871,97,1,41410
7161,2872,181,4,18290
7162,2872,34,3,490
7163,2873,64,2,47500
7164,2873,14,4,10190
7165,2874,167,4,28110
7166,2874,184,1,41260
7167,2875,163,3,18930
7168,2875,167,4,28110
7169,2875,42,3,21660
7170,2875,73,4,42250
7171,2876,17,2,25060
7172,2876,27,1,10600
7173,2877,140,1,49210
7174,2877,179,4,22600
7175,2878,143,5,120
7176,2878,125,1,32710
7177,2879,107,3,48350
7178,2879,20,3,18180
7179,2879,82,5,11130
7180,2879,179,5,22600
7181,2880,132,2,7320
7182,2880,103,3,190
7183,2880,97,4,41410
7184,2881,182,5,4530
7185,2881,76,1,18960
7186,2881,21,2,16010
7187,2882,87,1,7120
7188,2882,36,2,29540
7189,2883,111,5,33570
7190,2883,150,3,18630
7191,2883,11,4,44800
7192,2883,81,5,47080
7193,2884,45,2,48430
7194,2884,138,5,970
7195,2884,129,3,4360
7196,2885,10,2,18110
7197,2885,85,1,42420
7198,2885,40,2,49790
7199,2885,12,2,24510
7200,2886,24,2,23910
7201,2886,188,2,31180
7202,2886,194,1,34820
7203,2886,43,2,1620
7204,2887,98,2,49700
7205,2887,134,4,49990
7206,2887,112,4,540
7207,2887,76,5,18960
7208,2888,35,3,18240
7209,2888,110,2,23300
7210,2888,139,4,23520
7211,2888,180,2,41970
7212,2889,190,2,21370
7213,2889,97,2,41410
7214,2889,8,1,31340
7215,2889,185,5,14410
7216,2890,115,4,25970
7217,2890,144,1,22700
7218,2890,58,1,5240
7219,2890,69,4,29000
7220,2891,171,2,40970
7221,2891,138,2,970
7222,2892,164,3,29020
7223,2892,163,4,18930
7224,2892,89,2,14070
7225,2893,109,2,39180
7226,2893,45,4,48430
7227,2893,50,4,38160
7228,2894,15,3,47010
7229,2895,55,3,46490
7230,2895,87,5,7120
7231,2895,136,4,23560
7232,2896,16,4,44100
7233,2896,33,2,26010
7234,2897,44,3,47760
7235,2897,141,4,19070
7236,2898,80,2,20060
7237,2899,11,2,44800
7238,2899,196,3,23000
7239,2899,187,3,780
7240,2900,75,5,29770
7241,2900,106,2,39590
7242,2900,134,5,49990
7243,2901,118,1,44010
7244,2901,167,1,28110
7245,2901,10,4,18110
7246,2901,76,4,18960
7247,2902,93,5,37240
7248,2903,164,4,29020
7249,2903,74,2,12400
7250,2903,103,5,190
7251,2903,166,4,23630
7252,2904,98,3,49700
7253,2904,156,3,42140
7254,2904,3,5,580
7255,2905,192,4,38710
7256,2905,172,2,19920
7257,2905,111,2,33570
7258,2906,183,5,39280
7259,2906,46,1,45280
7260,2907,73,5,42250
7261,2907,140,3,49210
7262,2908,137,4,14450
7263,2908,120,1,32650
7264,2908,177,1,39600
7265,2909,42,3,21660
7266,2909,62,3,3360
7267,2909,174,5,29260
7268,2909,158,5,30990
7269,2910,41,1,11560
7270,2910,108,4,34950
7271,2910,71,4,41210
7272,2911,163,5,18930
7273,2912,53,2,13680
7274,2912,16,1,44100
7275,2912,22,2,46570
7276,2913,148,1,23400
7277,2913,131,1,38730
7278,2914,185,4,14410
7279,2914,130,1,530
7280,2915,37,3,39410
7281,2915,140,4,49210
7282,2915,58,5,5240
7283,2915,64,5,47500
7284,2916,83,5,46980
7285,2917,10,5,18110
7286,2918,30,3,37010
7287,2919,53,3,13680
7288,2919,118,2,44010
7289,2920,104,2,34560
7290,2920,118,4,44010
7291,2920,6,4,23840
7292,2921,131,4,38730
7293,2921,197,1,46900
7294,2922,98,4,49700
7295,2922,94,5,5730
7296,2922,156,3,42140
7297,2923,179,3,22600
7298,2923,149,4,28610
7299,2923,171,3,40970
7300,2923,76,5,18960
7301,2924,157,3,47190
7302,2924,146,1,16500
7303,2924,95,3,31670
7304,2925,167,4,28110
7305,2925,62,2,3360
7306,2925,177,5,39600
7307,2926,114,1,680
7308,2927,132,1,7320
7309,2927,94,5,5730
7310,2927,74,2,12400
7311,2928,42,2,21660
7312,2928,177,3,39600
7313,2928,81,2,47080
7314,2929,117,5,48050
7315,2930,199,1,19410
7316,2930,195,4,30590
7317,2931,25,2,8140
7318,2931,18,1,17440
7319,2931,157,3,47190
7320,2932,126,3,18920
7321,2932,76,3,18960
7322,2932,182,2,4530
7323,2933,53,1,13680
7324,2934,122,4,14740
7325,2934,162,5,5630
7326,2935,119,5,30050
7327,2935,52,5,41230
7328,2935,7,2,7180
7329,2936,15,3,47010
7330,2936,49,2,48400
7331,2936,187,2,780
7332,2937,44,3,47760
7333,2938,3,2,580
7334,2938,189,5,26750
7335,2938,180,2,41970
7336,2939,60,5,42520
7337,2939,75,3,29770
7338,2939,165,1,890
7339,2939,6,2,23840
7340,2940,142,1,3050
7341,2941,184,3,41260
7342,2941,169,4,29060
7343,2941,43,5,1620
7344,2942,150,1,18630
7345,2942,146,3,16500
7346,2942,16,4,44100
7347,2943,23,2,37880
7348,2943,35,2,18240
7349,2943,168,3,14720
7350,2944,105,5,43500
7351,2944,3,5,580
7352,2944,23,1,37880
7353,2945,53,3,13680
7354,2946,68,3,18350
7355,2946,129,4,4360
7356,2947,52,2,41230
7357,2948,178,5,25930
7358,2948,46,4,45280
7359,2948,119,1,30050
7360,2948,110,2,23300
7361,2949,62,1,3360
7362,2949,75,2,29770
7363,2949,33,1,26010
7364,2949,30,2,37010
7365,2950,179,2,22600
7366,2951,58,1,5240
7367,2952,75,5,29770
7368,2953,144,5,22700
7369,2953,9,5,38920
7370,2953,42,5,21660
7371,2954,143,5,120
7372,2955,149,4,28610
7373,2956,78,1,39340
7374,2956,93,5,37240
7375,2956,41,1,11560
7376,2956,49,5,48400
7377,2957,132,2,7320
7378,2958,172,2,19920
7379,2959,83,5,46980
7380,2959,101,2,9720
7381,2960,114,2,680
7382,2961,195,4,30590
7383,2961,111,4,33570
7384,2962,77,1,9380
7385,2963,22,5,46570
7386,2963,3,5,580
7387,2963,168,1,14720
7388,2963,56,5,39700
7389,2964,130,4,530
7390,2965,10,1,18110
7391,2965,83,2,46980
7392,2965,8,2,31340
7393,2966,6,2,23840
7394,2966,196,3,23000
7395,2967,152,1,480
7396,2967,95,4,31670
7397,2967,111,1,33570
7398,2968,133,4,18260
7399,2968,122,3,14740
7400,2968,198,1,18820
7401,2969,117,2,48050
7402,2969,89,3,14070
7403,2969,193,4,30070
7404,2969,181,2,18290
7405,2970,20,2,18180
7406,2970,97,1,41410
7407,2971,7,5,7180
7408,2971,51,1,7510
7409,2971,170,1,22140
7410,2971,128,1,32910
7411,2972,198,4,18820
7412,2972,177,1,39600
7413,2972,194,2,34820
7414,2973,198,4,18820
7415,2973,53,4,13680
7416,2973,16,1,44100
7417,2973,109,1,39180
7418,2974,153,4,33450
7419,2974,156,5,42140
7420,2974,72,4,13660
7421,2975,176,2,640
7422,2975,155,2,24200
7423,2975,63,2,42810
7424,2975,184,4,41260
7425,2976,8,4,31340
7426,2977,191,3,21630
7427,2978,7,5,7180
7428,2979,17,5,25060
7429,2979,71,4,41210
7430,2979,168,2,14720
7431,2979,13,2,45440
7432,2980,56,2,39700
7433,2980,77,1,9380
7434,2981,87,3,7120
7435,2981,137,3,14450
7436,2981,200,5,31300
7437,2981,126,5,18920
7438,2982,160,2,37840
7439,2982,167,2,28110
7440,2983,86,5,46270
7441,2983,154,4,45860
7442,2983,188,2,31180
7443,2983,2,2,32000
7444,2984,139,3,23520
7445,2984,178,5,25930
7446,2984,37,3,39410
7447,2985,92,2,21760
7448,2985,81,5,47080
7449,2985,29,1,15950
7450,2986,7,2,7180
7451,2986,55,2,46490
7452,2986,80,4,20060
7453,2986,133,4,18260
7454,2987,141,4,19070
7455,2987,182,2,4530
7456,2988,145,2,32470
7457,2988,163,5,18930
7458,2988,50,1,38160
7459,2988,38,1,29480
7460,2989,178,3,25930
7461,2989,61,4,38570
7462,2989,106,3,39590
7463,2990,106,5,39590
7464,2990,108,4,34950
7465,2990,71,4,41210
7466,2991,26,4,40010
7467,2991,101,1,9720
7468,2991,60,2,42520
7469,2992,103,2,190
7470,2993,118,3,44010
7471,2994,44,4,47760
7472,2994,148,4,23400
7473,2994,114,1,680
7474,2995,67,3,42420
7475,2996,2,1,32000
7476,2996,132,3,7320
7477,2996,27,3,10600
7478,2997,95,4,31670
7479,2998,140,3,49210
7480,2998,29,2,15950
7481,2999,18,4,17440
7482,2999,19,1,11760
7483,2999,107,1,48350
7484,2999,138,3,970
7485,3000,8,1,31340
7486,3000,51,5,7510
7487,3000,97,5,41410
7488,3000,20,2,18180
7489,3001,192,3,38710
7490,3001,6,3,23840
7491,3001,86,4,46270
7492,3001,88,3,49780
7493,3002,45,5,48430
7494,3002,190,2,21370
7495,3002,102,4,10770
7496,3003,200,4,31300
7497,3003,60,1,42520
7498,3003,128,3,32910
7499,3004,51,3,7510
7500,3005,162,3,5630
7501,3005,176,3,640
7502,3005,81,5,47080
7503,3006,173,1,18870
7504,3006,106,1,39590
7505,3006,109,2,39180
7506,3007,23,1,37880
7507,3008,165,2,890
7508,3008,36,2,29540
7509,3008,39,5,45290
7510,3008,128,4,32910
7511,3009,69,1,29000
7512,3009,176,4,640
7513,3009,33,2,26010
7514,3009,177,4,39600
7515,3010,137,1,14450
7516,3010,95,5,31670
7517,3011,174,1,29260
7518,3011,162,5,5630
7519,3011,116,2,8830
7520,3012,8,5,31340
7521,3012,200,5,31300
7522,3012,184,1,41260
7523,3013,175,1,9920
7524,3013,93,1,37240
7525,3013,9,2,38920
7526,3013,140,4,49210
7527,3014,193,2,30070
7528,3014,199,3,19410
7529,3014,5,5,29400
7530,3015,144,4,22700
7531,3015,70,4,39590
7532,3015,49,1,48400
7533,3016,177,4,39600
7534,3017,125,3,32710
7535,3017,147,5,5720
7536,3018,182,2,4530
7537,3018,32,5,46430
7538,3018,79,3,13300
7539,3019,73,4,42250
7540,3019,157,4,47190
7541,3019,192,5,38710
7542,3020,76,4,18960
7543,3020,36,3,29540
7544,3020,22,4,46570
7545,3021,122,2,14740
7546,3021,88,5,49780
7547,3022,4,1,48070
7548,3023,191,4,21630
7549,3023,184,2,41260
7550,3023,18,3,17440
7551,3023,166,3,23630
7552,3024,149,3,28610
7553,3024,170,5,22140
7554,3024,73,2,42250
7555,3024,179,2,22600
7556,3025,173,2,18870
7557,3025,31,5,25140
7558,3025,105,2,43500
7559,3026,109,5,39180
7560,3026,72,5,13660
7561,3027,184,1,41260
7562,3027,24,1,23910
7563,3027,176,1,640
7564,3027,175,4,9920
7565,3028,120,5,32650
7566,3029,33,5,26010
7567,3030,163,4,18930
7568,3030,168,4,14720
7569,3030,87,1,7120
7570,3031,11,5,44800
7571,3031,70,3,39590
7572,3032,24,2,23910
7573,3032,179,2,22600
7574,3032,74,3,12400
7575,3033,199,2,19410
7576,3033,39,2,45290
7577,3033,139,4,23520
7578,3034,173,4,18870
7579,3034,137,3,14450
7580,3035,169,1,29060
7581,3035,126,2,18920
7582,3035,147,1,5720
7583,3035,143,2,120
7584,3036,84,4,13720
7585,3036,97,4,41410
7586,3036,71,1,41210
7587,3036,164,1,29020
7588,3037,133,1,18260
7589,3037,144,5,22700
7590,3037,34,4,490
7591,3038,173,5,18870
7592,3039,19,4,11760
7593,3039,185,5,14410
7594,3039,1,1,35570
7595,3040,107,1,48350
7596,3041,77,4,9380
7597,3042,66,1,30020
7598,3042,98,1,49700
7599,3042,183,5,39280
7600,3043,16,5,44100
7601,3043,195,4,30590
7602,3044,78,3,39340
7603,3044,45,4,48430
7604,3044,188,2,31180
7605,3045,182,4,4530
7606,3045,48,4,30060
7607,3045,62,3,3360
7608,3046,118,5,44010
7609,3046,2,5,32000
7610,3046,15,1,47010
7611,3046,121,2,45320
7612,3047,63,1,42810
7613,3047,45,2,48430
7614,3047,86,1,46270
7615,3048,141,2,19070
7616,3049,104,5,34560
7617,3049,124,5,25220
7618,3050,158,4,30990
7619,3051,106,5,39590
7620,3051,187,4,780
7621,3051,5,3,29400
7622,3051,38,2,29480
7623,3052,147,3,5720
7624,3052,166,4,23630
7625,3053,105,3,43500
7626,3054,195,1,30590
7627,3054,172,1,19920
7628,3054,136,1,23560
7629,3054,35,2,18240
7630,3055,3,1,580
7631,3055,194,4,34820
7632,3055,192,1,38710
7633,3055,152,2,480
7634,3056,134,5,49990
7635,3056,199,4,19410
7636,3056,16,4,44100
7637,3056,136,5,23560
7638,3057,43,4,1620
7639,3057,10,1,18110
7640,3058,70,3,39590
7641,3058,130,5,530
7642,3059,173,4,18870
7643,3059,178,4,25930
7644,3060,139,2,23520
7645,3060,113,5,42900
7646,3060,105,4,43500
7647,3061,16,3,44100
7648,3061,122,3,14740
7649,3061,74,4,12400
7650,3062,114,4,680
7651,3062,35,4,18240
7652,3062,110,3,23300
7653,3063,23,5,37880
7654,3063,198,2,18820
7655,3063,154,5,45860
7656,3064,115,5,25970
7657,3065,128,3,32910
7658,3065,123,1,45550
7659,3065,148,1,23400
7660,3066,79,2,13300
7661,3066,86,2,46270
7662,3067,48,4,30060
7663,3068,102,2,10770
7664,3068,157,1,47190
7665,3069,33,4,26010
7666,3069,191,3,21630
7667,3070,44,2,47760
7668,3070,96,2,1450
7669,3070,114,1,680
7670,3071,119,3,30050
7671,3072,188,4,31180
7672,3073,86,4,46270
7673,3073,23,5,37880
7674,3074,38,3,29480
7675,3074,166,4,23630
7676,3074,39,4,45290
7677,3075,95,5,31670
7678,3075,32,2,46430
7679,3075,33,4,26010
7680,3075,88,5,49780
7681,3076,16,3,44100
7682,3077,103,4,190
7683,3077,186,5,42550
7684,3078,50,4,38160
7685,3078,35,4,18240
7686,3079,56,2,39700
7687,3079,67,2,42420
7688,3080,179,5,22600
7689,3080,103,2,190
7690,3080,41,4,11560
7691,3081,57,2,18020
7692,3081,128,2,32910
7693,3082,193,1,30070
7694,3082,149,1,28610
7695,3082,54,2,36650
7696,3083,184,1,41260
7697,3083,121,1,45320
7698,3084,37,3,39410
7699,3084,168,1,14720
7700,3084,54,2,36650
7701,3085,3,2,580
7702,3085,69,2,29000
7703,3085,51,1,7510
7704,3085,49,5,48400
7705,3086,137,3,14450
7706,3086,72,4,13660
7707,3087,33,3,26010
7708,3088,141,4,19070
7709,3088,161,2,39580
7710,3088,4,4,48070
7711,3088,69,1,29000
7712,3089,193,1,30070
7713,3089,176,4,640
7714,3089,174,4,29260
7715,3090,139,4,23520
7716,3090,5,3,29400
7717,3090,168,3,14720
7718,3090,161,3,39580
7719,3091,78,2,39340
7720,3091,187,1,780
7721,3091,177,3,39600
7722,3092,171,4,40970
7723,3092,179,5,22600
7724,3092,139,2,23520
7725,3092,57,4,18020
7726,3093,8,2,31340
7727,3093,83,4,46980
7728,3093,53,2,13680
7729,3094,134,2,49990
7730,3094,136,3,23560
7731,3094,93,2,37240
7732,3094,158,5,30990
7733,3095,163,1,18930
7734,3095,147,2,5720
7735,3096,158,5,30990
7736,3096,156,2,42140
7737,3096,120,2,32650
7738,3096,174,1,29260
7739,3097,6,1,23840
7740,3097,61,5,38570
7741,3097,43,5,1620
7742,3098,194,4,34820
7743,3098,149,3,28610
7744,3098,173,3,18870
7745,3099,175,1,9920
7746,3100,85,4,42420
7747,3100,3,4,580
7748,3101,189,1,26750
7749,3101,167,4,28110
7750,3101,135,4,32920
7751,3101,104,2,34560
7752,3102,127,1,8310
7753,3102,107,3,48350
7754,3102,121,5,45320
7755,3103,64,3,47500
7756,3103,37,5,39410
7757,3103,144,1,22700
7758,3103,150,1,18630
7759,3104,136,2,23560
7760,3104,86,3,46270
7761,3105,121,2,45320
7762,3105,98,2,49700
7763,3106,84,3,13720
7764,3107,62,2,3360
7765,3107,174,5,29260
7766,3107,114,4,680
7767,3107,76,2,18960
7768,3108,158,3,30990
7769,3108,87,1,7120
7770,3108,153,2,33450
7771,3109,83,4,46980
7772,3109,191,3,21630
7773,3109,74,4,12400
7774,3110,51,1,7510
7775,3110,20,5,18180
7776,3110,121,4,45320
7777,3111,9,2,38920
7778,3111,14,1,10190
7779,3112,170,2,22140
7780,3113,53,2,13680
7781,3113,98,2,49700
7782,3113,172,3,19920
7783,3113,97,4,41410
7784,3114,53,2,13680
7785,3114,185,2,14410
7786,3114,181,3,18290
7787,3114,48,5,30060
7788,3115,69,1,29000
7789,3115,145,4,32470
7790,3115,55,4,46490
7791,3115,154,1,45860
7792,3116,149,1,28610
7793,3117,155,1,24200
7794,3118,141,4,19070
7795,3118,133,1,18260
7796,3118,111,4,33570
7797,3119,191,4,21630
7798,3119,40,3,49790
7799,3120,194,5,34820
7800,3120,115,5,25970
7801,3120,199,2,19410
7802,3121,132,3,7320
7803,3121,92,1,21760
7804,3121,158,4,30990
7805,3121,93,4,37240
7806,3122,158,1,30990
7807,3123,127,4,8310
7808,3123,25,3,8140
7809,3124,164,1,29020
7810,3124,144,3,22700
7811,3124,28,3,23450
7812,3125,64,4,47500
7813,3125,184,5,41260
7814,3125,70,3,39590
7815,3125,108,3,34950
7816,3126,55,4,46490
7817,3126,177,5,39600
7818,3126,60,1,42520
7819,3126,139,3,23520
7820,3127,129,1,4360
7821,3127,147,3,5720
7822,3128,112,2,540
7823,3128,89,4,14070
7824,3128,23,5,37880
7825,3128,142,3,3050
7826,3129,114,5,680
7827,3129,24,5,23910
7828,3129,152,2,480
7829,3129,136,4,23560
7830,3130,63,1,42810
7831,3130,68,5,18350
7832,3130,91,4,14990
7833,3131,159,1,20020
7834,3131,55,4,46490
7835,3131,129,2,4360
7836,3132,15,1,47010
7837,3132,39,5,45290
7838,3132,62,5,3360
7839,3133,72,2,13660
7840,3133,101,3,9720
7841,3133,156,2,42140
7842,3133,164,3,29020
7843,3134,92,5,21760
7844,3134,65,4,14340
7845,3135,46,1,45280
7846,3135,29,3,15950
7847,3135,48,4,30060
7848,3136,61,5,38570
7849,3137,17,1,25060
7850,3137,2,2,32000
7851,3137,134,3,49990
7852,3137,140,3,49210
7853,3138,160,1,37840
7854,3138,75,3,29770
7855,3138,98,5,49700
7856,3138,110,1,23300
7857,3139,123,3,45550
7858,3139,104,4,34560
7859,3140,118,5,44010
7860,3140,111,1,33570
7861,3140,189,1,26750
7862,3141,21,3,16010
7863,3141,48,1,30060
7864,3141,46,2,45280
7865,3141,30,5,37010
7866,3142,179,4,22600
7867,3142,81,5,47080
7868,3142,90,1,49320
7869,3142,142,5,3050
7870,3143,11,3,44800
7871,3144,81,5,47080
7872,3145,56,2,39700
7873,3145,96,5,1450
7874,3146,183,1,39280
7875,3146,184,1,41260
7876,3146,170,2,22140
7877,3146,103,5,190
7878,3147,81,1,47080
7879,3147,192,2,38710
7880,3147,1,5,35570
7881,3148,124,1,25220
7882,3148,50,1,38160
7883,3148,133,1,18260
7884,3149,48,3,30060
7885,3150,120,1,32650
7886,3150,25,3,8140
7887,3150,139,5,23520
7888,3151,99,1,39080
7889,3152,156,5,42140
7890,3152,146,1,16500
7891,3152,198,2,18820
7892,3153,161,3,39580
7893,3153,186,3,42550
7894,3153,96,1,1450
7895,3153,10,5,18110
7896,3154,172,5,19920
7897,3155,148,5,23400
7898,3155,106,4,39590
7899,3156,129,4,4360
7900,3157,20,1,18180
7901,3157,124,3,25220
7902,3157,2,5,32000
7903,3157,138,2,970
7904,3158,182,5,4530
7905,3158,42,3,21660
7906,3159,126,1,18920
7907,3160,22,2,46570
7908,3160,40,2,49790
7909,3160,152,1,480
7910,3160,57,2,18020
7911,3161,148,2,23400
7912,3161,91,1,14990
7913,3161,42,5,21660
7914,3162,11,2,44800
7915,3162,171,4,40970
7916,3162,14,1,10190
7917,3163,127,3,8310
7918,3163,93,4,37240
7919,3163,134,2,49990
7920,3163,143,4,120
7921,3164,139,4,23520
7922,3164,2,1,32000
7923,3164,100,1,3290
7924,3165,107,2,48350
7925,3165,190,1,21370
7926,3166,16,5,44100
7927,3166,100,3,3290
7928,3167,110,3,23300
7929,3168,173,1,18870
7930,3168,24,5,23910
7931,3168,44,4,47760
7932,3168,29,1,15950
7933,3169,139,1,23520
7934,3170,171,2,40970
7935,3171,174,5,29260
7936,3171,158,2,30990
7937,3172,16,3,44100
7938,3172,47,3,44310
7939,3173,149,4,28610
7940,3173,185,2,14410
7941,3173,35,2,18240
7942,3173,16,1,44100
7943,3174,170,4,22140
7944,3174,88,5,49780
7945,3174,154,5,45860
7946,3175,6,5,23840
7947,3176,163,4,18930
7948,3176,28,5,23450
7949,3176,147,1,5720
7950,3176,196,3,23000
7951,3177,8,1,31340
7952,3177,89,1,14070
7953,3177,42,2,21660
7954,3178,56,4,39700
7955,3179,133,1,18260
7956,3180,71,5,41210
7957,3180,199,1,19410
7958,3180,27,3,10600
7959,3180,177,3,39600
7960,3181,11,5,44800
7961,3181,139,4,23520
7962,3181,180,1,41970
7963,3181,20,3,18180
7964,3182,199,5,19410
7965,3183,70,5,39590
7966,3183,109,3,39180
7967,3184,72,1,13660
7968,3184,145,4,32470
7969,3184,91,1,14990
7970,3185,129,2,4360
7971,3185,9,4,38920
7972,3185,106,3,39590
7973,3186,102,5,10770
7974,3186,111,2,33570
7975,3186,153,5,33450
7976,3187,147,4,5720
7977,3187,168,3,14720
7978,3187,11,2,44800
7979,3188,21,5,16010
7980,3188,79,1,13300
7981,3188,37,3,39410
7982,3189,117,4,48050
7983,3189,167,2,28110
7984,3189,114,3,680
7985,3190,173,5,18870
7986,3190,195,3,30590
7987,3191,104,1,34560
7988,3191,193,5,30070
7989,3191,100,3,3290
7990,3191,155,2,24200
7991,3192,25,4,8140
7992,3193,127,4,8310
7993,3193,36,1,29540
7994,3193,135,4,32920
7995,3194,173,5,18870
7996,3194,183,3,39280
7997,3194,97,5,41410
7998,3195,35,4,18240
7999,3196,156,4,42140
8000,3196,115,1,25970
8001,3197,195,4,30590
8002,3198,36,4,29540
8003,3198,197,4,46900
8004,3198,185,1,14410
8005,3198,139,2,23520
8006,3199,153,3,33450
8007,3199,134,4,49990
8008,3199,33,5,26010
8009,3200,124,4,25220
8010,3200,167,3,28110
8011,3200,12,4,24510
8012,3200,32,2,46430
8013,3201,191,1,21630
8014,3201,126,2,18920
8015,3201,176,1,640
8016,3201,76,3,18960
8017,3202,34,2,490
8018,3202,53,3,13680
8019,3202,23,2,37880
8020,3202,184,3,41260
8021,3203,52,2,41230
8022,3203,88,3,49780
8023,3204,9,5,38920
8024,3204,1,5,35570
8025,3204,134,3,49990
8026,3204,83,5,46980
8027,3205,17,3,25060
8028,3205,116,1,8830
8029,3205,47,3,44310
8030,3205,28,2,23450
8031,3206,161,3,39580
8032,3207,85,1,42420
8033,3207,51,2,7510
8034,3208,132,3,7320
8035,3209,106,5,39590
8036,3209,5,5,29400
8037,3209,85,2,42420
8038,3210,170,2,22140
8039,3210,39,2,45290
8040,3210,63,1,42810
8041,3211,155,1,24200
8042,3212,149,3,28610
8043,3212,70,2,39590
8044,3213,71,1,41210
8045,3214,8,5,31340
8046,3214,138,2,970
8047,3214,125,3,32710
8048,3215,175,4,9920
8049,3215,163,4,18930
8050,3216,177,1,39600
8051,3216,78,2,39340
8052,3217,30,4,37010
8053,3218,59,2,19270
8054,3218,24,4,23910
8055,3219,129,1,4360
8056,3220,11,5,44800
8057,3221,39,3,45290
8058,3221,80,4,20060
8059,3221,42,5,21660
8060,3221,105,5,43500
8061,3222,56,5,39700
8062,3222,174,4,29260
8063,3222,86,4,46270
8064,3222,93,3,37240
8065,3223,33,3,26010
8066,3223,107,5,48350
8067,3223,55,5,46490
8068,3224,51,4,7510
8069,3224,192,2,38710
8070,3225,80,2,20060
8071,3225,76,2,18960
8072,3225,192,3,38710
8073,3226,84,1,13720
8074,3226,30,4,37010
8075,3227,142,3,3050
8076,3227,7,1,7180
8077,3228,65,3,14340
8078,3228,87,2,7120
8079,3229,131,2,38730
8080,3229,121,1,45320
8081,3230,113,4,42900
8082,3230,102,4,10770
8083,3230,122,4,14740
8084,3231,137,2,14450
8085,3232,77,5,9380
8086,3232,83,4,46980
8087,3232,181,1,18290
8088,3232,179,2,22600
8089,3233,161,4,39580
8090,3234,54,2,36650
8091,3234,19,4,11760
8092,3234,176,5,640
8093,3235,155,3,24200
8094,3235,49,2,48400
8095,3235,27,4,10600
8096,3236,25,1,8140
8097,3236,169,4,29060
8098,3237,183,3,39280
8099,3237,22,2,46570
8100,3237,66,1,30020
8101,3238,4,4,48070
8102,3239,72,3,13660
8103,3240,37,4,39410
8104,3240,152,3,480
8105,3240,153,3,33450
8106,3241,80,1,20060
8107,3241,70,5,39590
8108,3241,53,5,13680
8109,3241,55,4,46490
8110,3242,32,3,46430
8111,3243,59,3,19270
8112,3243,63,5,42810
8113,3244,43,4,1620
8114,3244,160,1,37840
8115,3244,111,1,33570
8116,3244,158,1,30990
8117,3245,192,2,38710
8118,3246,58,5,5240
8119,3246,76,5,18960
8120,3246,78,4,39340
8121,3247,190,3,21370
8122,3247,183,5,39280
8123,3247,139,4,23520
8124,3248,188,5,31180
8125,3249,122,5,14740
8126,3250,14,3,10190
8127,3250,182,5,4530
8128,3250,34,5,490
8129,3250,30,2,37010
8130,3251,156,4,42140
8131,3251,66,2,30020
8132,3251,56,5,39700
8133,3251,117,2,48050
8134,3252,74,2,12400
8135,3252,150,1,18630
8136,3252,12,2,24510
8137,3252,54,2,36650
8138,3253,59,3,19270
8139,3253,155,3,24200
8140,3254,113,1,42900
8141,3255,116,1,8830
8142,3255,53,3,13680
8143,3255,176,5,640
8144,3256,102,4,10770
8145,3256,143,3,120
8146,3257,121,1,45320
8147,3257,186,4,42550
8148,3257,128,1,32910
8149,3257,66,2,30020
8150,3258,99,4,39080
8151,3258,106,1,39590
8152,3258,196,1,23000
8153,3258,91,4,14990
8154,3259,184,2,41260
8155,3259,36,1,29540
8156,3259,42,2,21660
8157,3259,141,5,19070
8158,3260,31,2,25140
8159,3260,149,5,28610
8160,3261,138,3,970
8161,3261,43,4,1620
8162,3261,124,2,25220
8163,3261,143,4,120
8164,3262,182,2,4530
8165,3262,56,2,39700
8166,3262,154,1,45860
8167,3263,185,5,14410
8168,3263,200,4,31300
8169,3263,93,5,37240
8170,3264,170,1,22140
8171,3264,195,4,30590
8172,3265,169,5,29060
8173,3265,102,3,10770
8174,3265,9,2,38920
8175,3265,70,1,39590
8176,3266,52,3,41230
8177,3266,65,2,14340
8178,3267,134,5,49990
8179,3267,187,5,780
8180,3267,71,1,41210
8181,3268,134,3,49990
8182,3269,90,2,49320
8183,3269,26,1,40010
8184,3269,40,1,49790
8185,3269,67,4,42420
8186,3270,120,1,32650
8187,3270,143,4,120
8188,3271,79,5,13300
8189,3272,97,5,41410
8190,3272,65,1,14340
8191,3273,177,4,39600
8192,3274,149,5,28610
8193,3274,90,3,49320
8194,3274,93,5,37240
8195,3275,43,2,1620
8196,3275,19,4,11760
8197,3275,160,5,37840
8198,3276,27,4,10600
8199,3276,54,2,36650
8200,3277,87,4,7120
8201,3277,148,4,23400
8202,3277,128,4,32910
8203,3277,46,4,45280
8204,3278,122,2,14740
8205,3278,125,3,32710
8206,3278,94,5,5730
8207,3278,146,4,16500
8208,3279,54,3,36650
8209,3280,125,3,32710
8210,3281,150,3,18630
8211,3282,199,1,19410
8212,3282,143,5,120
8213,3283,46,2,45280
8214,3283,111,2,33570
8215,3283,126,2,18920
8216,3284,174,4,29260
8217,3285,30,1,37010
8218,3285,94,1,5730
8219,3285,8,1,31340
8220,3285,9,2,38920
8221,3286,86,3,46270
8222,3287,79,3,13300
8223,3288,192,4,38710
8224,3288,51,3,7510
8225,3289,159,3,20020
8226,3289,41,5,11560
8227,3289,195,5,30590
8228,3289,20,1,18180
8229,3290,1,5,35570
8230,3291,25,4,8140
8231,3291,99,5,39080
8232,3291,199,1,19410
8233,3291,65,3,14340
8234,3292,88,4,49780
8235,3293,136,1,23560
8236,3293,170,4,22140
8237,3294,157,2,47190
8238,3294,147,4,5720
8239,3294,98,4,49700
8240,3294,119,2,30050
8241,3295,150,4,18630
8242,3296,12,2,24510
8243,3297,118,4,44010
8244,3297,47,3,44310
8245,3298,173,1,18870
8246,3298,45,3,48430
8247,3299,146,3,16500
8248,3299,145,3,32470
8249,3299,113,5,42900
8250,3299,41,4,11560
8251,3300,171,3,40970
8252,3301,175,2,9920
8253,3301,114,2,680
8254,3301,159,4,20020
8255,3302,2,3,32000
8256,3302,31,3,25140
8257,3302,30,5,37010
8258,3302,175,1,9920
8259,3303,174,2,29260
8260,3303,128,4,32910
8261,3303,53,1,13680
8262,3303,161,5,39580
8263,3304,131,5,38730
8264,3304,88,5,49780
8265,3304,105,4,43500
8266,3304,142,1,3050
8267,3305,194,5,34820
8268,3306,173,2,18870
8269,3306,155,3,24200
8270,3306,122,5,14740
8271,3307,123,2,45550
8272,3307,152,4,480
8273,3307,76,3,18960
8274,3307,55,3,46490
8275,3308,14,2,10190
8276,3308,44,4,47760
8277,3308,98,4,49700
8278,3308,52,4,41230
8279,3309,196,3,23000
8280,3309,90,3,49320
8281,3309,153,5,33450
8282,3309,101,4,9720
8283,3310,99,3,39080
8284,3310,159,4,20020
8285,3310,67,1,42420
8286,3310,150,3,18630
8287,3311,161,3,39580
8288,3311,189,4,26750
8289,3311,62,3,3360
8290,3312,166,2,23630
8291,3312,10,3,18110
8292,3312,184,1,41260
8293,3313,62,2,3360
8294,3313,114,5,680
8295,3313,127,1,8310
8296,3314,174,5,29260
8297,3314,192,4,38710
8298,3314,135,3,32920
8299,3315,165,3,890
8300,3315,160,3,37840
8301,3316,61,4,38570
8302,3317,72,4,13660
8303,3317,142,5,3050
8304,3317,9,1,38920
8305,3318,59,2,19270
8306,3318,137,5,14450
8307,3318,56,3,39700
8308,3319,149,5,28610
8309,3319,49,1,48400
8310,3319,48,2,30060
8311,3319,185,4,14410
8312,3320,78,3,39340
8313,3320,190,1,21370
8314,3320,135,4,32920
8315,3320,11,2,44800
8316,3321,54,3,36650
8317,3321,15,1,47010
8318,3321,71,4,41210
8319,3321,23,2,37880
8320,3322,181,1,18290
8321,3322,66,3,30020
8322,3323,12,2,24510
8323,3324,93,4,37240
8324,3324,133,5,18260
8325,3324,59,4,19270
8326,3324,137,2,14450
8327,3325,75,4,29770
8328,3325,102,3,10770
8329,3326,69,1,29000
8330,3326,178,2,25930
8331,3326,101,2,9720
8332,3326,111,2,33570
8333,3327,51,3,7510
8334,3327,147,1,5720
8335,3327,159,3,20020
8336,3327,122,5,14740
8337,3328,14,5,10190
8338,3328,182,3,4530
8339,3329,14,1,10190
8340,3330,46,4,45280
8341,3331,12,5,24510
8342,3331,124,3,25220
8343,3331,137,1,14450
8344,3331,29,4,15950
8345,3332,133,4,18260
8346,3332,68,4,18350
8347,3332,152,5,480
8348,3333,52,1,41230
8349,3333,133,4,18260
8350,3333,51,1,7510
8351,3333,61,3,38570
8352,3334,56,3,39700
8353,3334,83,3,46980
8354,3334,115,4,25970
8355,3335,88,3,49780
8356,3335,6,2,23840
8357,3336,9,1,38920
8358,3336,48,4,30060
8359,3336,195,5,30590
8360,3336,120,4,32650
8361,3337,111,1,33570
8362,3337,194,4,34820
8363,3337,121,1,45320
8364,3338,41,5,11560
8365,3339,62,4,3360
8366,3339,185,1,14410
8367,3340,146,2,16500
8368,3340,29,2,15950
8369,3341,119,5,30050
8370,3341,65,5,14340
8371,3341,94,3,5730
8372,3341,154,1,45860
8373,3342,64,4,47500
8374,3342,128,5,32910
8375,3343,3,1,580
8376,3343,86,4,46270
8377,3343,178,5,25930
8378,3343,130,1,530
8379,3344,161,4,39580
8380,3345,31,3,25140
8381,3345,8,1,31340
8382,3345,110,4,23300
8383,3346,117,5,48050
8384,3347,195,3,30590
8385,3347,138,4,970
8386,3348,132,2,7320
8387,3348,51,3,7510
8388,3348,3,5,580
8389,3349,119,3,30050
8390,3349,55,3,46490
8391,3349,111,1,33570
8392,3350,68,4,18350
8393,3350,159,2,20020
8394,3350,34,5,490
8395,3351,158,1,30990
8396,3352,31,5,25140
8397,3352,116,5,8830
8398,3353,170,3,22140
8399,3353,100,2,3290
8400,3354,110,4,23300
8401,3355,192,3,38710
8402,3355,160,3,37840
8403,3355,129,3,4360
8404,3356,142,5,3050
8405,3357,191,1,21630
8406,3357,151,2,37350
8407,3357,56,2,39700
8408,3358,119,3,30050
8409,3359,2,4,32000
8410,3359,183,5,39280
8411,3359,88,5,49780
8412,3359,40,1,49790
8413,3360,191,3,21630
8414,3361,53,1,13680
8415,3361,167,2,28110
8416,3362,98,5,49700
8417,3362,51,2,7510
8418,3362,57,2,18020
8419,3362,6,3,23840
8420,3363,91,1,14990
8421,3363,68,4,18350
8422,3363,1,5,35570
8423,3363,63,5,42810
8424,3364,91,3,14990
8425,3365,47,4,44310
8426,3366,42,1,21660
8427,3366,7,2,7180
8428,3367,56,3,39700
8429,3367,24,1,23910
8430,3367,143,1,120
8431,3368,33,5,26010
8432,3368,52,2,41230
8433,3368,21,1,16010
8434,3369,133,5,18260
8435,3369,33,1,26010
8436,3369,15,1,47010
8437,3369,78,5,39340
8438,3370,15,3,47010
8439,3370,89,5,14070
8440,3371,182,5,4530
8441,3371,115,3,25970
8442,3371,56,4,39700
8443,3372,154,5,45860
8444,3372,115,2,25970
8445,3372,53,3,13680
8446,3372,151,3,37350
8447,3373,61,3,38570
8448,3373,135,1,32920
8449,3373,27,5,10600
8450,3374,125,2,32710
8451,3374,38,5,29480
8452,3375,112,2,540
8453,3375,71,5,41210
8454,3376,26,2,40010
8455,3376,130,3,530
8456,3376,88,3,49780
8457,3377,176,5,640
8458,3377,108,1,34950
8459,3377,199,3,19410
8460,3377,136,3,23560
8461,3378,63,1,42810
8462,3379,148,4,23400
8463,3380,78,5,39340
8464,3380,68,4,18350
8465,3380,190,4,21370
8466,3381,173,3,18870
8467,3382,182,3,4530
8468,3383,150,3,18630
8469,3383,190,1,21370
8470,3383,30,5,37010
8471,3384,168,3,14720
8472,3384,66,4,30020
8473,3385,11,1,44800
8474,3385,61,4,38570
8475,3385,86,4,46270
8476,3386,89,2,14070
8477,3386,91,3,14990
8478,3386,154,3,45860
8479,3387,16,5,44100
8480,3388,170,4,22140
8481,3388,40,4,49790
8482,3389,77,4,9380
8483,3389,115,4,25970
8484,3389,197,4,46900
8485,3390,96,3,1450
8486,3390,148,3,23400
8487,3390,47,1,44310
8488,3391,56,4,39700
8489,3391,132,2,7320
8490,3392,189,4,26750
8491,3392,151,5,37350
8492,3392,64,4,47500
8493,3393,5,4,29400
8494,3394,182,3,4530
8495,3395,94,5,5730
8496,3395,154,3,45860
8497,3395,73,5,42250
8498,3396,119,4,30050
8499,3396,68,4,18350
8500,3396,185,2,14410
8501,3396,28,2,23450
8502,3397,108,1,34950
8503,3397,169,2,29060
8504,3397,126,3,18920
8505,3398,151,1,37350
8506,3398,57,2,18020
8507,3398,88,4,49780
8508,3399,115,1,25970
8509,3399,68,4,18350
8510,3399,160,3,37840
8511,3399,188,1,31180
8512,3400,199,4,19410
8513,3400,40,2,49790
8514,3401,102,3,10770
8515,3401,93,3,37240
8516,3401,51,1,7510
8517,3401,17,2,25060
8518,3402,27,1,10600
8519,3402,128,1,32910
8520,3402,164,3,29020
8521,3403,94,2,5730
8522,3403,87,3,7120
8523,3403,143,3,120
8524,3404,160,4,37840
8525,3404,87,2,7120
8526,3404,94,1,5730
8527,3405,143,3,120
8528,3405,170,4,22140
8529,3405,55,4,46490
8530,3405,53,4,13680
8531,3406,144,5,22700
8532,3407,195,5,30590
8533,3407,2,1,32000
8534,3407,78,1,39340
8535,3408,195,2,30590
8536,3408,184,1,41260
8537,3408,14,4,10190
8538,3408,76,1,18960
8539,3409,85,5,42420
8540,3409,175,3,9920
8541,3409,121,2,45320
8542,3410,161,5,39580
8543,3411,150,5,18630
8544,3411,60,4,42520
8545,3411,58,1,5240
8546,3411,101,5,9720
8547,3412,18,4,17440
8548,3412,172,1,19920
8549,3413,166,1,23630
8550,3413,174,1,29260
8551,3413,7,3,7180
8552,3414,196,5,23000
8553,3414,142,1,3050
8554,3414,51,1,7510
8555,3415,95,2,31670
8556,3416,12,4,24510
8557,3416,42,3,21660
8558,3417,9,5,38920
8559,3418,176,2,640
8560,3418,174,2,29260
8561,3419,63,2,42810
8562,3419,128,1,32910
8563,3419,151,2,37350
8564,3419,11,5,44800
8565,3420,133,5,18260
8566,3420,44,5,47760
8567,3420,168,5,14720
8568,3420,17,2,25060
8569,3421,73,1,42250
8570,3421,116,4,8830
8571,3421,134,4,49990
8572,3422,104,2,34560
8573,3422,64,1,47500
8574,3422,192,5,38710
8575,3422,70,2,39590
8576,3423,132,2,7320
8577,3423,180,3,41970
8578,3423,24,2,23910
8579,3424,112,2,540
8580,3424,75,4,29770
8581,3424,124,3,25220
8582,3424,72,3,13660
8583,3425,66,4,30020
8584,3426,197,2,46900
8585,3426,176,4,640
8586,3427,105,3,43500
8587,3427,62,5,3360
8588,3427,114,1,680
8589,3427,153,5,33450
8590,3428,114,5,680
8591,3428,78,2,39340
8592,3428,70,3,39590
8593,3428,157,4,47190
8594,3429,170,4,22140
8595,3429,23,5,37880
8596,3429,79,2,13300
8597,3429,66,5,30020
8598,3430,64,3,47500
8599,3430,24,4,23910
8600,3430,84,4,13720
8601,3431,168,5,14720
8602,3431,37,3,39410
8603,3431,51,1,7510
8604,3432,161,5,39580
8605,3432,97,1,41410
8606,3433,69,4,29000
8607,3433,197,4,46900
8608,3433,151,5,37350
8609,3433,100,1,3290
8610,3434,170,5,22140
8611,3435,36,2,29540
8612,3435,148,2,23400
8613,3436,69,5,29000
8614,3436,99,4,39080
8615,3437,48,2,30060
8616,3437,14,4,10190
8617,3438,59,5,19270
8618,3438,125,3,32710
8619,3439,100,1,3290
8620,3440,132,4,7320
8621,3440,106,3,39590
8622,3441,127,1,8310
8623,3441,129,3,4360
8624,3441,63,3,42810
8625,3442,150,3,18630
8626,3442,99,4,39080
8627,3442,176,4,640
8628,3443,118,5,44010
8629,3443,129,1,4360
8630,3443,99,1,39080
8631,3444,87,2,7120
8632,3444,18,4,17440
8633,3444,189,4,26750
8634,3445,67,3,42420
8635,3445,164,2,29020
8636,3445,66,4,30020
8637,3445,155,2,24200
8638,3446,120,3,32650
8639,3446,10,4,18110
8640,3447,66,4,30020
8641,3448,50,1,38160
8642,3448,65,1,14340
8643,3448,46,3,45280
8644,3449,23,5,37880
8645,3449,176,4,640
8646,3450,65,3,14340
8647,3450,117,2,48050
8648,3450,184,1,41260
8649,3450,26,2,40010
8650,3451,22,1,46570
8651,3451,162,5,5630
8652,3451,148,5,23400
8653,3452,172,3,19920
8654,3452,169,4,29060
8655,3452,6,3,23840
8656,3453,61,2,38570
8657,3454,141,5,19070
8658,3454,82,1,11130
8659,3454,13,3,45440
8660,3455,48,5,30060
8661,3455,182,5,4530
8662,3456,109,2,39180
8663,3456,106,4,39590
8664,3456,182,5,4530
8665,3456,53,1,13680
8666,3457,33,5,26010
8667,3457,54,1,36650
8668,3457,53,1,13680
8669,3458,11,1,44800
8670,3458,191,4,21630
8671,3458,130,1,530
8672,3458,158,1,30990
8673,3459,39,1,45290
8674,3459,33,5,26010
8675,3459,155,3,24200
8676,3460,118,3,44010
8677,3460,168,5,14720
8678,3460,200,4,31300
8679,3461,159,3,20020
8680,3461,154,2,45860
8681,3461,6,4,23840
8682,3462,181,2,18290
8683,3463,158,1,30990
8684,3463,159,1,20020
8685,3463,110,3,23300
8686,3464,82,2,11130
8687,3464,129,1,4360
8688,3465,2,4,32000
8689,3465,161,3,39580
8690,3465,124,1,25220
8691,3466,11,1,44800
8692,3466,110,1,23300
8693,3467,36,4,29540
8694,3467,28,5,23450
8695,3468,74,1,12400
8696,3468,87,3,7120
8697,3468,52,4,41230
8698,3468,118,2,44010
8699,3469,12,2,24510
8700,3469,73,1,42250
8701,3470,114,2,680
8702,3470,73,1,42250
8703,3471,106,4,39590
8704,3471,109,3,39180
8705,3472,12,4,24510
8706,3472,45,1,48430
8707,3472,57,4,18020
8708,3472,52,3,41230
8709,3473,131,2,38730
8710,3473,6,3,23840
8711,3473,108,4,34950
8712,3474,85,4,42420
8713,3474,87,4,7120
8714,3474,39,2,45290
8715,3475,173,2,18870
8716,3476,162,2,5630
8717,3476,122,4,14740
8718,3476,192,3,38710
8719,3476,15,1,47010
8720,3477,2,3,32000
8721,3478,141,5,19070
8722,3478,125,1,32710
8723,3478,11,3,44800
8724,3478,110,4,23300
8725,3479,198,1,18820
8726,3480,22,5,46570
8727,3480,179,1,22600
8728,3481,117,2,48050
8729,3481,177,2,39600
8730,3481,154,3,45860
8731,3481,52,2,41230
8732,3482,195,2,30590
8733,3482,179,1,22600
8734,3483,70,5,39590
8735,3483,136,3,23560
8736,3483,73,1,42250
8737,3484,85,5,42420
8738,3484,122,3,14740
8739,3484,15,2,47010
8740,3484,114,2,680
8741,3485,181,5,18290
8742,3486,9,3,38920
8743,3486,38,2,29480
8744,3487,175,5,9920
8745,3487,68,3,18350
8746,3487,106,3,39590
8747,3487,192,1,38710
8748,3488,37,1,39410
8749,3489,18,1,17440
8750,3489,199,3,19410
8751,3489,168,3,14720
8752,3490,200,3,31300
8753,3491,13,5,45440
8754,3492,49,4,48400
8755,3492,73,3,42250
8756,3493,58,2,5240
8757,3493,107,2,48350
8758,3494,81,4,47080
8759,3495,180,4,41970
8760,3495,78,1,39340
8761,3495,50,1,38160
8762,3496,31,3,25140
8763,3496,104,2,34560
8764,3496,198,4,18820
8765,3497,9,1,38920
8766,3497,164,4,29020
8767,3497,166,1,23630
8768,3497,38,3,29480
8769,3498,16,5,44100
8770,3498,29,2,15950
8771,3498,48,5,30060
8772,3498,88,2,49780
8773,3499,161,4,39580
8774,3499,145,1,32470
8775,3500,165,5,890
8776,3500,139,1,23520
8777,3500,96,4,1450
8778,3500,98,4,49700
8779,3501,96,1,1450
8780,3501,10,4,18110
8781,3501,91,2,14990
8782,3501,155,5,24200
8783,3502,8,1,31340
8784,3502,196,1,23000
8785,3503,185,1,14410
8786,3503,93,4,37240
8787,3503,151,5,37350
8788,3504,64,1,47500
8789,3504,184,4,41260
8790,3505,97,4,41410
8791,3505,74,1,12400
8792,3506,186,4,42550
8793,3506,77,3,9380
8794,3506,12,3,24510
8795,3507,39,5,45290
8796,3507,190,2,21370
8797,3507,86,3,46270
8798,3508,6,3,23840
8799,3508,170,1,22140
8800,3508,128,5,32910
8801,3508,98,3,49700
8802,3509,47,3,44310
8803,3509,4,4,48070
8804,3509,121,2,45320
8805,3509,138,2,970
8806,3510,29,4,15950
8807,3510,149,1,28610
8808,3510,170,2,22140
8809,3510,41,4,11560
8810,3511,32,5,46430
8811,3512,132,1,7320
8812,3512,6,5,23840
8813,3512,190,2,21370
8814,3512,31,4,25140
8815,3513,151,1,37350
8816,3514,147,1,5720
8817,3514,1,4,35570
8818,3514,143,1,120
8819,3515,51,2,7510
8820,3516,177,5,39600
8821,3516,104,1,34560
8822,3516,171,3,40970
8823,3516,44,5,47760
8824,3517,120,1,32650
8825,3517,126,3,18920
8826,3517,127,5,8310
8827,3517,13,4,45440
8828,3518,179,5,22600
8829,3518,99,2,39080
8830,3519,27,5,10600
8831,3520,110,5,23300
8832,3520,166,4,23630
8833,3520,168,3,14720
8834,3521,8,3,31340
8835,3521,126,5,18920
8836,3521,116,3,8830
8837,3521,52,4,41230
8838,3522,152,2,480
8839,3523,10,1,18110
8840,3523,91,2,14990
8841,3524,103,5,190
8842,3524,62,4,3360
8843,3524,187,3,780
8844,3525,91,1,14990
8845,3525,12,4,24510
8846,3526,28,3,23450
8847,3526,109,5,39180
8848,3526,120,4,32650
8849,3527,49,5,48400
8850,3527,93,2,37240
8851,3527,139,1,23520
8852,3527,31,4,25140
8853,3528,68,4,18350
8854,3528,131,4,38730
8855,3528,116,5,8830
8856,3528,73,2,42250
8857,3529,158,3,30990
8858,3529,160,5,37840
8859,3529,171,3,40970
8860,3530,138,3,970
8861,3530,61,4,38570
8862,3531,193,2,30070
8863,3531,32,1,46430
8864,3531,46,1,45280
8865,3531,90,5,49320
8866,3532,16,4,44100
8867,3532,179,3,22600
8868,3533,164,4,29020
8869,3533,148,4,23400
8870,3533,32,1,46430
8871,3533,39,5,45290
8872,3534,146,4,16500
8873,3535,54,2,36650
8874,3535,95,1,31670
8875,3536,161,2,39580
8876,3536,20,5,18180
8877,3537,143,4,120
8878,3537,56,5,39700
8879,3537,11,2,44800
8880,3537,83,5,46980
8881,3538,96,3,1450
8882,3538,60,2,42520
8883,3538,61,4,38570
8884,3538,85,2,42420
8885,3539,35,5,18240
8886,3540,199,3,19410
8887,3540,141,4,19070
8888,3540,126,5,18920
8889,3541,30,2,37010
8890,3542,104,5,34560
8891,3542,152,2,480
8892,3543,191,4,21630
8893,3543,95,2,31670
8894,3543,32,5,46430
8895,3544,33,5,26010
8896,3544,36,2,29540
8897,3545,113,4,42900
8898,3546,86,3,46270
8899,3546,3,4,580
8900,3546,63,3,42810
8901,3546,146,1,16500
8902,3547,84,4,13720
8903,3547,124,4,25220
8904,3547,178,5,25930
8905,3548,118,3,44010
8906,3549,19,3,11760
8907,3549,33,2,26010
8908,3550,165,3,890
8909,3550,82,2,11130
8910,3550,53,5,13680
8911,3551,18,3,17440
8912,3552,91,4,14990
8913,3552,9,2,38920
8914,3552,151,1,37350
8915,3552,37,5,39410
8916,3553,132,2,7320
8917,3553,9,4,38920
8918,3553,188,5,31180
8919,3554,116,4,8830
8920,3554,165,2,890
8921,3554,91,5,14990
8922,3555,51,1,7510
8923,3555,52,4,41230
8924,3555,148,5,23400
8925,3556,118,3,44010
8926,3556,2,3,32000
8927,3556,134,1,49990
8928,3556,138,4,970
8929,3557,59,3,19270
8930,3557,199,3,19410
8931,3557,149,1,28610
8932,3558,184,1,41260
8933,3559,77,2,9380
8934,3560,200,3,31300
8935,3560,192,5,38710
8936,3560,152,2,480
8937,3560,122,3,14740
8938,3561,150,1,18630
8939,3561,39,1,45290
8940,3561,30,5,37010
8941,3562,130,5,530
8942,3563,157,2,47190
8943,3563,160,2,37840
8944,3563,165,5,890
8945,3563,30,2,37010
8946,3564,115,5,25970
8947,3564,83,3,46980
8948,3564,54,5,36650
8949,3565,26,1,40010
8950,3566,184,2,41260
8951,3566,128,3,32910
8952,3566,10,4,18110
8953,3567,102,1,10770
8954,3567,14,4,10190
8955,3567,165,3,890
8956,3568,99,3,39080
8957,3568,48,3,30060
8958,3569,73,1,42250
8959,3569,107,2,48350
8960,3569,42,1,21660
8961,3570,88,3,49780
8962,3570,182,4,4530
8963,3571,37,2,39410
8964,3571,170,5,22140
8965,3572,2,4,32000
8966,3572,126,2,18920
8967,3572,22,3,46570
8968,3573,71,4,41210
8969,3573,99,1,39080
8970,3574,67,1,42420
8971,3574,121,1,45320
8972,3574,176,4,640
8973,3575,64,5,47500
8974,3576,14,4,10190
8975,3577,28,3,23450
8976,3577,101,2,9720
8977,3577,49,1,48400
8978,3578,162,1,5630
8979,3578,196,2,23000
8980,3578,189,1,26750
8981,3579,43,1,1620
8982,3579,75,4,29770
8983,3580,103,5,190
8984,3580,18,1,17440
8985,3580,99,5,39080
8986,3581,112,1,540
8987,3581,65,5,14340
8988,3581,171,3,40970
8989,3582,32,2,46430
8990,3582,50,4,38160
8991,3582,56,4,39700
8992,3583,188,5,31180
8993,3583,4,3,48070
8994,3583,36,5,29540
8995,3584,85,4,42420
8996,3585,142,5,3050
8997,3585,30,1,37010
8998,3585,113,3,42900
8999,3586,141,3,19070
9000,3586,44,2,47760
9001,3586,145,3,32470
9002,3586,16,5,44100
9003,3587,44,5,47760
9004,3587,22,1,46570
9005,3588,167,3,28110
9006,3589,147,5,5720
9007,3589,150,3,18630
9008,3590,75,1,29770
9009,3591,2,2,32000
9010,3591,193,5,30070
9011,3591,22,3,46570
9012,3592,148,3,23400
9013,3592,149,2,28610
9014,3592,49,4,48400
9015,3592,31,3,25140
9016,3593,2,2,32000
9017,3593,31,1,25140
9018,3594,116,3,8830
9019,3595,39,1,45290
9020,3596,180,5,41970
9021,3596,79,5,13300
9022,3596,112,5,540
9023,3597,104,5,34560
9024,3597,94,1,5730
9025,3597,160,5,37840
9026,3597,77,2,9380
9027,3598,48,4,30060
9028,3598,154,4,45860
9029,3598,32,3,46430
9030,3598,64,5,47500
9031,3599,107,3,48350
9032,3600,178,1,25930
9033,3600,164,3,29020
9034,3600,148,2,23400
9035,3601,185,5,14410
9036,3601,30,1,37010
9037,3602,26,2,40010
9038,3603,133,3,18260
9039,3604,56,3,39700
9040,3604,27,4,10600
9041,3605,61,2,38570
9042,3605,75,5,29770
9043,3606,184,2,41260
9044,3606,4,2,48070
9045,3606,187,3,780
9046,3607,45,2,48430
9047,3607,101,2,9720
9048,3607,123,1,45550
9049,3607,21,2,16010
9050,3608,64,2,47500
9051,3608,194,2,34820
9052,3608,65,5,14340
9053,3609,113,4,42900
9054,3609,11,1,44800
9055,3609,115,3,25970
9056,3609,122,2,14740
9057,3610,167,5,28110
9058,3610,163,5,18930
9059,3611,164,4,29020
9060,3611,181,4,18290
9061,3611,110,3,23300
9062,3611,182,1,4530
9063,3612,125,4,32710
9064,3612,35,3,18240
9065,3612,20,2,18180
9066,3612,11,3,44800
9067,3613,6,2,23840
9068,3614,179,3,22600
9069,3614,10,1,18110
9070,3615,177,5,39600
9071,3616,38,3,29480
9072,3616,73,3,42250
9073,3616,119,2,30050
9074,3616,36,4,29540
9075,3617,75,5,29770
9076,3617,17,5,25060
9077,3617,112,2,540
9078,3618,125,2,32710
9079,3618,112,5,540
9080,3619,180,5,41970
9081,3619,48,1,30060
9082,3619,57,5,18020
9083,3620,131,2,38730
9084,3620,148,4,23400
9085,3621,172,2,19920
9086,3621,161,4,39580
9087,3622,133,1,18260
9088,3622,6,3,23840
9089,3622,123,2,45550
9090,3622,189,2,26750
9091,3623,117,2,48050
9092,3623,198,1,18820
9093,3623,167,5,28110
9094,3624,149,1,28610
9095,3624,61,4,38570
9096,3624,19,5,11760
9097,3625,173,2,18870
9098,3625,21,3,16010
9099,3626,80,4,20060
9100,3626,182,1,4530
9101,3627,2,1,32000
9102,3627,121,4,45320
9103,3627,168,4,14720
9104,3628,2,5,32000
9105,3628,186,3,42550
9106,3628,143,5,120
9107,3629,169,5,29060
9108,3629,148,4,23400
9109,3629,157,2,47190
9110,3630,117,4,48050
9111,3630,97,4,41410
9112,3630,130,2,530
9113,3631,61,5,38570
9114,3632,84,5,13720
9115,3633,19,3,11760
9116,3633,157,5,47190
9117,3633,200,3,31300
9118,3634,72,2,13660
9119,3634,192,3,38710
9120,3634,44,5,47760
9121,3635,87,2,7120
9122,3635,26,1,40010
9123,3635,51,3,7510
9124,3636,90,3,49320
9125,3637,149,4,28610
9126,3638,169,3,29060
9127,3638,177,1,39600
9128,3639,7,5,7180
9129,3640,128,2,32910
9130,3640,80,4,20060
9131,3640,88,2,49780
9132,3640,28,4,23450
9133,3641,188,3,31180
9134,3641,155,1,24200
9135,3641,3,3,580
9136,3642,126,2,18920
9137,3643,37,4,39410
9138,3643,61,4,38570
9139,3643,67,5,42420
9140,3643,35,4,18240
9141,3644,182,2,4530
9142,3645,56,5,39700
9143,3645,163,1,18930
9144,3646,133,4,18260
9145,3646,21,1,16010
9146,3647,91,4,14990
9147,3647,79,3,13300
9148,3648,31,2,25140
9149,3648,19,4,11760
9150,3649,149,4,28610
9151,3649,109,2,39180
9152,3649,63,1,42810
9153,3650,79,5,13300
9154,3651,62,1,3360
9155,3651,27,5,10600
9156,3652,42,3,21660
9157,3652,62,5,3360
9158,3652,14,3,10190
9159,3652,111,1,33570
9160,3653,61,5,38570
9161,3654,131,1,38730
9162,3655,181,3,18290
9163,3655,107,5,48350
9164,3656,184,1,41260
9165,3656,24,1,23910
9166,3656,174,2,29260
9167,3657,129,2,4360
9168,3658,20,1,18180
9169,3658,181,5,18290
9170,3658,65,1,14340
9171,3659,12,4,24510
9172,3659,35,1,18240
9173,3659,133,4,18260
9174,3659,68,5,18350
9175,3660,137,2,14450
9176,3660,115,2,25970
9177,3660,165,1,890
9178,3660,162,3,5630
9179,3661,3,1,580
9180,3661,54,3,36650
9181,3661,171,2,40970
9182,3661,33,3,26010
9183,3662,66,3,30020
9184,3662,55,3,46490
9185,3662,186,2,42550
9186,3662,53,1,13680
9187,3663,106,3,39590
9188,3664,12,1,24510
9189,3665,102,1,10770
9190,3665,1,3,35570
9191,3665,17,1,25060
9192,3666,32,3,46430
9193,3666,61,3,38570
9194,3667,191,3,21630
9195,3667,117,2,48050
9196,3667,147,1,5720
9197,3668,195,2,30590
9198,3668,38,2,29480
9199,3668,176,5,640
9200,3668,175,3,9920
9201,3669,194,1,34820
9202,3669,178,4,25930
9203,3669,119,4,30050
9204,3669,34,1,490
9205,3670,184,4,41260
9206,3670,142,4,3050
9207,3670,117,4,48050
9208,3670,126,3,18920
9209,3671,56,5,39700
9210,3672,119,2,30050
9211,3672,169,5,29060
9212,3672,20,5,18180
9213,3672,33,1,26010
9214,3673,158,2,30990
9215,3673,117,1,48050
9216,3674,130,1,530
9217,3674,122,3,14740
9218,3674,58,3,5240
9219,3675,151,3,37350
9220,3676,88,4,49780
9221,3676,190,5,21370
9222,3676,129,1,4360
9223,3677,186,5,42550
9224,3677,58,5,5240
9225,3677,72,1,13660
9226,3677,30,4,37010
9227,3678,200,1,31300
9228,3678,80,2,20060
9229,3678,187,1,780
9230,3678,174,3,29260
9231,3679,82,2,11130
9232,3679,131,5,38730
9233,3679,85,1,42420
9234,3679,159,5,20020
9235,3680,62,2,3360
9236,3680,170,1,22140
9237,3680,101,3,9720
9238,3681,79,2,13300
9239,3681,154,5,45860
9240,3681,49,2,48400
9241,3682,21,3,16010
9242,3682,173,1,18870
9243,3682,145,4,32470
9244,3682,81,2,47080
9245,3683,108,2,34950
9246,3683,117,1,48050
9247,3683,3,4,580
9248,3684,197,3,46900
9249,3685,118,3,44010
9250,3685,144,2,22700
9251,3686,176,3,640
9252,3687,175,3,9920
9253,3687,167,2,28110
9254,3687,90,3,49320
9255,3688,73,4,42250
9256,3688,195,5,30590
9257,3688,10,5,18110
9258,3689,117,5,48050
9259,3689,120,5,32650
9260,3689,179,5,22600
9261,3689,129,2,4360
9262,3690,28,1,23450
9263,3690,196,1,23000
9264,3691,200,1,31300
9265,3691,36,3,29540
9266,3691,174,1,29260
9267,3691,171,5,40970
9268,3692,127,1,8310
9269,3692,195,2,30590
9270,3692,18,3,17440
9271,3693,28,4,23450
9272,3693,177,5,39600
9273,3693,114,1,680
9274,3693,94,3,5730
9275,3694,6,3,23840
9276,3695,105,4,43500
9277,3695,124,3,25220
9278,3695,21,3,16010
9279,3695,134,2,49990
9280,3696,33,4,26010
9281,3696,198,1,18820
9282,3696,75,3,29770
9283,3696,77,5,9380
9284,3697,121,1,45320
9285,3697,22,5,46570
9286,3697,30,4,37010
9287,3697,5,4,29400
9288,3698,60,2,42520
9289,3699,84,1,13720
9290,3699,119,3,30050
9291,3700,58,4,5240
9292,3700,194,2,34820
9293,3700,8,2,31340
9294,3701,97,5,41410
9295,3701,169,5,29060
9296,3701,109,5,39180
9297,3702,169,1,29060
9298,3702,66,2,30020
9299,3702,154,1,45860
9300,3702,174,3,29260
9301,3703,132,4,7320
9302,3703,26,4,40010
9303,3704,67,5,42420
9304,3704,104,2,34560
9305,3705,120,5,32650
9306,3705,6,1,23840
9307,3705,73,1,42250
9308,3706,16,5,44100
9309,3706,24,4,23910
9310,3707,63,1,42810
9311,3707,35,3,18240
9312,3707,64,3,47500
9313,3708,96,2,1450
9314,3708,25,4,8140
9315,3708,131,3,38730
9316,3708,32,5,46430
9317,3709,122,1,14740
9318,3710,63,3,42810
9319,3711,195,3,30590
9320,3711,118,2,44010
9321,3712,91,4,14990
9322,3712,98,3,49700
9323,3713,177,3,39600
9324,3714,98,3,49700
9325,3714,36,1,29540
9326,3715,53,1,13680
9327,3715,32,3,46430
9328,3716,28,1,23450
9329,3716,164,5,29020
9330,3716,18,1,17440
9331,3717,8,1,31340
9332,3717,98,4,49700
9333,3718,64,4,47500
9334,3719,14,3,10190
9335,3719,9,2,38920
9336,3720,20,3,18180
9337,3720,173,3,18870
9338,3721,166,4,23630
9339,3721,109,2,39180
9340,3722,52,2,41230
9341,3722,144,3,22700
9342,3722,68,4,18350
9343,3723,32,4,46430
9344,3724,176,3,640
9345,3725,70,4,39590
9346,3725,189,1,26750
9347,3725,37,5,39410
9348,3726,85,4,42420
9349,3726,81,3,47080
9350,3726,54,5,36650
9351,3727,103,2,190
9352,3727,136,5,23560
9353,3728,16,3,44100
9354,3728,137,5,14450
9355,3728,28,5,23450
9356,3729,9,2,38920
9357,3729,47,2,44310
9358,3729,50,3,38160
9359,3730,152,5,480
9360,3730,59,1,19270
9361,3730,90,2,49320
9362,3731,166,5,23630
9363,3731,44,1,47760
9364,3731,131,3,38730
9365,3732,127,3,8310
9366,3733,128,5,32910
9367,3734,150,4,18630
9368,3735,93,3,37240
9369,3735,67,2,42420
9370,3736,47,4,44310
9371,3736,72,4,13660
9372,3736,181,4,18290
9373,3737,65,5,14340
9374,3737,74,4,12400
9375,3737,200,3,31300
9376,3737,71,5,41210
9377,3738,9,4,38920
9378,3738,79,3,13300
9379,3739,13,4,45440
9380,3740,99,5,39080
9381,3741,100,5,3290
9382,3741,77,4,9380
9383,3742,190,4,21370
9384,3742,172,3,19920
9385,3743,54,5,36650
9386,3743,128,2,32910
9387,3743,119,5,30050
9388,3744,167,4,28110
9389,3744,75,1,29770
9390,3744,168,5,14720
9391,3745,36,1,29540
9392,3746,66,1,30020
9393,3747,41,2,11560
9394,3747,93,5,37240
9395,3747,65,4,14340
9396,3747,91,1,14990
9397,3748,194,4,34820
9398,3749,147,5,5720
9399,3750,37,3,39410
9400,3750,162,4,5630
9401,3751,113,5,42900
9402,3752,102,3,10770
9403,3752,35,1,18240
9404,3753,76,4,18960
9405,3753,52,1,41230
9406,3753,32,2,46430
9407,3753,176,2,640
9408,3754,16,5,44100
9409,3754,167,3,28110
9410,3754,60,2,42520
9411,3755,69,5,29000
9412,3755,40,5,49790
9413,3755,118,3,44010
9414,3756,176,4,640
9415,3756,63,1,42810
9416,3757,152,3,480
9417,3757,68,3,18350
9418,3757,146,3,16500
9419,3757,107,5,48350
9420,3758,183,4,39280
9421,3758,160,5,37840
9422,3758,91,1,14990
9423,3759,115,2,25970
9424,3759,186,1,42550
9425,3760,182,2,4530
9426,3760,74,4,12400
9427,3760,175,1,9920
9428,3760,187,5,780
9429,3761,34,3,490
9430,3761,38,1,29480
9431,3762,55,2,46490
9432,3762,154,4,45860
9433,3763,122,1,14740
9434,3763,100,4,3290
9435,3764,70,3,39590
9436,3764,182,1,4530
9437,3764,8,3,31340
9438,3764,197,4,46900
9439,3765,170,1,22140
9440,3765,94,2,5730
9441,3765,26,5,40010
9442,3766,60,1,42520
9443,3766,130,3,530
9444,3766,21,1,16010
9445,3766,32,2,46430
9446,3767,137,5,14450
9447,3767,184,2,41260
9448,3768,123,3,45550
9449,3769,151,5,37350
9450,3769,92,2,21760
9451,3769,44,4,47760
9452,3770,126,2,18920
9453,3770,124,5,25220
9454,3770,70,2,39590
9455,3770,47,3,44310
9456,3771,56,4,39700
9457,3771,193,2,30070
9458,3771,59,2,19270
9459,3772,134,5,49990
9460,3772,56,2,39700
9461,3772,156,1,42140
9462,3772,108,3,34950
9463,3773,11,1,44800
9464,3774,98,4,49700
9465,3774,1,4,35570
9466,3775,18,2,17440
9467,3775,66,3,30020
9468,3776,146,2,16500
9469,3776,171,4,40970
9470,3776,98,1,49700
9471,3776,88,3,49780
9472,3777,122,1,14740
9473,3777,64,3,47500
9474,3777,29,2,15950
9475,3778,144,5,22700
9476,3779,17,4,25060
9477,3779,143,2,120
9478,3780,171,5,40970
9479,3781,14,2,10190
9480,3781,122,2,14740
9481,3781,160,4,37840
9482,3782,59,4,19270
9483,3782,27,2,10600
9484,3782,34,3,490
9485,3782,157,1,47190
9486,3783,133,2,18260
9487,3783,88,4,49780
9488,3783,14,3,10190
9489,3784,135,2,32920
9490,3785,140,5,49210
9491,3785,184,1,41260
9492,3785,5,4,29400
9493,3785,1,2,35570
9494,3786,8,4,31340
9495,3786,144,1,22700
9496,3787,193,5,30070
9497,3787,32,5,46430
9498,3788,89,5,14070
9499,3788,47,3,44310
9500,3788,63,5,42810
9501,3789,198,2,18820
9502,3789,10,1,18110
9503,3789,34,3,490
9504,3789,61,5,38570
9505,3790,90,4,49320
9506,3790,30,5,37010
9507,3790,118,1,44010
9508,3790,93,2,37240
9509,3791,51,5,7510
9510,3791,4,5,48070
9511,3792,112,1,540
9512,3793,18,1,17440
9513,3793,120,2,32650
9514,3793,87,3,7120
9515,3794,57,1,18020
9516,3795,114,5,680
9517,3796,127,4,8310
9518,3796,167,3,28110
9519,3796,90,3,49320
9520,3796,133,5,18260
9521,3797,2,5,32000
9522,3797,151,1,37350
9523,3797,87,3,7120
9524,3798,12,4,24510
9525,3798,76,2,18960
9526,3798,159,2,20020
9527,3799,106,4,39590
9528,3799,160,2,37840
9529,3799,75,4,29770
9530,3799,174,2,29260
9531,3800,87,3,7120
9532,3800,27,2,10600
9533,3800,139,1,23520
9534,3800,32,3,46430
9535,3801,167,3,28110
9536,3801,142,3,3050
9537,3802,175,3,9920
9538,3803,38,3,29480
9539,3803,28,2,23450
9540,3803,125,3,32710
9541,3803,99,5,39080
9542,3804,147,1,5720
9543,3804,74,4,12400
9544,3805,115,5,25970
9545,3805,66,5,30020
9546,3805,9,4,38920
9547,3805,114,5,680
9548,3806,137,3,14450
9549,3806,81,5,47080
9550,3806,115,1,25970
9551,3807,14,4,10190
9552,3808,118,3,44010
9553,3808,165,1,890
9554,3808,39,5,45290
9555,3808,110,4,23300
9556,3809,168,4,14720
9557,3809,149,5,28610
9558,3810,56,1,39700
9559,3810,117,1,48050
9560,3810,122,2,14740
9561,3811,148,4,23400
9562,3811,55,3,46490
9563,3811,29,3,15950
9564,3812,67,4,42420
9565,3812,64,5,47500
9566,3813,70,4,39590
9567,3814,75,1,29770
9568,3815,161,3,39580
9569,3815,151,1,37350
9570,3815,52,5,41230
9571,3815,100,4,3290
9572,3816,101,4,9720
9573,3816,149,5,28610
9574,3816,46,2,45280
9575,3817,199,2,19410
9576,3818,121,3,45320
9577,3818,54,4,36650
9578,3819,37,3,39410
9579,3820,124,2,25220
9580,3820,48,1,30060
9581,3820,19,1,11760
9582,3820,40,5,49790
9583,3821,118,5,44010
9584,3821,169,3,29060
9585,3821,130,5,530
9586,3822,95,2,31670
9587,3823,181,2,18290
9588,3823,79,3,13300
9589,3824,98,5,49700
9590,3824,6,1,23840
9591,3824,2,3,32000
9592,3824,149,4,28610
9593,3825,105,5,43500
9594,3825,168,1,14720
9595,3826,8,3,31340
9596,3826,52,1,41230
9597,3827,164,3,29020
9598,3827,104,2,34560
9599,3828,151,3,37350
9600,3828,132,4,7320
9601,3829,158,4,30990
9602,3829,174,4,29260
9603,3829,155,1,24200
9604,3830,12,3,24510
9605,3830,110,4,23300
9606,3830,7,1,7180
9607,3830,128,3,32910
9608,3831,64,1,47500
9609,3831,114,1,680
9610,3832,188,4,31180
9611,3832,152,3,480
9612,3832,21,3,16010
9613,3833,100,4,3290
9614,3833,144,1,22700
9615,3834,62,4,3360
9616,3834,129,2,4360
9617,3834,180,1,41970
9618,3834,118,3,44010
9619,3835,182,3,4530
9620,3835,126,3,18920
9621,3835,78,3,39340
9622,3835,2,5,32000
9623,3836,110,3,23300
9624,3836,32,5,46430
9625,3836,135,4,32920
9626,3836,39,3,45290
9627,3837,71,2,41210
9628,3838,130,1,530
9629,3838,93,3,37240
9630,3838,60,1,42520
9631,3838,161,5,39580
9632,3839,45,3,48430
9633,3839,108,5,34950
9634,3839,54,2,36650
9635,3839,182,1,4530
9636,3840,35,2,18240
9637,3840,53,5,13680
9638,3841,32,5,46430
9639,3841,81,1,47080
9640,3842,119,1,30050
9641,3843,36,1,29540
9642,3843,170,3,22140
9643,3844,131,3,38730
9644,3844,67,4,42420
9645,3844,200,4,31300
9646,3845,19,1,11760
9647,3845,94,4,5730
9648,3845,171,4,40970
9649,3845,69,4,29000
9650,3846,76,3,18960
9651,3847,141,1,19070
9652,3847,151,1,37350
9653,3847,60,4,42520
9654,3847,148,3,23400
9655,3848,113,4,42900
9656,3848,168,4,14720
9657,3848,103,4,190
9658,3849,122,4,14740
9659,3849,185,4,14410
9660,3849,111,3,33570
9661,3850,101,2,9720
9662,3850,12,1,24510
9663,3850,144,5,22700
9664,3850,91,3,14990
9665,3851,151,3,37350
9666,3851,112,3,540
9667,3852,48,3,30060
9668,3852,19,1,11760
9669,3852,126,3,18920
9670,3853,136,5,23560
9671,3853,35,4,18240
9672,3853,152,2,480
9673,3853,143,4,120
9674,3854,77,2,9380
9675,3854,190,2,21370
9676,3854,71,1,41210
9677,3855,20,3,18180
9678,3855,176,1,640
9679,3855,180,4,41970
9680,3855,142,5,3050
9681,3856,153,4,33450
9682,3856,138,2,970
9683,3857,176,4,640
9684,3857,71,4,41210
9685,3857,9,2,38920
9686,3857,16,3,44100
9687,3858,111,2,33570
9688,3858,52,2,41230
9689,3858,150,1,18630
9690,3858,10,3,18110
9691,3859,15,1,47010
9692,3859,50,5,38160
9693,3860,146,2,16500
9694,3860,62,1,3360
9695,3861,28,1,23450
9696,3862,172,3,19920
9697,3862,6,3,23840
9698,3862,103,5,190
9699,3863,88,3,49780
9700,3863,134,3,49990
9701,3863,128,2,32910
9702,3864,92,4,21760
9703,3864,40,1,49790
9704,3864,146,3,16500
9705,3865,71,2,41210
9706,3866,156,4,42140
9707,3866,118,5,44010
9708,3866,65,2,14340
9709,3866,89,3,14070
9710,3867,116,5,8830
9711,3868,167,4,28110
9712,3868,129,1,4360
9713,3869,85,4,42420
9714,3869,90,4,49320
9715,3870,64,5,47500
9716,3870,169,3,29060
9717,3870,53,5,13680
9718,3870,139,4,23520
9719,3871,18,5,17440
9720,3871,119,2,30050
9721,3871,168,3,14720
9722,3872,12,5,24510
9723,3872,178,5,25930
9724,3872,32,1,46430
9725,3872,154,4,45860
9726,3873,68,5,18350
9727,3873,109,3,39180
9728,3874,108,2,34950
9729,3874,181,4,18290
9730,3874,44,5,47760
9731,3874,152,3,480
9732,3875,111,3,33570
9733,3875,135,1,32920
9734,3876,152,4,480
9735,3876,118,5,44010
9736,3876,49,5,48400
9737,3876,112,1,540
9738,3877,2,2,32000
9739,3878,20,5,18180
9740,3878,156,3,42140
9741,3878,195,2,30590
9742,3878,15,1,47010
9743,3879,139,4,23520
9744,3879,170,2,22140
9745,3880,33,1,26010
9746,3881,164,1,29020
9747,3881,20,3,18180
9748,3881,147,3,5720
9749,3882,44,4,47760
9750,3882,79,2,13300
9751,3882,186,2,42550
9752,3882,70,1,39590
9753,3883,101,3,9720
9754,3884,105,5,43500
9755,3884,56,2,39700
9756,3884,162,3,5630
9757,3884,61,1,38570
9758,3885,74,2,12400
9759,3885,49,4,48400
9760,3886,83,5,46980
9761,3886,62,1,3360
9762,3887,4,4,48070
9763,3887,61,3,38570
9764,3887,14,3,10190
9765,3888,17,2,25060
9766,3888,173,1,18870
9767,3888,71,2,41210
9768,3889,136,3,23560
9769,3889,77,1,9380
9770,3889,49,4,48400
9771,3890,95,5,31670
9772,3890,4,2,48070
9773,3890,195,2,30590
9774,3891,132,5,7320
9775,3891,14,5,10190
9776,3892,7,1,7180
9777,3892,36,3,29540
9778,3892,68,2,18350
9779,3892,70,1,39590
9780,3893,159,1,20020
9781,3894,124,2,25220
9782,3894,25,2,8140
9783,3894,172,3,19920
9784,3894,143,2,120
9785,3895,194,4,34820
9786,3895,126,2,18920
9787,3896,112,4,540
9788,3896,91,4,14990
9789,3896,88,1,49780
9790,3896,66,4,30020
9791,3897,114,4,680
9792,3897,92,2,21760
9793,3898,83,1,46980
9794,3898,80,3,20060
9795,3898,143,4,120
9796,3899,47,4,44310
9797,3900,110,2,23300
9798,3900,28,5,23450
9799,3900,87,2,7120
9800,3900,175,5,9920
9801,3901,156,2,42140
9802,3901,69,4,29000
9803,3902,36,1,29540
9804,3903,16,2,44100
9805,3903,165,3,890
9806,3903,26,2,40010
9807,3904,146,4,16500
9808,3904,13,2,45440
9809,3905,159,3,20020
9810,3905,190,5,21370
9811,3905,139,2,23520
9812,3905,157,3,47190
9813,3906,122,5,14740
9814,3906,49,1,48400
9815,3906,56,2,39700
9816,3906,181,5,18290
9817,3907,57,4,18020
9818,3908,177,5,39600
9819,3909,38,4,29480
9820,3910,154,3,45860
9821,3910,63,3,42810
9822,3910,146,4,16500
9823,3911,74,2,12400
9824,3912,190,1,21370
9825,3913,173,4,18870
9826,3913,48,3,30060
9827,3913,46,5,45280
9828,3913,9,1,38920
9829,3914,1,3,35570
9830,3915,49,2,48400
9831,3915,101,4,9720
9832,3915,65,3,14340
9833,3916,65,5,14340
9834,3916,54,4,36650
9835,3916,42,5,21660
9836,3917,65,2,14340
9837,3918,177,1,39600
9838,3918,195,1,30590
9839,3919,162,4,5630
9840,3919,39,5,45290
9841,3919,43,2,1620
9842,3919,114,3,680
9843,3920,119,1,30050
9844,3920,131,5,38730
9845,3921,140,1,49210
9846,3921,82,1,11130
9847,3921,172,5,19920
9848,3921,124,2,25220
9849,3922,139,3,23520
9850,3922,193,2,30070
9851,3923,4,1,48070
9852,3924,16,4,44100
9853,3925,163,3,18930
9854,3925,36,5,29540
9855,3926,166,3,23630
9856,3926,122,4,14740
9857,3926,115,3,25970
9858,3926,85,5,42420
9859,3927,31,3,25140
9860,3927,123,4,45550
9861,3927,43,1,1620
9862,3927,142,2,3050
9863,3928,71,2,41210
9864,3928,108,2,34950
9865,3928,164,2,29020
9866,3929,97,4,41410
9867,3929,91,5,14990
9868,3929,167,3,28110
9869,3930,86,3,46270
9870,3931,189,4,26750
9871,3931,52,3,41230
9872,3931,86,4,46270
9873,3931,31,2,25140
9874,3932,194,3,34820
9875,3932,18,1,17440
9876,3932,132,4,7320
9877,3933,146,5,16500
9878,3933,173,3,18870
9879,3933,99,5,39080
9880,3933,92,4,21760
9881,3934,106,2,39590
9882,3934,4,2,48070
9883,3934,11,4,44800
9884,3935,40,4,49790
9885,3935,47,3,44310
9886,3935,146,5,16500
9887,3936,164,1,29020
9888,3936,36,5,29540
9889,3936,23,2,37880
9890,3937,33,1,26010
9891,3937,84,3,13720
9892,3938,91,3,14990
9893,3938,123,2,45550
9894,3938,151,4,37350
9895,3939,59,4,19270
9896,3939,125,4,32710
9897,3940,70,1,39590
9898,3941,37,2,39410
9899,3941,110,1,23300
9900,3941,79,2,13300
9901,3942,12,4,24510
9902,3942,140,2,49210
9903,3942,20,2,18180
9904,3942,57,5,18020
9905,3943,32,5,46430
9906,3943,5,2,29400
9907,3944,164,3,29020
9908,3944,194,2,34820
9909,3944,39,5,45290
9910,3945,43,3,1620
9911,3945,156,1,42140
9912,3946,184,3,41260
9913,3947,35,4,18240
9914,3947,143,4,120
9915,3947,67,5,42420
9916,3947,7,3,7180
9917,3948,155,5,24200
9918,3948,14,4,10190
9919,3949,169,4,29060
9920,3949,76,4,18960
9921,3950,176,4,640
9922,3950,160,5,37840
9923,3950,7,2,7180
9924,3950,13,3,45440
9925,3951,103,4,190
9926,3951,111,5,33570
9927,3951,101,3,9720
9928,3952,111,1,33570
9929,3952,176,5,640
9930,3953,54,5,36650
9931,3953,133,2,18260
9932,3953,105,3,43500
9933,3954,136,3,23560
9934,3955,149,4,28610
9935,3955,47,2,44310
9936,3955,86,5,46270
9937,3956,48,2,30060
9938,3956,97,2,41410
9939,3956,98,2,49700
9940,3956,145,3,32470
9941,3957,189,3,26750
9942,3957,41,4,11560
9943,3957,125,5,32710
9944,3957,63,5,42810
9945,3958,122,3,14740
9946,3958,15,4,47010
9947,3959,50,2,38160
9948,3959,200,3,31300
9949,3960,111,1,33570
9950,3960,107,1,48350
9951,3960,102,3,10770
9952,3961,77,5,9380
9953,3962,23,5,37880
9954,3962,140,4,49210
9955,3962,13,2,45440
9956,3962,97,5,41410
9957,3963,194,5,34820
9958,3963,190,4,21370
9959,3963,192,5,38710
9960,3963,134,2,49990
9961,3964,65,1,14340
9962,3964,155,2,24200
9963,3964,66,5,30020
9964,3965,22,5,46570
9965,3965,134,3,49990
9966,3965,110,4,23300
9967,3966,59,3,19270
9968,3967,13,2,45440
9969,3967,144,2,22700
9970,3967,139,1,23520
9971,3968,140,1,49210
9972,3968,8,4,31340
9973,3969,69,4,29000
9974,3969,121,5,45320
9975,3970,35,2,18240
9976,3971,127,5,8310
9977,3971,155,5,24200
9978,3971,64,1,47500
9979,3971,162,1,5630
9980,3972,41,1,11560
9981,3972,8,4,31340
9982,3973,25,3,8140
9983,3973,129,2,4360
9984,3974,2,2,32000
9985,3975,149,3,28610
9986,3975,26,2,40010
9987,3976,19,2,11760
9988,3976,50,4,38160
9989,3977,174,3,29260
9990,3977,18,1,17440
9991,3978,21,4,16010
9992,3978,43,1,1620
9993,3979,63,5,42810
9994,3979,32,5,46430
9995,3980,124,2,25220
9996,3980,48,5,30060
9997,3980,9,3,38920
9998,3980,29,5,15950
9999,3981,63,1,42810
10000,3982,125,5,32710
10001,3982,163,1,18930
10002,3982,82,1,11130
10003,3982,103,1,190
10004,3983,168,5,14720
10005,3984,119,4,30050
10006,3985,55,3,46490
10007,3985,194,3,34820
10008,3985,45,5,48430
10009,3986,66,5,30020
10010,3986,56,4,39700
10011,3987,96,1,1450
10012,3988,73,3,42250
10013,3988,185,4,14410
10014,3988,127,5,8310
10015,3989,30,4,37010
10016,3990,184,5,41260
10017,3991,3,5,580
10018,3991,35,2,18240
10019,3991,124,1,25220
10020,3991,37,3,39410
10021,3992,12,5,24510
10022,3993,169,5,29060
10023,3993,188,1,31180
10024,3994,73,5,42250
10025,3994,161,1,39580
10026,3995,53,1,13680
10027,3995,43,4,1620
10028,3996,7,3,7180
10029,3997,46,1,45280
10030,3997,68,5,18350
10031,3998,36,3,29540
10032,3998,175,2,9920
10033,3999,99,1,39080
10034,3999,42,2,21660
10035,3999,93,1,37240
10036,3999,38,2,29480
10037,4000,26,4,40010
10038,4001,145,2,32470
10039,4001,89,5,14070
10040,4001,186,2,42550
10041,4001,75,2,29770
10042,4002,127,1,8310
10043,4002,174,4,29260
10044,4002,7,4,7180
10045,4002,26,5,40010
10046,4003,29,4,15950
10047,4004,190,2,21370
10048,4004,138,5,970
10049,4004,106,1,39590
10050,4004,189,2,26750
10051,4005,25,5,8140
10052,4005,86,4,46270
10053,4005,49,3,48400
10054,4006,111,2,33570
10055,4006,114,1,680
10056,4007,44,5,47760
10057,4007,11,5,44800
10058,4008,22,3,46570
10059,4008,124,2,25220
10060,4008,176,1,640
10061,4009,173,2,18870
10062,4009,4,1,48070
10063,4009,93,5,37240
10064,4010,200,3,31300
10065,4010,20,1,18180
10066,4010,16,4,44100
10067,4011,82,3,11130
10068,4011,1,5,35570
10069,4011,136,3,23560
10070,4012,141,4,19070
10071,4012,75,4,29770
10072,4013,16,3,44100
10073,4013,60,4,42520
10074,4013,128,4,32910
10075,4013,130,5,530
10076,4014,13,2,45440
10077,4014,188,1,31180
10078,4014,2,4,32000
10079,4014,144,4,22700
10080,4015,169,3,29060
10081,4015,76,5,18960
10082,4015,11,2,44800
10083,4016,84,1,13720
10084,4016,184,4,41260
10085,4016,2,2,32000
10086,4017,43,4,1620
10087,4017,117,2,48050
10088,4017,165,2,890
10089,4017,153,5,33450
10090,4018,145,1,32470
10091,4018,7,5,7180
10092,4019,34,3,490
10093,4019,3,1,580
10094,4020,193,2,30070
10095,4021,50,3,38160
10096,4022,110,2,23300
10097,4023,137,5,14450
10098,4023,8,1,31340
10099,4023,19,3,11760
10100,4023,159,1,20020
10101,4024,78,4,39340
10102,4024,11,3,44800
10103,4025,17,4,25060
10104,4026,122,1,14740
10105,4026,20,4,18180
10106,4026,185,1,14410
10107,4027,70,5,39590
10108,4027,139,4,23520
10109,4027,91,5,14990
10110,4027,113,5,42900
10111,4028,50,2,38160
10112,4028,162,3,5630
10113,4028,169,1,29060
10114,4028,23,4,37880
10115,4029,79,3,13300
10116,4030,64,5,47500
10117,4031,148,1,23400
10118,4032,26,3,40010
10119,4033,179,4,22600
10120,4033,105,4,43500
10121,4033,128,4,32910
10122,4034,19,3,11760
10123,4034,150,5,18630
10124,4034,87,4,7120
10125,4034,34,1,490
10126,4035,124,1,25220
10127,4036,25,4,8140
10128,4036,116,3,8830
10129,4037,20,1,18180
10130,4037,124,2,25220
10131,4037,120,2,32650
10132,4038,143,3,120
10133,4038,2,3,32000
10134,4039,79,5,13300
10135,4039,116,2,8830
10136,4040,118,2,44010
10137,4040,169,2,29060
10138,4040,35,1,18240
10139,4040,83,5,46980
10140,4041,163,2,18930
10141,4041,151,5,37350
10142,4041,165,3,890
10143,4042,61,4,38570
10144,4042,93,2,37240
10145,4042,182,4,4530
10146,4042,129,2,4360
10147,4043,56,3,39700
10148,4043,161,4,39580
10149,4044,42,3,21660
10150,4045,157,2,47190
10151,4046,171,5,40970
10152,4046,109,5,39180
10153,4046,51,3,7510
10154,4046,183,4,39280
10155,4047,137,2,14450
10156,4047,74,4,12400
10157,4047,69,2,29000
10158,4048,82,4,11130
10159,4048,186,3,42550
10160,4049,182,5,4530
10161,4049,62,1,3360
10162,4050,170,2,22140
10163,4050,117,4,48050
10164,4050,104,2,34560
10165,4050,43,3,1620
10166,4051,61,1,38570
10167,4051,80,4,20060
10168,4052,15,4,47010
10169,4052,27,4,10600
10170,4053,63,1,42810
10171,4053,70,1,39590
10172,4054,177,3,39600
10173,4054,35,4,18240
10174,4054,24,2,23910
10175,4055,177,4,39600
10176,4055,88,2,49780
10177,4055,46,4,45280
10178,4056,136,4,23560
10179,4056,143,2,120
10180,4057,50,4,38160
10181,4057,94,1,5730
10182,4058,71,3,41210
10183,4058,69,1,29000
10184,4058,94,3,5730
10185,4059,70,2,39590
10186,4059,75,1,29770
10187,4060,27,4,10600
10188,4061,68,5,18350
10189,4061,148,3,23400
10190,4061,76,4,18960
10191,4062,43,5,1620
10192,4062,196,5,23000
10193,4062,21,3,16010
10194,4063,161,3,39580
10195,4063,197,4,46900
10196,4064,130,3,530
10197,4064,29,1,15950
10198,4065,160,1,37840
10199,4065,29,4,15950
10200,4066,193,5,30070
10201,4066,126,2,18920
10202,4066,165,3,890
10203,4067,74,5,12400
10204,4067,46,4,45280
10205,4067,151,2,37350
10206,4067,153,3,33450
10207,4068,187,5,780
10208,4068,53,5,13680
10209,4068,83,5,46980
10210,4068,55,4,46490
10211,4069,196,1,23000
10212,4069,166,3,23630
10213,4069,146,2,16500
10214,4070,16,4,44100
10215,4071,31,1,25140
10216,4071,67,5,42420
10217,4071,95,2,31670
10218,4072,123,2,45550
10219,4072,146,1,16500
10220,4072,46,3,45280
10221,4073,143,2,120
10222,4073,44,1,47760
10223,4073,67,1,42420
10224,4073,84,5,13720
10225,4074,36,3,29540
10226,4075,77,5,9380
10227,4075,62,4,3360
10228,4075,191,2,21630
10229,4075,123,3,45550
10230,4076,191,1,21630
10231,4076,13,3,45440
10232,4077,4,5,48070
10233,4077,109,4,39180
10234,4077,108,1,34950
10235,4077,189,1,26750
10236,4078,153,4,33450
10237,4078,161,3,39580
10238,4078,106,5,39590
10239,4078,63,1,42810
10240,4079,17,4,25060
10241,4079,133,5,18260
10242,4080,99,3,39080
10243,4081,109,1,39180
10244,4082,113,5,42900
10245,4082,22,1,46570
10246,4082,90,1,49320
10247,4083,43,3,1620
10248,4084,36,2,29540
10249,4085,107,1,48350
10250,4086,66,1,30020
10251,4087,124,5,25220
10252,4087,43,5,1620
10253,4088,131,1,38730
10254,4088,59,2,19270
10255,4088,164,1,29020
10256,4088,35,5,18240
10257,4089,21,5,16010
10258,4089,68,5,18350
10259,4089,192,3,38710
10260,4089,180,2,41970
10261,4090,10,4,18110
10262,4090,119,4,30050
10263,4090,159,5,20020
10264,4091,130,1,530
10265,4091,67,1,42420
10266,4091,42,3,21660
10267,4091,9,1,38920
10268,4092,70,4,39590
10269,4092,35,1,18240
10270,4092,66,4,30020
10271,4093,126,2,18920
10272,4093,44,5,47760
10273,4094,18,3,17440
10274,4094,184,2,41260
10275,4094,91,5,14990
10276,4094,149,3,28610
10277,4095,117,4,48050
10278,4095,83,4,46980
10279,4095,169,2,29060
10280,4096,180,2,41970
10281,4096,196,5,23000
10282,4096,156,2,42140
10283,4096,129,1,4360
10284,4097,81,5,47080
10285,4097,128,4,32910
10286,4097,123,5,45550
10287,4098,100,4,3290
10288,4098,114,1,680
10289,4099,80,1,20060
10290,4099,185,3,14410
10291,4099,161,5,39580
10292,4099,26,2,40010
10293,4100,187,1,780
10294,4100,173,3,18870
10295,4100,138,1,970
10296,4101,59,2,19270
10297,4101,146,3,16500
10298,4101,15,4,47010
10299,4102,35,5,18240
10300,4103,197,4,46900
10301,4103,142,5,3050
10302,4103,162,4,5630
10303,4104,184,2,41260
10304,4104,4,3,48070
10305,4104,159,3,20020
10306,4104,108,4,34950
10307,4105,5,2,29400
10308,4105,125,1,32710
10309,4105,84,1,13720
10310,4105,21,1,16010
10311,4106,34,2,490
10312,4106,100,4,3290
10313,4106,43,3,1620
10314,4107,27,2,10600
10315,4107,135,3,32920
10316,4107,6,3,23840
10317,4108,16,5,44100
10318,4108,129,2,4360
10319,4108,90,3,49320
10320,4109,96,3,1450
10321,4109,62,2,3360
10322,4109,87,4,7120
10323,4109,41,4,11560
10324,4110,10,4,18110
10325,4110,115,3,25970
10326,4110,186,3,42550
10327,4111,58,3,5240
10328,4111,125,2,32710
10329,4111,65,3,14340
10330,4111,144,1,22700
10331,4112,44,5,47760
10332,4112,85,3,42420
10333,4113,118,1,44010
10334,4113,152,4,480
10335,4113,164,3,29020
10336,4113,14,2,10190
10337,4114,123,2,45550
10338,4114,151,5,37350
10339,4115,145,4,32470
10340,4115,176,3,640
10341,4115,195,2,30590
10342,4116,160,4,37840
10343,4116,102,3,10770
10344,4117,37,1,39410
10345,4118,171,3,40970
10346,4118,133,3,18260
10347,4119,113,1,42900
10348,4120,144,3,22700
10349,4121,88,5,49780
10350,4122,33,3,26010
10351,4123,107,3,48350
10352,4123,145,4,32470
10353,4124,57,3,18020
10354,4124,178,1,25930
10355,4124,140,2,49210
10356,4125,97,2,41410
10357,4125,181,5,18290
10358,4125,64,3,47500
10359,4125,86,4,46270
10360,4126,80,2,20060
10361,4127,192,1,38710
10362,4127,43,5,1620
10363,4127,6,3,23840
10364,4127,70,2,39590
10365,4128,102,2,10770
10366,4129,68,1,18350
10367,4129,105,1,43500
10368,4130,135,2,32920
10369,4130,127,5,8310
10370,4130,49,2,48400
10371,4130,115,4,25970
10372,4131,155,2,24200
10373,4131,49,5,48400
10374,4131,169,1,29060
10375,4132,27,1,10600
10376,4132,183,4,39280
10377,4132,157,1,47190
10378,4133,13,2,45440
10379,4133,63,1,42810
10380,4133,52,5,41230
10381,4133,189,3,26750
10382,4134,73,3,42250
10383,4134,23,2,37880
10384,4134,136,4,23560
10385,4135,14,1,10190
10386,4135,171,5,40970
10387,4135,47,2,44310
10388,4135,174,1,29260
10389,4136,121,5,45320
10390,4136,142,1,3050
10391,4137,176,1,640
10392,4137,18,5,17440
10393,4138,107,4,48350
10394,4138,125,4,32710
10395,4139,119,3,30050
10396,4139,117,4,48050
10397,4139,62,4,3360
10398,4139,107,3,48350
10399,4140,90,5,49320
10400,4140,77,1,9380
10401,4140,85,2,42420
10402,4141,130,3,530
10403,4141,29,3,15950
10404,4141,158,2,30990
10405,4142,198,1,18820
10406,4142,190,1,21370
10407,4142,185,1,14410
10408,4143,98,2,49700
10409,4143,160,5,37840
10410,4144,96,1,1450
10411,4144,53,5,13680
10412,4144,61,5,38570
10413,4145,50,2,38160
10414,4145,177,2,39600
10415,4146,53,3,13680
10416,4147,80,5,20060
10417,4148,87,4,7120
10418,4148,192,1,38710
10419,4148,8,2,31340
10420,4149,65,4,14340
10421,4149,5,1,29400
10422,4149,111,4,33570
10423,4149,36,4,29540
10424,4150,184,1,41260
10425,4150,28,3,23450
10426,4150,82,3,11130
10427,4151,112,3,540
10428,4151,41,5,11560
10429,4151,28,2,23450
10430,4151,108,3,34950
10431,4152,117,5,48050
10432,4152,179,4,22600
10433,4153,14,5,10190
10434,4153,45,3,48430
10435,4154,112,5,540
10436,4155,123,2,45550
10437,4155,44,1,47760
10438,4155,89,2,14070
10439,4156,190,3,21370
10440,4156,199,5,19410
10441,4157,117,1,48050
10442,4157,119,2,30050
10443,4158,140,3,49210
10444,4158,47,5,44310
10445,4158,138,5,970
10446,4159,152,5,480
10447,4160,155,4,24200
10448,4160,92,3,21760
10449,4160,22,5,46570
10450,4161,192,5,38710
10451,4162,81,3,47080
10452,4162,101,3,9720
10453,4162,169,4,29060
10454,4163,197,2,46900
10455,4163,83,5,46980
10456,4163,37,1,39410
10457,4164,67,1,42420
10458,4165,44,5,47760
10459,4165,78,4,39340
10460,4165,40,4,49790
10461,4166,85,1,42420
10462,4166,66,1,30020
10463,4166,127,5,8310
10464,4167,196,3,23000
10465,4167,125,1,32710
10466,4167,154,1,45860
10467,4167,176,3,640
10468,4168,116,2,8830
10469,4168,12,4,24510
10470,4168,192,4,38710
10471,4168,158,2,30990
10472,4169,12,5,24510
10473,4169,191,1,21630
10474,4169,33,1,26010
10475,4170,171,4,40970
10476,4170,20,1,18180
10477,4170,119,4,30050
10478,4171,70,4,39590
10479,4171,180,1,41970
10480,4172,28,1,23450
10481,4172,106,2,39590
10482,4173,4,5,48070
10483,4173,192,5,38710
10484,4173,125,2,32710
10485,4174,99,3,39080
10486,4175,124,4,25220
10487,4175,83,3,46980
10488,4175,46,3,45280
10489,4176,184,2,41260
10490,4176,129,2,4360
10491,4177,126,1,18920
10492,4177,176,3,640
10493,4177,129,1,4360
10494,4177,87,4,7120
10495,4178,134,3,49990
10496,4178,131,4,38730
10497,4178,18,1,17440
10498,4178,89,3,14070
10499,4179,107,4,48350
10500,4179,174,4,29260
10501,4179,21,5,16010
10502,4180,12,4,24510
10503,4180,145,2,32470
10504,4180,62,4,3360
10505,4181,105,3,43500
10506,4181,164,5,29020
10507,4181,4,3,48070
10508,4182,31,1,25140
10509,4182,179,1,22600
10510,4182,106,2,39590
10511,4183,151,4,37350
10512,4183,86,2,46270
10513,4184,34,3,490
10514,4184,67,1,42420
10515,4185,96,5,1450
10516,4185,102,4,10770
10517,4186,152,2,480
10518,4187,38,4,29480
10519,4188,190,4,21370
10520,4188,80,5,20060
10521,4188,143,4,120
10522,4188,195,5,30590
10523,4189,135,5,32920
10524,4189,124,5,25220
10525,4189,147,4,5720
10526,4190,22,4,46570
10527,4190,147,2,5720
10528,4191,89,2,14070
10529,4192,161,2,39580
10530,4192,14,4,10190
10531,4192,67,5,42420
10532,4192,182,2,4530
10533,4193,196,5,23000
10534,4193,89,1,14070
10535,4194,65,1,14340
10536,4194,35,2,18240
10537,4194,61,4,38570
10538,4194,2,3,32000
10539,4195,151,1,37350
10540,4195,184,4,41260
10541,4195,197,4,46900
10542,4195,3,2,580
10543,4196,193,5,30070
10544,4197,147,5,5720
10545,4198,63,1,42810
10546,4198,120,5,32650
10547,4198,175,3,9920
10548,4198,167,3,28110
10549,4199,100,4,3290
10550,4199,2,2,32000
10551,4200,50,4,38160
10552,4200,4,2,48070
10553,4201,107,3,48350
10554,4201,121,4,45320
10555,4201,53,4,13680
10556,4202,101,3,9720
10557,4202,159,2,20020
10558,4202,188,5,31180
10559,4203,17,1,25060
10560,4203,1,1,35570
10561,4203,77,2,9380
10562,4204,121,1,45320
10563,4204,53,2,13680
10564,4205,79,5,13300
10565,4205,197,2,46900
10566,4206,78,3,39340
10567,4206,178,2,25930
10568,4206,98,2,49700
10569,4206,53,3,13680
10570,4207,21,2,16010
10571,4207,30,1,37010
10572,4207,143,2,120
10573,4207,132,5,7320
10574,4208,176,4,640
10575,4209,130,2,530
10576,4209,171,1,40970
10577,4209,106,5,39590
10578,4210,52,1,41230
10579,4210,167,1,28110
10580,4210,171,1,40970
10581,4211,129,1,4360
10582,4211,196,4,23000
10583,4212,155,4,24200
10584,4212,8,4,31340
10585,4212,54,4,36650
10586,4212,164,4,29020
10587,4213,101,5,9720
10588,4213,167,3,28110
10589,4214,45,2,48430
10590,4214,130,2,530
10591,4214,19,4,11760
10592,4214,167,3,28110
10593,4215,87,2,7120
10594,4215,3,4,580
10595,4215,50,5,38160
10596,4216,184,2,41260
10597,4217,8,3,31340
10598,4217,58,2,5240
10599,4217,126,3,18920
10600,4218,171,1,40970
10601,4218,191,2,21630
10602,4219,182,3,4530
10603,4219,65,2,14340
10604,4220,177,1,39600
10605,4220,85,5,42420
10606,4220,107,3,48350
10607,4220,116,1,8830
10608,4221,14,4,10190
10609,4221,95,5,31670
10610,4222,143,2,120
10611,4222,16,4,44100
10612,4222,117,3,48050
10613,4222,18,2,17440
10614,4223,160,5,37840
10615,4223,75,1,29770
10616,4223,139,5,23520
10617,4224,41,5,11560
10618,4224,186,2,42550
10619,4224,154,5,45860
10620,4225,2,1,32000
10621,4225,183,3,39280
10622,4226,71,5,41210
10623,4227,114,5,680
10624,4227,128,1,32910
10625,4227,106,2,39590
10626,4227,69,4,29000
10627,4228,105,3,43500
10628,4229,106,2,39590
10629,4229,89,2,14070
10630,4229,36,4,29540
10631,4229,131,1,38730
10632,4230,169,5,29060
10633,4230,69,1,29000
10634,4230,182,2,4530
10635,4231,144,3,22700
10636,4231,68,2,18350
10637,4231,149,3,28610
10638,4232,118,4,44010
10639,4232,123,1,45550
10640,4232,105,2,43500
10641,4233,88,1,49780
10642,4233,161,5,39580
10643,4233,5,1,29400
10644,4233,199,3,19410
10645,4234,185,4,14410
10646,4234,103,5,190
10647,4234,191,2,21630
10648,4235,54,3,36650
10649,4235,145,5,32470
10650,4236,99,1,39080
10651,4236,4,5,48070
10652,4237,23,4,37880
10653,4237,40,1,49790
10654,4237,164,4,29020
10655,4238,28,2,23450
10656,4238,144,4,22700
10657,4238,199,1,19410
10658,4238,84,5,13720
10659,4239,137,1,14450
10660,4239,11,2,44800
10661,4239,113,1,42900
10662,4239,35,2,18240
10663,4240,141,1,19070
10664,4240,26,2,40010
10665,4241,195,5,30590
10666,4242,102,4,10770
10667,4242,123,2,45550
10668,4242,110,1,23300
10669,4242,57,2,18020
10670,4243,58,5,5240
10671,4243,76,2,18960
10672,4243,199,4,19410
10673,4243,65,3,14340
10674,4244,124,1,25220
10675,4244,1,5,35570
10676,4244,118,1,44010
10677,4244,164,3,29020
10678,4245,169,2,29060
10679,4245,84,5,13720
10680,4245,126,4,18920
10681,4245,74,4,12400
10682,4246,9,4,38920
10683,4246,82,2,11130
10684,4246,67,5,42420
10685,4246,101,2,9720
10686,4247,101,3,9720
10687,4248,152,3,480
10688,4249,109,5,39180
10689,4249,141,4,19070
10690,4249,168,2,14720
10691,4250,194,3,34820
10692,4251,137,3,14450
10693,4251,32,2,46430
10694,4251,15,1,47010
10695,4251,42,2,21660
10696,4252,109,2,39180
10697,4252,108,3,34950
10698,4253,127,1,8310
10699,4253,200,1,31300
10700,4253,131,5,38730
10701,4254,133,1,18260
10702,4254,14,1,10190
10703,4254,79,3,13300
10704,4255,32,1,46430
10705,4255,81,1,47080
10706,4255,156,1,42140
10707,4255,120,1,32650
10708,4256,9,4,38920
10709,4257,133,3,18260
10710,4257,130,3,530
10711,4258,113,3,42900
10712,4258,195,4,30590
10713,4258,182,3,4530
10714,4258,60,2,42520
10715,4259,193,1,30070
10716,4259,147,5,5720
10717,4259,60,5,42520
10718,4259,163,3,18930
10719,4260,54,1,36650
10720,4261,148,1,23400
10721,4261,97,5,41410
10722,4261,128,2,32910
10723,4262,28,1,23450
10724,4262,52,3,41230
10725,4263,33,3,26010
10726,4263,170,2,22140
10727,4263,139,3,23520
10728,4264,27,1,10600
10729,4265,51,3,7510
10730,4266,192,3,38710
10731,4266,4,2,48070
10732,4266,148,5,23400
10733,4267,17,5,25060
10734,4267,47,4,44310
10735,4267,81,5,47080
10736,4268,187,2,780
10737,4269,64,5,47500
10738,4269,143,4,120
10739,4270,120,4,32650
10740,4270,100,2,3290
10741,4270,111,5,33570
10742,4270,10,5,18110
10743,4271,19,3,11760
10744,4271,52,1,41230
10745,4271,200,2,31300
10746,4272,141,3,19070
10747,4272,56,3,39700
10748,4272,137,2,14450
10749,4272,119,1,30050
10750,4273,131,2,38730
10751,4274,62,5,3360
10752,4274,42,2,21660
10753,4274,177,5,39600
10754,4274,194,4,34820
10755,4275,47,4,44310
10756,4276,63,4,42810
10757,4276,131,1,38730
10758,4276,43,3,1620
10759,4276,2,3,32000
10760,4277,142,3,3050
10761,4278,57,2,18020
10762,4279,20,4,18180
10763,4280,15,4,47010
10764,4280,88,4,49780
10765,4280,113,4,42900
10766,4280,115,1,25970
10767,4281,181,5,18290
10768,4281,171,5,40970
10769,4282,196,2,23000
10770,4282,9,1,38920
10771,4283,136,3,23560
10772,4283,114,4,680
10773,4284,9,5,38920
10774,4284,92,2,21760
10775,4284,129,2,4360
10776,4285,54,4,36650
10777,4286,97,4,41410
10778,4287,136,2,23560
10779,4287,124,3,25220
10780,4287,29,5,15950
10781,4287,153,4,33450
10782,4288,97,3,41410
10783,4288,83,4,46980
10784,4289,49,4,48400
10785,4290,148,3,23400
10786,4290,107,3,48350
10787,4290,123,1,45550
10788,4291,81,3,47080
10789,4291,59,2,19270
10790,4291,116,3,8830
10791,4292,185,5,14410
10792,4292,77,2,9380
10793,4292,174,3,29260
10794,4292,133,2,18260
10795,4293,168,1,14720
10796,4293,155,5,24200
10797,4293,147,3,5720
10798,4293,13,1,45440
10799,4294,29,3,15950
10800,4295,122,3,14740
10801,4295,64,1,47500
10802,4295,60,3,42520
10803,4295,140,4,49210
10804,4296,74,1,12400
10805,4296,189,3,26750
10806,4296,108,1,34950
10807,4296,127,4,8310
10808,4297,156,5,42140
10809,4298,130,2,530
10810,4298,189,1,26750
10811,4299,67,3,42420
10812,4299,112,1,540
10813,4300,195,3,30590
10814,4300,125,5,32710
10815,4301,14,3,10190
10816,4301,64,4,47500
10817,4301,161,2,39580
10818,4301,77,2,9380
10819,4302,200,5,31300
10820,4302,139,2,23520
10821,4303,77,3,9380
10822,4303,160,2,37840
10823,4304,197,1,46900
10824,4304,83,3,46980
10825,4304,116,1,8830
10826,4305,87,5,7120
10827,4305,185,2,14410
10828,4305,121,4,45320
10829,4306,138,1,970
10830,4306,140,2,49210
10831,4307,69,2,29000
10832,4307,174,4,29260
10833,4308,97,1,41410
10834,4309,198,5,18820
10835,4309,42,4,21660
10836,4309,184,5,41260
10837,4309,177,4,39600
10838,4310,124,2,25220
10839,4310,107,2,48350
10840,4310,186,4,42550
10841,4311,54,5,36650
10842,4312,167,5,28110
10843,4312,72,4,13660
10844,4312,121,2,45320
10845,4313,135,1,32920
10846,4313,25,5,8140
10847,4313,147,2,5720
10848,4313,49,2,48400
10849,4314,24,2,23910
10850,4314,198,2,18820
10851,4314,183,2,39280
10852,4315,196,4,23000
10853,4316,90,5,49320
10854,4316,62,3,3360
10855,4317,129,3,4360
10856,4318,88,1,49780
10857,4318,95,5,31670
10858,4318,72,5,13660
10859,4319,82,5,11130
10860,4319,138,2,970
10861,4320,67,1,42420
10862,4321,60,3,42520
10863,4322,58,5,5240
10864,4322,8,2,31340
10865,4322,52,4,41230
10866,4322,41,4,11560
10867,4323,84,3,13720
10868,4323,171,5,40970
10869,4324,79,4,13300
10870,4325,93,5,37240
10871,4325,114,5,680
10872,4325,26,4,40010
10873,4325,110,2,23300
10874,4326,50,2,38160
10875,4327,16,2,44100
10876,4327,135,5,32920
10877,4327,107,4,48350
10878,4328,99,2,39080
10879,4328,75,3,29770
10880,4328,161,4,39580
10881,4329,13,5,45440
10882,4329,176,2,640
10883,4329,175,2,9920
10884,4329,135,1,32920
10885,4330,93,4,37240
10886,4330,140,2,49210
10887,4331,102,2,10770
10888,4331,120,4,32650
10889,4331,171,2,40970
10890,4332,102,2,10770
10891,4333,5,3,29400
10892,4333,142,4,3050
10893,4334,27,4,10600
10894,4335,191,2,21630
10895,4335,101,5,9720
10896,4336,61,2,38570
10897,4337,80,3,20060
10898,4337,156,4,42140
10899,4337,13,3,45440
10900,4337,132,5,7320
10901,4338,162,1,5630
10902,4339,62,2,3360
10903,4339,66,1,30020
10904,4339,167,2,28110
10905,4339,182,1,4530
10906,4340,183,1,39280
10907,4341,106,4,39590
10908,4341,61,2,38570
10909,4341,197,2,46900
10910,4341,97,5,41410
10911,4342,93,1,37240
10912,4342,82,3,11130
10913,4342,79,1,13300
10914,4343,117,2,48050
10915,4343,158,2,30990
10916,4343,97,5,41410
10917,4344,20,1,18180
10918,4344,196,5,23000
10919,4344,27,3,10600
10920,4345,21,4,16010
10921,4345,10,1,18110
10922,4345,98,1,49700
10923,4345,188,2,31180
10924,4346,2,1,32000
10925,4346,76,1,18960
10926,4346,108,4,34950
10927,4346,152,3,480
10928,4347,52,5,41230
10929,4347,131,1,38730
10930,4347,163,4,18930
10931,4348,80,1,20060
10932,4348,72,1,13660
10933,4349,100,5,3290
10934,4349,161,3,39580
10935,4349,126,3,18920
10936,4349,140,4,49210
10937,4350,38,4,29480
10938,4350,20,3,18180
10939,4351,46,3,45280
10940,4352,55,5,46490
10941,4352,199,5,19410
10942,4353,89,3,14070
10943,4353,69,1,29000
10944,4354,20,4,18180
10945,4354,18,2,17440
10946,4354,165,5,890
10947,4354,4,5,48070
10948,4355,7,1,7180
10949,4355,44,3,47760
10950,4355,63,1,42810
10951,4356,112,5,540
10952,4356,114,3,680
10953,4356,25,2,8140
10954,4356,65,2,14340
10955,4357,199,4,19410
10956,4357,32,1,46430
10957,4358,117,3,48050
10958,4358,148,3,23400
10959,4358,195,3,30590
10960,4359,44,5,47760
10961,4360,75,5,29770
10962,4360,193,2,30070
10963,4361,2,5,32000
10964,4361,47,5,44310
10965,4362,92,2,21760
10966,4363,131,5,38730
10967,4364,36,4,29540
10968,4364,29,5,15950
10969,4364,113,1,42900
10970,4365,41,4,11560
10971,4366,43,1,1620
10972,4366,86,4,46270
10973,4366,12,2,24510
10974,4366,84,2,13720
10975,4367,192,2,38710
10976,4367,154,5,45860
10977,4367,17,3,25060
10978,4368,14,2,10190
10979,4368,64,3,47500
10980,4369,190,2,21370
10981,4370,65,2,14340
10982,4370,154,5,45860
10983,4370,102,2,10770
10984,4370,39,5,45290
10985,4371,76,2,18960
10986,4371,13,4,45440
10987,4371,195,4,30590
10988,4372,66,5,30020
10989,4372,54,5,36650
10990,4372,153,3,33450
10991,4373,188,3,31180
10992,4373,144,5,22700
10993,4374,49,2,48400
10994,4375,134,4,49990
10995,4376,25,4,8140
10996,4376,74,2,12400
10997,4376,143,2,120
10998,4377,132,3,7320
10999,4378,86,1,46270
11000,4379,172,1,19920
11001,4379,131,3,38730
11002,4379,127,5,8310
11003,4380,81,1,47080
11004,4381,55,4,46490
11005,4381,120,2,32650
11006,4382,16,5,44100
11007,4383,124,3,25220
11008,4384,66,2,30020
11009,4384,121,5,45320
11010,4384,147,1,5720
11011,4385,121,1,45320
11012,4386,65,2,14340
11013,4386,183,3,39280
11014,4386,3,3,580
11015,4386,8,4,31340
11016,4387,136,4,23560
11017,4387,102,2,10770
11018,4387,85,4,42420
11019,4388,200,4,31300
11020,4388,72,4,13660
11021,4388,154,4,45860
11022,4389,114,2,680
11023,4390,101,1,9720
11024,4390,97,3,41410
11025,4391,68,5,18350
11026,4391,27,1,10600
11027,4391,38,5,29480
11028,4391,2,1,32000
11029,4392,112,5,540
11030,4392,133,2,18260
11031,4393,92,5,21760
11032,4393,34,5,490
11033,4394,2,5,32000
11034,4394,79,2,13300
11035,4394,56,3,39700
11036,4395,103,1,190
11037,4396,102,3,10770
11038,4396,156,4,42140
11039,4397,96,4,1450
11040,4397,34,5,490
11041,4397,177,3,39600
11042,4397,111,5,33570
11043,4398,56,1,39700
11044,4399,51,1,7510
11045,4399,103,4,190
11046,4399,121,3,45320
11047,4399,134,2,49990
11048,4400,166,2,23630
11049,4400,142,3,3050
11050,4400,18,2,17440
11051,4401,99,5,39080
11052,4401,69,2,29000
11053,4401,41,5,11560
11054,4401,157,2,47190
11055,4402,54,5,36650
11056,4403,62,2,3360
11057,4403,154,4,45860
11058,4403,94,1,5730
11059,4404,49,5,48400
11060,4404,47,4,44310
11061,4404,154,2,45860
11062,4405,181,1,18290
11063,4405,8,3,31340
11064,4405,24,5,23910
11065,4406,185,3,14410
11066,4406,78,4,39340
11067,4406,117,2,48050
11068,4406,85,4,42420
11069,4407,10,5,18110
11070,4407,71,1,41210
11071,4407,195,5,30590
11072,4407,151,4,37350
11073,4408,137,3,14450
11074,4408,18,4,17440
11075,4408,155,3,24200
11076,4408,80,5,20060
11077,4409,116,1,8830
11078,4409,60,1,42520
11079,4409,157,2,47190
11080,4409,99,3,39080
11081,4410,88,4,49780
11082,4411,103,5,190
11083,4411,139,1,23520
11084,4412,133,1,18260
11085,4413,29,4,15950
11086,4413,181,3,18290
11087,4413,173,4,18870
11088,4414,55,2,46490
11089,4414,9,1,38920
11090,4414,122,5,14740
11091,4415,170,4,22140
11092,4415,117,5,48050
11093,4415,18,5,17440
11094,4415,174,1,29260
11095,4416,82,2,11130
11096,4416,130,4,530
11097,4416,119,2,30050
11098,4416,47,3,44310
11099,4417,31,1,25140
11100,4418,138,5,970
11101,4418,85,4,42420
11102,4418,113,4,42900
11103,4419,38,4,29480
11104,4420,123,5,45550
11105,4420,178,1,25930
11106,4420,41,5,11560
11107,4421,198,1,18820
11108,4421,151,2,37350
11109,4422,195,5,30590
11110,4422,144,5,22700
11111,4422,160,3,37840
11112,4422,165,2,890
11113,4423,148,1,23400
11114,4423,173,5,18870
11115,4423,150,4,18630
11116,4424,164,5,29020
11117,4425,26,3,40010
11118,4425,185,5,14410
11119,4425,179,3,22600
11120,4426,50,2,38160
11121,4426,120,1,32650
11122,4426,183,3,39280
11123,4427,117,2,48050
11124,4427,107,1,48350
11125,4428,95,4,31670
11126,4428,145,1,32470
11127,4428,104,4,34560
11128,4429,112,5,540
11129,4430,66,1,30020
11130,4430,141,3,19070
11131,4430,182,3,4530
11132,4431,2,1,32000
11133,4432,10,4,18110
11134,4432,114,1,680
11135,4432,95,2,31670
11136,4433,199,1,19410
11137,4433,32,4,46430
11138,4434,199,5,19410
11139,4434,11,4,44800
11140,4434,114,2,680
11141,4435,135,5,32920
11142,4435,190,5,21370
11143,4435,42,3,21660
11144,4435,46,3,45280
11145,4436,117,3,48050
11146,4436,53,3,13680
11147,4437,148,3,23400
11148,4437,190,1,21370
11149,4437,154,5,45860
11150,4437,39,4,45290
11151,4438,106,3,39590
11152,4438,105,3,43500
11153,4439,188,5,31180
11154,4439,94,2,5730
11155,4439,131,4,38730
11156,4439,119,1,30050
11157,4440,180,3,41970
11158,4441,151,2,37350
11159,4441,191,3,21630
11160,4442,111,4,33570
11161,4443,31,4,25140
11162,4443,143,1,120
11163,4443,83,1,46980
11164,4443,50,4,38160
11165,4444,58,3,5240
11166,4444,180,1,41970
11167,4444,6,2,23840
11168,4445,97,3,41410
11169,4445,16,1,44100
11170,4445,12,2,24510
11171,4446,105,4,43500
11172,4447,120,1,32650
11173,4447,91,4,14990
11174,4447,38,1,29480
11175,4447,123,2,45550
11176,4448,148,4,23400
11177,4448,181,1,18290
11178,4448,189,4,26750
11179,4448,177,4,39600
11180,4449,190,1,21370
11181,4449,84,4,13720
11182,4450,46,2,45280
11183,4450,179,5,22600
11184,4450,118,5,44010
11185,4451,177,3,39600
11186,4452,132,1,7320
11187,4452,141,4,19070
11188,4453,119,4,30050
11189,4453,102,1,10770
11190,4453,35,2,18240
11191,4453,43,3,1620
11192,4454,64,2,47500
11193,4454,19,5,11760
11194,4454,102,1,10770
11195,4455,131,3,38730
11196,4455,80,4,20060
11197,4455,108,2,34950
11198,4456,108,4,34950
11199,4456,14,4,10190
11200,4456,73,5,42250
11201,4457,168,2,14720
11202,4457,12,4,24510
11203,4458,101,1,9720
11204,4459,182,1,4530
11205,4459,180,2,41970
11206,4459,90,4,49320
11207,4460,61,3,38570
11208,4461,180,5,41970
11209,4462,58,1,5240
11210,4462,24,4,23910
11211,4462,35,4,18240
11212,4462,40,4,49790
11213,4463,104,1,34560
11214,4463,83,3,46980
11215,4463,74,2,12400
11216,4463,168,2,14720
11217,4464,41,1,11560
11218,4464,161,4,39580
11219,4464,167,5,28110
11220,4465,57,2,18020
11221,4465,86,5,46270
11222,4465,58,4,5240
11223,4466,120,5,32650
11224,4467,94,5,5730
11225,4468,62,5,3360
11226,4469,86,4,46270
11227,4470,48,2,30060
11228,4470,30,4,37010
11229,4471,143,4,120
11230,4471,194,3,34820
11231,4471,168,3,14720
11232,4471,144,3,22700
11233,4472,35,3,18240
11234,4472,105,1,43500
11235,4472,29,1,15950
11236,4473,3,3,580
11237,4473,189,4,26750
11238,4473,90,1,49320
11239,4473,171,3,40970
11240,4474,160,1,37840
11241,4474,96,5,1450
11242,4475,137,1,14450
11243,4475,127,2,8310
11244,4475,69,2,29000
11245,4475,75,3,29770
11246,4476,168,4,14720
11247,4476,45,5,48430
11248,4476,82,2,11130
11249,4476,144,4,22700
11250,4477,81,1,47080
11251,4477,111,1,33570
11252,4478,166,3,23630
11253,4478,48,1,30060
11254,4478,86,3,46270
11255,4478,171,1,40970
11256,4479,195,3,30590
11257,4479,151,1,37350
11258,4479,194,5,34820
11259,4479,115,2,25970
11260,4480,134,2,49990
11261,4480,65,1,14340
11262,4480,151,2,37350
11263,4480,86,4,46270
11264,4481,69,3,29000
11265,4481,196,3,23000
11266,4482,172,1,19920
11267,4483,109,2,39180
11268,4483,177,3,39600
11269,4483,41,4,11560
11270,4483,29,1,15950
11271,4484,71,3,41210
11272,4484,175,2,9920
11273,4484,97,4,41410
11274,4484,20,3,18180
11275,4485,39,2,45290
11276,4485,37,3,39410
11277,4486,11,1,44800
11278,4486,190,1,21370
11279,4486,174,1,29260
11280,4486,131,3,38730
11281,4487,43,5,1620
11282,4488,19,3,11760
11283,4488,158,1,30990
11284,4488,143,5,120
11285,4488,138,5,970
11286,4489,64,3,47500
11287,4489,115,5,25970
11288,4489,197,1,46900
11289,4490,103,1,190
11290,4490,132,4,7320
11291,4491,3,1,580
11292,4491,187,5,780
11293,4492,83,5,46980
11294,4493,85,5,42420
11295,4494,140,1,49210
11296,4495,5,3,29400
11297,4495,50,1,38160
11298,4495,56,3,39700
11299,4496,142,1,3050
11300,4497,87,4,7120
11301,4498,88,5,49780
11302,4498,165,4,890
11303,4499,163,2,18930
11304,4500,200,2,31300
11305,4501,25,4,8140
11306,4502,146,2,16500
11307,4502,78,1,39340
11308,4502,108,2,34950
11309,4502,6,3,23840
11310,4503,115,2,25970
11311,4503,109,5,39180
11312,4503,199,1,19410
11313,4503,67,2,42420
11314,4504,145,4,32470
11315,4504,135,2,32920
11316,4504,49,1,48400
11317,4505,69,3,29000
11318,4505,160,5,37840
11319,4505,131,3,38730
11320,4505,144,5,22700
11321,4506,45,4,48430
11322,4507,149,2,28610
11323,4508,63,2,42810
11324,4509,186,3,42550
11325,4510,95,4,31670
11326,4510,107,1,48350
11327,4510,176,4,640
11328,4510,91,4,14990
11329,4511,126,1,18920
11330,4511,132,2,7320
11331,4511,162,1,5630
11332,4512,148,1,23400
11333,4512,160,3,37840
11334,4512,89,2,14070
11335,4513,75,3,29770
11336,4513,167,3,28110
11337,4513,26,1,40010
11338,4513,102,5,10770
11339,4514,37,3,39410
11340,4514,186,2,42550
11341,4514,181,2,18290
11342,4514,145,2,32470
11343,4515,6,2,23840
11344,4515,121,3,45320
11345,4516,99,4,39080
11346,4516,66,1,30020
11347,4516,25,2,8140
11348,4516,48,5,30060
11349,4517,200,3,31300
11350,4517,93,3,37240
11351,4517,126,5,18920
11352,4518,31,3,25140
11353,4518,130,5,530
11354,4518,191,2,21630
11355,4518,4,5,48070
11356,4519,80,5,20060
11357,4519,10,2,18110
11358,4520,70,2,39590
11359,4520,163,4,18930
11360,4520,72,5,13660
11361,4521,145,1,32470
11362,4521,140,5,49210
11363,4521,131,2,38730
11364,4522,111,5,33570
11365,4523,96,2,1450
11366,4523,98,3,49700
11367,4523,157,5,47190
11368,4523,51,4,7510
11369,4524,118,2,44010
11370,4524,112,2,540
11371,4525,107,2,48350
11372,4525,138,1,970
11373,4526,121,2,45320
11374,4526,88,3,49780
11375,4527,137,2,14450
11376,4528,87,5,7120
11377,4528,163,1,18930
11378,4528,121,2,45320
11379,4529,132,1,7320
11380,4529,5,4,29400
11381,4530,21,2,16010
11382,4530,174,5,29260
11383,4530,7,3,7180
11384,4530,108,3,34950
11385,4531,35,4,18240
11386,4532,69,3,29000
11387,4532,117,2,48050
11388,4532,58,3,5240
11389,4533,165,3,890
11390,4534,160,1,37840
11391,4534,19,2,11760
11392,4535,62,1,3360
11393,4535,189,5,26750
11394,4536,170,5,22140
11395,4536,192,1,38710
11396,4536,110,4,23300
11397,4536,120,4,32650
11398,4537,191,2,21630
11399,4537,66,1,30020
11400,4537,121,1,45320
11401,4537,124,1,25220
11402,4538,76,1,18960
11403,4539,131,2,38730
11404,4539,65,4,14340
11405,4540,101,1,9720
11406,4540,5,5,29400
11407,4541,121,3,45320
11408,4541,183,2,39280
11409,4541,122,2,14740
11410,4541,159,3,20020
11411,4542,35,2,18240
11412,4542,84,5,13720
11413,4543,158,2,30990
11414,4543,34,3,490
11415,4544,93,4,37240
11416,4544,196,4,23000
11417,4545,198,3,18820
11418,4545,47,4,44310
11419,4545,117,3,48050
11420,4545,65,1,14340
11421,4546,28,5,23450
11422,4546,169,5,29060
11423,4547,48,3,30060
11424,4547,24,5,23910
11425,4547,26,3,40010
11426,4548,9,2,38920
11427,4548,59,5,19270
11428,4548,183,2,39280
11429,4548,97,5,41410
11430,4549,183,5,39280
11431,4549,197,5,46900
11432,4549,137,3,14450
11433,4549,126,2,18920
11434,4550,195,3,30590
11435,4551,85,5,42420
11436,4551,177,5,39600
11437,4551,161,2,39580
11438,4551,178,3,25930
11439,4552,115,1,25970
11440,4552,193,4,30070
11441,4552,122,5,14740
11442,4553,175,2,9920
11443,4553,151,5,37350
11444,4554,62,1,3360
11445,4554,34,2,490
11446,4554,166,3,23630
11447,4555,105,4,43500
11448,4555,21,5,16010
11449,4555,108,3,34950
11450,4556,192,5,38710
11451,4556,114,1,680
11452,4556,166,5,23630
11453,4556,116,5,8830
11454,4557,56,1,39700
11455,4557,184,2,41260
11456,4557,107,5,48350
11457,4557,192,3,38710
11458,4558,200,5,31300
11459,4558,164,2,29020
11460,4558,84,1,13720
11461,4559,183,5,39280
11462,4560,192,2,38710
11463,4560,113,3,42900
11464,4560,45,1,48430
11465,4561,159,3,20020
11466,4562,55,4,46490
11467,4562,127,2,8310
11468,4562,125,4,32710
11469,4562,147,2,5720
11470,4563,91,5,14990
11471,4563,75,4,29770
11472,4563,197,4,46900
11473,4563,145,5,32470
11474,4564,182,4,4530
11475,4565,35,1,18240
11476,4565,6,5,23840
11477,4566,6,1,23840
11478,4567,191,3,21630
11479,4568,130,4,530
11480,4568,105,5,43500
11481,4569,102,2,10770
11482,4570,22,3,46570
11483,4570,83,5,46980
11484,4570,126,3,18920
11485,4571,65,5,14340
11486,4572,145,4,32470
11487,4573,26,1,40010
11488,4573,162,5,5630
11489,4573,179,1,22600
11490,4573,172,1,19920
11491,4574,162,4,5630
11492,4574,91,2,14990
11493,4574,132,3,7320
11494,4575,169,4,29060
11495,4575,45,3,48430
11496,4576,109,2,39180
11497,4576,90,5,49320
11498,4576,181,3,18290
11499,4576,169,5,29060
11500,4577,12,1,24510
11501,4577,89,4,14070
11502,4578,151,4,37350
11503,4579,191,1,21630
11504,4579,85,2,42420
11505,4580,66,2,30020
11506,4580,53,3,13680
11507,4581,111,3,33570
11508,4581,119,4,30050
11509,4582,128,2,32910
11510,4582,114,4,680
11511,4582,55,3,46490
11512,4582,65,5,14340
11513,4583,83,1,46980
11514,4583,13,1,45440
11515,4583,53,3,13680
11516,4583,171,5,40970
11517,4584,154,4,45860
11518,4584,24,4,23910
11519,4584,66,1,30020
11520,4584,1,2,35570
11521,4585,106,1,39590
11522,4586,124,3,25220
11523,4587,101,4,9720
11524,4587,182,3,4530
11525,4587,106,4,39590
11526,4587,155,2,24200
11527,4588,118,1,44010
11528,4589,75,2,29770
11529,4589,197,3,46900
11530,4590,109,1,39180
11531,4590,129,2,4360
11532,4590,169,2,29060
11533,4590,63,3,42810
11534,4591,100,3,3290
11535,4591,147,2,5720
11536,4592,84,4,13720
11537,4592,137,4,14450
11538,4592,115,2,25970
11539,4593,187,5,780
11540,4593,3,1,580
11541,4593,122,1,14740
11542,4594,46,5,45280
11543,4594,134,3,49990
11544,4594,177,4,39600
11545,4594,58,4,5240
11546,4595,186,1,42550
11547,4595,107,2,48350
11548,4595,192,4,38710
11549,4596,67,5,42420
11550,4597,169,2,29060
11551,4597,104,1,34560
11552,4598,46,3,45280
11553,4598,113,3,42900
11554,4598,86,2,46270
11555,4598,101,5,9720
11556,4599,150,3,18630
11557,4600,162,5,5630
11558,4601,101,1,9720
11559,4601,103,1,190
11560,4601,56,4,39700
11561,4602,100,1,3290
11562,4602,38,1,29480
11563,4603,174,3,29260
11564,4603,20,1,18180
11565,4603,100,4,3290
11566,4604,190,3,21370
11567,4604,183,5,39280
11568,4604,166,1,23630
11569,4604,15,1,47010
11570,4605,190,3,21370
11571,4605,168,2,14720
11572,4606,192,5,38710
11573,4606,162,4,5630
11574,4606,172,3,19920
11575,4606,64,2,47500
11576,4607,161,3,39580
11577,4607,42,5,21660
11578,4607,196,5,23000
11579,4607,153,4,33450
11580,4608,118,3,44010
11581,4608,121,3,45320
11582,4608,179,3,22600
11583,4608,16,5,44100
11584,4609,122,1,14740
11585,4610,178,5,25930
11586,4610,151,4,37350
11587,4611,84,3,13720
11588,4612,123,1,45550
11589,4612,3,2,580
11590,4613,56,1,39700
11591,4613,199,2,19410
11592,4614,101,5,9720
11593,4614,131,2,38730
11594,4615,68,1,18350
11595,4615,108,2,34950
11596,4615,6,4,23840
11597,4615,41,5,11560
11598,4616,20,4,18180
11599,4616,93,1,37240
11600,4616,128,2,32910
11601,4617,135,3,32920
11602,4618,180,3,41970
11603,4618,161,1,39580
11604,4619,106,4,39590
11605,4619,193,4,30070
11606,4619,22,3,46570
11607,4620,143,2,120
11608,4620,154,2,45860
11609,4620,41,3,11560
11610,4621,34,3,490
11611,4621,177,5,39600
11612,4621,140,4,49210
11613,4622,112,2,540
11614,4623,171,2,40970
11615,4624,141,2,19070
11616,4624,200,5,31300
11617,4625,61,2,38570
11618,4625,92,5,21760
11619,4626,135,3,32920
11620,4626,157,2,47190
11621,4626,128,3,32910
11622,4626,27,5,10600
11623,4627,77,5,9380
11624,4627,125,3,32710
11625,4627,41,4,11560
11626,4627,106,3,39590
11627,4628,71,1,41210
11628,4628,174,4,29260
11629,4628,93,2,37240
11630,4628,83,5,46980
11631,4629,27,1,10600
11632,4629,195,1,30590
11633,4630,186,5,42550
11634,4630,176,5,640
11635,4630,13,1,45440
11636,4631,81,3,47080
11637,4631,104,1,34560
11638,4631,190,3,21370
11639,4631,80,5,20060
11640,4632,167,1,28110
11641,4633,136,1,23560
11642,4633,3,5,580
11643,4633,28,5,23450
11644,4634,125,3,32710
11645,4634,153,4,33450
11646,4634,126,4,18920
11647,4634,67,1,42420
11648,4635,115,5,25970
11649,4635,137,4,14450
11650,4636,50,4,38160
11651,4636,99,3,39080
11652,4636,163,2,18930
11653,4636,76,2,18960
11654,4637,77,4,9380
11655,4637,114,3,680
11656,4638,59,2,19270
11657,4638,51,2,7510
11658,4638,123,4,45550
11659,4638,148,2,23400
11660,4639,158,1,30990
11661,4640,1,4,35570
11662,4640,47,3,44310
11663,4640,56,2,39700
11664,4641,63,3,42810
11665,4641,74,2,12400
11666,4641,81,1,47080
11667,4641,13,5,45440
11668,4642,3,1,580
11669,4642,82,3,11130
11670,4642,163,4,18930
11671,4643,193,1,30070
11672,4643,107,5,48350
11673,4644,165,5,890
11674,4644,145,1,32470
11675,4644,110,3,23300
11676,4644,42,3,21660
11677,4645,116,1,8830
11678,4645,61,5,38570
11679,4645,105,5,43500
11680,4645,97,3,41410
11681,4646,156,5,42140
11682,4647,113,3,42900
11683,4648,185,3,14410
11684,4648,60,2,42520
11685,4648,100,5,3290
11686,4648,112,4,540
11687,4649,135,5,32920
11688,4649,116,5,8830
11689,4649,77,3,9380
11690,4650,116,1,8830
11691,4650,30,5,37010
11692,4650,63,5,42810
11693,4651,68,4,18350
11694,4651,186,1,42550
11695,4651,154,4,45860
11696,4652,145,2,32470
11697,4652,82,3,11130
11698,4653,65,2,14340
11699,4653,123,4,45550
11700,4653,124,2,25220
11701,4653,72,1,13660
11702,4654,57,3,18020
11703,4654,130,5,530
11704,4655,114,5,680
11705,4655,95,1,31670
11706,4655,99,5,39080
11707,4655,19,5,11760
11708,4656,86,5,46270
11709,4656,96,2,1450
11710,4656,127,2,8310
11711,4656,152,2,480
11712,4657,164,1,29020
11713,4658,83,5,46980
11714,4659,82,3,11130
11715,4660,190,2,21370
11716,4660,30,4,37010
11717,4660,113,3,42900
11718,4661,73,5,42250
11719,4661,9,1,38920
11720,4661,83,5,46980
11721,4662,71,2,41210
11722,4662,78,3,39340
11723,4663,33,1,26010
11724,4663,169,2,29060
11725,4663,190,2,21370
11726,4663,121,5,45320
11727,4664,64,4,47500
11728,4664,15,3,47010
11729,4665,52,2,41230
11730,4665,96,3,1450
11731,4666,81,1,47080
11732,4666,150,5,18630
11733,4666,172,4,19920
11734,4666,139,2,23520
11735,4667,187,1,780
11736,4667,181,5,18290
11737,4668,1,4,35570
11738,4668,135,3,32920
11739,4668,126,4,18920
11740,4668,144,5,22700
11741,4669,200,4,31300
11742,4669,180,2,41970
11743,4670,109,4,39180
11744,4670,64,4,47500
11745,4670,13,2,45440
11746,4670,151,5,37350
11747,4671,112,4,540
11748,4671,99,1,39080
11749,4672,169,3,29060
11750,4672,146,3,16500
11751,4672,128,1,32910
11752,4672,129,1,4360
11753,4673,72,1,13660
11754,4673,94,4,5730
11755,4673,170,2,22140
11756,4674,41,1,11560
11757,4674,157,1,47190
11758,4674,187,1,780
11759,4674,198,4,18820
11760,4675,182,2,4530
11761,4675,47,4,44310
11762,4676,38,2,29480
11763,4676,115,3,25970
11764,4676,133,3,18260
11765,4677,61,3,38570
11766,4677,5,1,29400
11767,4677,86,3,46270
11768,4677,160,4,37840
11769,4678,31,3,25140
11770,4678,18,2,17440
11771,4678,118,5,44010
11772,4678,114,5,680
11773,4679,43,5,1620
11774,4679,72,1,13660
11775,4679,164,5,29020
11776,4679,81,5,47080
11777,4680,172,3,19920
11778,4680,9,1,38920
11779,4680,130,4,530
11780,4680,129,3,4360
11781,4681,196,5,23000
11782,4681,52,1,41230
11783,4681,177,3,39600
11784,4682,190,3,21370
11785,4682,101,5,9720
11786,4683,37,5,39410
11787,4683,112,3,540
11788,4683,134,1,49990
11789,4683,56,4,39700
11790,4684,90,1,49320
11791,4685,12,5,24510
11792,4685,105,4,43500
11793,4686,47,5,44310
11794,4686,17,1,25060
11795,4686,200,3,31300
11796,4686,33,4,26010
11797,4687,142,1,3050
11798,4687,116,2,8830
11799,4688,134,5,49990
11800,4688,86,5,46270
11801,4688,58,2,5240
11802,4688,116,1,8830
11803,4689,186,3,42550
11804,4689,147,1,5720
11805,4689,44,2,47760
11806,4690,27,4,10600
11807,4690,123,2,45550
11808,4690,62,5,3360
11809,4690,1,1,35570
11810,4691,136,4,23560
11811,4691,56,5,39700
11812,4691,9,3,38920
11813,4692,109,5,39180
11814,4692,200,1,31300
11815,4693,114,4,680
11816,4693,42,4,21660
11817,4693,51,3,7510
11818,4693,138,4,970
11819,4694,103,4,190
11820,4695,96,4,1450
11821,4695,90,2,49320
11822,4695,145,3,32470
11823,4695,92,3,21760
11824,4696,1,3,35570
11825,4697,124,1,25220
11826,4697,169,3,29060
11827,4697,34,1,490
11828,4697,91,2,14990
11829,4698,177,5,39600
11830,4698,192,5,38710
11831,4698,137,5,14450
11832,4699,7,5,7180
11833,4700,84,2,13720
11834,4700,136,2,23560
11835,4700,115,3,25970
11836,4701,129,4,4360
11837,4701,75,2,29770
11838,4701,194,1,34820
11839,4701,93,5,37240
11840,4702,40,3,49790
11841,4703,5,3,29400
11842,4704,95,1,31670
11843,4705,189,2,26750
11844,4705,196,1,23000
11845,4705,78,4,39340
11846,4705,149,4,28610
11847,4706,134,1,49990
11848,4707,197,3,46900
11849,4707,175,3,9920
11850,4707,30,4,37010
11851,4707,23,4,37880
11852,4708,60,3,42520
11853,4709,181,3,18290
11854,4710,170,1,22140
11855,4710,168,1,14720
11856,4710,92,3,21760
11857,4710,12,3,24510
11858,4711,9,5,38920
11859,4711,165,2,890
11860,4711,142,2,3050
11861,4712,6,1,23840
11862,4712,104,4,34560
11863,4712,147,3,5720
11864,4712,160,5,37840
11865,4713,160,4,37840
11866,4713,62,3,3360
11867,4713,86,5,46270
11868,4714,174,2,29260
11869,4715,55,3,46490
11870,4715,144,4,22700
11871,4715,56,2,39700
11872,4715,104,2,34560
11873,4716,93,5,37240
11874,4716,84,1,13720
11875,4716,198,4,18820
11876,4717,135,2,32920
11877,4718,90,3,49320
11878,4718,17,2,25060
11879,4719,70,5,39590
11880,4719,166,4,23630
11881,4719,163,4,18930
11882,4720,172,1,19920
11883,4720,156,1,42140
11884,4721,67,3,42420
11885,4722,152,5,480
11886,4722,182,1,4530
11887,4723,180,5,41970
11888,4723,186,4,42550
11889,4723,141,4,19070
11890,4724,81,3,47080
11891,4724,27,1,10600
11892,4725,29,5,15950
11893,4725,190,5,21370
11894,4725,113,5,42900
11895,4725,14,4,10190
11896,4726,19,1,11760
11897,4726,128,5,32910
11898,4727,102,4,10770
11899,4728,58,1,5240
11900,4729,161,3,39580
11901,4729,140,4,49210
11902,4730,174,2,29260
11903,4731,94,1,5730
11904,4732,98,3,49700
11905,4733,67,2,42420
11906,4733,105,3,43500
11907,4733,99,4,39080
11908,4734,29,3,15950
11909,4734,40,2,49790
11910,4735,28,5,23450
11911,4735,33,5,26010
11912,4735,113,4,42900
11913,4735,104,4,34560
11914,4736,198,5,18820
11915,4736,42,3,21660
11916,4737,191,4,21630
11917,4737,164,3,29020
11918,4737,150,3,18630
11919,4737,80,1,20060
11920,4738,162,5,5630
11921,4739,31,2,25140
11922,4739,120,1,32650
11923,4739,60,3,42520
11924,4739,167,4,28110
11925,4740,109,1,39180
11926,4741,45,3,48430
11927,4741,98,3,49700
11928,4741,22,4,46570
11929,4742,107,3,48350
11930,4743,68,3,18350
11931,4744,95,2,31670
11932,4745,67,5,42420
11933,4745,73,2,42250
11934,4745,89,5,14070
11935,4745,175,4,9920
11936,4746,187,1,780
11937,4746,95,5,31670
11938,4746,66,1,30020
11939,4747,187,5,780
11940,4747,119,1,30050
11941,4748,153,4,33450
11942,4748,130,2,530
11943,4748,125,1,32710
11944,4749,141,4,19070
11945,4749,50,2,38160
11946,4750,84,2,13720
11947,4750,189,4,26750
11948,4750,43,4,1620
11949,4750,80,1,20060
11950,4751,73,3,42250
11951,4751,169,4,29060
11952,4751,174,3,29260
11953,4751,31,3,25140
11954,4752,44,4,47760
11955,4753,49,3,48400
11956,4754,73,3,42250
11957,4754,40,3,49790
11958,4755,99,2,39080
11959,4755,23,2,37880
11960,4755,143,4,120
11961,4756,23,5,37880
11962,4756,54,3,36650
11963,4757,177,3,39600
11964,4758,19,3,11760
11965,4758,3,3,580
11966,4758,148,2,23400
11967,4759,198,3,18820
11968,4759,37,1,39410
11969,4759,124,3,25220
11970,4760,139,5,23520
11971,4760,129,3,4360
11972,4760,164,5,29020
11973,4760,16,2,44100
11974,4761,113,2,42900
11975,4762,19,2,11760
11976,4762,39,3,45290
11977,4762,101,1,9720
11978,4762,49,2,48400
11979,4763,126,1,18920
11980,4763,136,2,23560
11981,4764,105,2,43500
11982,4764,121,4,45320
11983,4765,63,4,42810
11984,4765,40,2,49790
11985,4766,115,3,25970
11986,4766,185,4,14410
11987,4766,110,5,23300
11988,4766,113,3,42900
11989,4767,149,3,28610
11990,4768,138,4,970
11991,4768,115,3,25970
11992,4768,164,5,29020
11993,4768,181,2,18290
11994,4769,69,2,29000
11995,4769,156,1,42140
11996,4769,157,2,47190
11997,4770,126,2,18920
11998,4770,89,4,14070
11999,4770,164,4,29020
12000,4770,127,5,8310
12001,4771,182,3,4530
12002,4771,155,2,24200
12003,4771,2,4,32000
12004,4772,113,2,42900
12005,4772,166,1,23630
12006,4772,129,2,4360
12007,4772,54,1,36650
12008,4773,32,1,46430
12009,4773,183,4,39280
12010,4773,199,4,19410
12011,4773,53,5,13680
12012,4774,88,2,49780
12013,4775,11,5,44800
12014,4775,54,2,36650
12015,4775,142,2,3050
12016,4776,27,3,10600
12017,4776,168,1,14720
12018,4777,27,4,10600
12019,4778,72,2,13660
12020,4778,139,4,23520
12021,4778,3,2,580
12022,4778,41,5,11560
12023,4779,31,5,25140
12024,4780,129,5,4360
12025,4780,136,3,23560
12026,4781,19,3,11760
12027,4781,29,3,15950
12028,4782,145,5,32470
12029,4782,124,1,25220
12030,4783,125,1,32710
12031,4783,63,3,42810
12032,4783,67,5,42420
12033,4784,6,4,23840
12034,4785,4,2,48070
12035,4785,129,4,4360
12036,4785,108,3,34950
12037,4785,47,1,44310
12038,4786,102,4,10770
12039,4786,10,2,18110
12040,4786,37,2,39410
12041,4787,127,5,8310
12042,4787,142,2,3050
12043,4787,164,2,29020
12044,4788,27,2,10600
12045,4788,164,4,29020
12046,4788,141,1,19070
12047,4789,87,4,7120
12048,4789,12,2,24510
12049,4790,16,5,44100
12050,4791,9,4,38920
12051,4791,20,5,18180
12052,4791,83,5,46980
12053,4792,167,5,28110
12054,4792,5,5,29400
12055,4792,102,1,10770
12056,4792,35,1,18240
12057,4793,165,5,890
12058,4793,91,4,14990
12059,4793,48,4,30060
12060,4793,109,3,39180
12061,4794,137,2,14450
12062,4795,142,5,3050
12063,4795,24,2,23910
12064,4795,196,1,23000
12065,4795,101,3,9720
12066,4796,114,2,680
12067,4797,51,4,7510
12068,4797,14,1,10190
12069,4797,135,3,32920
12070,4797,176,2,640
12071,4798,50,5,38160
12072,4799,155,2,24200
12073,4800,14,3,10190
12074,4801,46,1,45280
12075,4801,102,2,10770
12076,4801,11,3,44800
12077,4801,124,4,25220
12078,4802,132,4,7320
12079,4802,84,5,13720
12080,4802,168,5,14720
12081,4803,17,2,25060
12082,4803,60,4,42520
12083,4804,137,3,14450
12084,4804,31,2,25140
12085,4805,153,2,33450
12086,4805,54,2,36650
12087,4806,172,3,19920
12088,4806,174,3,29260
12089,4806,45,1,48430
12090,4806,198,1,18820
12091,4807,152,2,480
12092,4807,172,5,19920
12093,4807,174,3,29260
12094,4808,198,1,18820
12095,4808,95,5,31670
12096,4808,75,5,29770
12097,4808,61,4,38570
12098,4809,93,4,37240
12099,4809,154,5,45860
12100,4809,69,1,29000
12101,4810,122,5,14740
12102,4811,189,4,26750
12103,4811,70,2,39590
12104,4812,106,4,39590
12105,4812,154,3,45860
12106,4812,134,3,49990
12107,4812,62,3,3360
12108,4813,72,3,13660
12109,4814,139,3,23520
12110,4814,127,1,8310
12111,4815,190,4,21370
12112,4816,9,2,38920
12113,4816,158,1,30990
12114,4816,149,4,28610
12115,4816,14,2,10190
12116,4817,162,1,5630
12117,4818,197,5,46900
12118,4818,93,5,37240
12119,4819,73,2,42250
12120,4820,61,3,38570
12121,4820,29,4,15950
12122,4821,68,1,18350
12123,4821,5,3,29400
12124,4821,30,4,37010
12125,4821,13,1,45440
12126,4822,159,2,20020
12127,4823,84,1,13720
12128,4823,48,4,30060
12129,4824,45,1,48430
12130,4824,99,5,39080
12131,4825,20,3,18180
12132,4825,100,2,3290
12133,4826,103,4,190
12134,4826,59,1,19270
12135,4826,60,3,42520
12136,4826,30,1,37010
12137,4827,49,1,48400
12138,4827,27,1,10600
12139,4828,22,5,46570
12140,4828,177,5,39600
12141,4828,115,3,25970
12142,4828,31,3,25140
12143,4829,190,1,21370
12144,4829,65,5,14340
12145,4829,12,5,24510
12146,4829,86,3,46270
12147,4830,142,1,3050
12148,4831,2,3,32000
12149,4832,198,3,18820
12150,4832,113,2,42900
12151,4832,60,4,42520
12152,4832,164,2,29020
12153,4833,154,4,45860
12154,4833,95,4,31670
12155,4833,23,2,37880
12156,4834,47,2,44310
12157,4834,68,1,18350
12158,4834,29,2,15950
12159,4835,135,4,32920
12160,4835,194,4,34820
12161,4836,14,4,10190
12162,4837,84,2,13720
12163,4837,191,3,21630
12164,4837,109,5,39180
12165,4837,6,2,23840
12166,4838,94,4,5730
12167,4838,115,4,25970
12168,4839,21,5,16010
12169,4839,171,1,40970
12170,4839,78,3,39340
12171,4840,22,2,46570
12172,4840,128,2,32910
12173,4840,87,4,7120
12174,4840,50,5,38160
12175,4841,178,2,25930
12176,4841,174,4,29260
12177,4841,197,1,46900
12178,4841,90,3,49320
12179,4842,134,5,49990
12180,4842,160,1,37840
12181,4842,181,4,18290
12182,4842,135,5,32920
12183,4843,26,1,40010
12184,4843,123,3,45550
12185,4844,24,1,23910
12186,4845,42,1,21660
12187,4845,186,2,42550
12188,4845,68,3,18350
12189,4846,94,4,5730
12190,4846,79,2,13300
12191,4846,107,1,48350
12192,4847,114,4,680
12193,4847,20,3,18180
12194,4848,147,1,5720
12195,4849,103,3,190
12196,4849,153,1,33450
12197,4849,83,5,46980
12198,4849,80,3,20060
12199,4850,190,1,21370
12200,4850,2,1,32000
12201,4850,50,1,38160
12202,4850,66,4,30020
12203,4851,23,1,37880
12204,4851,119,2,30050
12205,4851,8,1,31340
12206,4851,100,1,3290
12207,4852,173,2,18870
12208,4853,55,5,46490
12209,4853,137,1,14450
12210,4853,57,4,18020
12211,4853,24,2,23910
12212,4854,63,3,42810
12213,4855,151,3,37350
12214,4855,98,1,49700
12215,4855,92,1,21760
12216,4855,109,1,39180
12217,4856,171,3,40970
12218,4857,34,1,490
12219,4857,200,4,31300
12220,4857,103,5,190
12221,4858,75,1,29770
12222,4858,20,4,18180
12223,4859,53,2,13680
12224,4859,70,3,39590
12225,4859,196,1,23000
12226,4860,65,4,14340
12227,4861,75,4,29770
12228,4861,169,2,29060
12229,4861,102,3,10770
12230,4862,33,1,26010
12231,4862,59,4,19270
12232,4863,33,1,26010
12233,4863,191,4,21630
12234,4863,19,5,11760
12235,4864,103,5,190
12236,4864,15,5,47010
12237,4864,58,3,5240
12238,4865,161,3,39580
12239,4866,61,4,38570
12240,4866,72,4,13660
12241,4867,38,4,29480
12242,4867,17,3,25060
12243,4867,193,4,30070
12244,4868,84,2,13720
12245,4868,49,1,48400
12246,4868,195,4,30590
12247,4869,149,4,28610
12248,4869,81,1,47080
12249,4869,3,3,580
12250,4870,27,2,10600
12251,4870,25,4,8140
12252,4870,177,1,39600
12253,4871,165,3,890
12254,4871,173,4,18870
12255,4872,162,1,5630
12256,4872,27,4,10600
12257,4873,164,4,29020
12258,4874,148,4,23400
12259,4874,176,4,640
12260,4874,192,1,38710
12261,4874,83,1,46980
12262,4875,4,1,48070
12263,4875,71,3,41210
12264,4876,164,3,29020
12265,4876,73,4,42250
12266,4876,126,2,18920
12267,4877,69,2,29000
12268,4877,180,3,41970
12269,4878,64,4,47500
12270,4878,111,1,33570
12271,4878,195,1,30590
12272,4878,155,4,24200
12273,4879,40,1,49790
12274,4879,93,4,37240
12275,4879,62,3,3360
12276,4880,66,1,30020
12277,4881,122,1,14740
12278,4881,5,1,29400
12279,4882,160,5,37840
12280,4882,102,4,10770
12281,4882,143,3,120
12282,4883,189,5,26750
12283,4884,44,3,47760
12284,4884,145,3,32470
12285,4884,6,1,23840
12286,4885,124,5,25220
12287,4885,147,1,5720
12288,4885,40,5,49790
12289,4886,115,4,25970
12290,4886,187,4,780
12291,4886,40,5,49790
12292,4887,102,2,10770
12293,4888,74,4,12400
12294,4888,20,1,18180
12295,4889,153,3,33450
12296,4890,10,4,18110
12297,4890,177,2,39600
12298,4890,185,4,14410
12299,4891,131,5,38730
12300,4892,101,5,9720
12301,4893,23,1,37880
12302,4893,196,2,23000
12303,4894,118,5,44010
12304,4895,155,2,24200
12305,4895,36,2,29540
12306,4895,142,2,3050
12307,4896,21,3,16010
12308,4896,48,4,30060
12309,4897,128,2,32910
12310,4897,36,5,29540
12311,4897,89,3,14070
12312,4897,1,4,35570
12313,4898,109,2,39180
12314,4899,180,2,41970
12315,4899,30,3,37010
12316,4899,67,2,42420
12317,4899,24,4,23910
12318,4900,49,4,48400
12319,4900,37,2,39410
12320,4900,52,4,41230
12321,4900,81,3,47080
12322,4901,26,3,40010
12323,4901,174,2,29260
12324,4902,156,3,42140
12325,4903,9,5,38920
12326,4903,113,2,42900
12327,4904,67,5,42420
12328,4904,29,4,15950
12329,4904,95,1,31670
12330,4904,167,5,28110
12331,4905,37,3,39410
12332,4905,88,5,49780
12333,4905,13,2,45440
12334,4906,58,5,5240
12335,4906,165,3,890
12336,4906,1,3,35570
12337,4907,127,4,8310
12338,4907,156,3,42140
12339,4907,181,2,18290
12340,4907,58,4,5240
12341,4908,118,3,44010
12342,4908,150,4,18630
12343,4909,57,1,18020
12344,4909,134,4,49990
12345,4910,33,5,26010
12346,4911,22,3,46570
12347,4911,62,1,3360
12348,4912,169,1,29060
12349,4913,168,1,14720
12350,4913,54,1,36650
12351,4914,122,3,14740
12352,4915,96,1,1450
12353,4915,196,2,23000
12354,4916,104,5,34560
12355,4916,148,3,23400
12356,4916,72,1,13660
12357,4917,55,2,46490
12358,4917,36,2,29540
12359,4918,44,5,47760
12360,4918,9,4,38920
12361,4919,135,3,32920
12362,4919,193,4,30070
12363,4920,197,5,46900
12364,4921,54,2,36650
12365,4921,150,4,18630
12366,4921,27,1,10600
12367,4922,144,2,22700
12368,4922,113,4,42900
12369,4922,133,5,18260
12370,4923,32,1,46430
12371,4923,58,4,5240
12372,4924,36,1,29540
12373,4924,97,5,41410
12374,4925,159,5,20020
12375,4926,115,3,25970
12376,4926,18,1,17440
12377,4927,20,5,18180
12378,4927,115,3,25970
12379,4928,183,5,39280
12380,4928,154,2,45860
12381,4928,140,5,49210
12382,4929,51,4,7510
12383,4930,167,2,28110
12384,4930,113,5,42900
12385,4930,190,1,21370
12386,4931,58,2,5240
12387,4932,16,3,44100
12388,4932,172,4,19920
12389,4932,65,2,14340
12390,4932,148,3,23400
12391,4933,81,4,47080
12392,4933,79,4,13300
12393,4933,8,1,31340
12394,4934,83,2,46980
12395,4935,83,5,46980
12396,4935,167,2,28110
12397,4935,130,2,530
12398,4936,142,1,3050
12399,4936,186,5,42550
12400,4936,26,1,40010
12401,4937,145,2,32470
12402,4937,167,5,28110
12403,4938,15,5,47010
12404,4938,35,3,18240
12405,4938,187,4,780
12406,4939,152,3,480
12407,4939,142,5,3050
12408,4939,196,4,23000
12409,4939,43,3,1620
12410,4940,119,3,30050
12411,4940,18,4,17440
12412,4941,26,2,40010
12413,4941,83,1,46980
12414,4941,61,4,38570
12415,4942,98,4,49700
12416,4943,175,4,9920
12417,4943,127,2,8310
12418,4943,16,2,44100
12419,4943,166,1,23630
12420,4944,147,1,5720
12421,4945,179,3,22600
12422,4945,24,3,23910
12423,4945,27,2,10600
12424,4945,152,1,480
12425,4946,126,1,18920
12426,4946,53,2,13680
12427,4947,176,4,640
12428,4947,15,4,47010
12429,4947,59,5,19270
12430,4948,120,1,32650
12431,4949,125,2,32710
12432,4949,147,1,5720
12433,4950,25,1,8140
12434,4950,138,1,970
12435,4950,149,3,28610
12436,4950,36,3,29540
12437,4951,12,2,24510
12438,4951,123,1,45550
12439,4952,47,3,44310
12440,4952,70,2,39590
12441,4952,115,3,25970
12442,4952,178,4,25930
12443,4953,123,3,45550
12444,4953,63,3,42810
12445,4953,38,1,29480
12446,4954,85,5,42420
12447,4954,35,1,18240
12448,4954,148,3,23400
12449,4954,170,2,22140
12450,4955,113,2,42900
12451,4955,160,1,37840
12452,4955,163,4,18930
12453,4955,31,2,25140
12454,4956,160,3,37840
12455,4957,141,2,19070
12456,4957,170,3,22140
12457,4957,155,3,24200
12458,4957,6,1,23840
12459,4958,146,5,16500
12460,4959,139,3,23520
12461,4959,192,4,38710
12462,4959,68,3,18350
12463,4959,72,4,13660
12464,4960,187,4,780
12465,4961,76,3,18960
12466,4961,48,3,30060
12467,4961,9,1,38920
12468,4962,22,3,46570
12469,4962,95,4,31670
12470,4962,177,4,39600
12471,4963,3,1,580
12472,4963,145,1,32470
12473,4963,45,4,48430
12474,4964,81,2,47080
12475,4964,154,1,45860
12476,4964,189,1,26750
12477,4964,153,1,33450
12478,4965,66,1,30020
12479,4965,161,3,39580
12480,4966,90,5,49320
12481,4967,100,4,3290
12482,4968,147,1,5720
12483,4969,70,3,39590
12484,4969,111,5,33570
12485,4969,92,3,21760
12486,4970,13,1,45440
12487,4971,76,1,18960
12488,4972,75,4,29770
12489,4973,92,4,21760
12490,4973,65,4,14340
12491,4973,160,5,37840
12492,4974,76,5,18960
12493,4974,188,4,31180
12494,4975,44,1,47760
12495,4975,93,3,37240
12496,4975,105,5,43500
12497,4976,73,4,42250
12498,4976,102,2,10770
12499,4977,114,1,680
12500,4977,109,2,39180
12501,4977,16,5,44100
12502,4978,179,4,22600
12503,4979,190,5,21370
12504,4979,21,1,16010
12505,4979,23,2,37880
12506,4980,99,3,39080
12507,4981,175,3,9920
12508,4981,169,1,29060
12509,4982,95,5,31670
12510,4983,155,2,24200
12511,4983,6,1,23840
12512,4983,79,3,13300
12513,4984,113,1,42900
12514,4985,66,3,30020
12515,4985,19,4,11760
12516,4985,162,4,5630
12517,4985,111,4,33570
12518,4986,198,1,18820
12519,4986,26,2,40010
12520,4987,180,1,41970
12521,4987,64,5,47500
12522,4988,103,3,190
12523,4988,121,3,45320
12524,4988,15,4,47010
12525,4988,42,1,21660
12526,4989,131,4,38730
12527,4989,66,5,30020
12528,4989,75,4,29770
12529,4989,72,3,13660
12530,4990,195,5,30590
12531,4990,165,2,890
12532,4990,130,3,530
12533,4991,22,2,46570
12534,4991,171,2,40970
12535,4991,139,5,23520
12536,4992,23,2,37880
12537,4993,162,3,5630
12538,4993,33,4,26010
12539,4993,70,5,39590
12540,4993,191,2,21630
12541,4994,192,1,38710
12542,4994,184,3,41260
12543,4994,84,3,13720
12544,4994,148,5,23400
12545,4995,6,3,23840
12546,4995,2,4,32000
12547,4995,148,3,23400
12548,4996,104,2,34560
12549,4996,61,3,38570
12550,4996,149,5,28610
12551,4997,144,2,22700
12552,4997,5,4,29400
12553,4997,165,4,890
12554,4997,123,4,45550
12555,4998,66,4,30020
12556,4998,147,5,5720
12557,4998,121,1,45320
12558,4998,53,3,13680
12559,4999,71,3,41210
12560,4999,38,1,29480
12561,5000,138,4,970
